-- phpMyAdmin SQL Dump
-- version 4.9.5
-- https://www.phpmyadmin.net/
--
-- Host: localhost:3306
-- Generation Time: Jun 17, 2020 at 12:16 AM
-- Server version: 5.6.47
-- PHP Version: 7.3.6

SET SQL_MODE = "NO_AUTO_VALUE_ON_ZERO";
SET AUTOCOMMIT = 0;
START TRANSACTION;
SET time_zone = "+00:00";


/*!40101 SET @OLD_CHARACTER_SET_CLIENT=@@CHARACTER_SET_CLIENT */;
/*!40101 SET @OLD_CHARACTER_SET_RESULTS=@@CHARACTER_SET_RESULTS */;
/*!40101 SET @OLD_COLLATION_CONNECTION=@@COLLATION_CONNECTION */;
/*!40101 SET NAMES utf8mb4 */;

--
-- Database: `mets1_mets`
--

-- --------------------------------------------------------

--
-- Table structure for table `admin_details`
--

CREATE TABLE `admin_details` (
  `id` int(11) NOT NULL,
  `admin_name` varchar(255) NOT NULL,
  `admin_pass` varchar(255) NOT NULL
) ENGINE=MyISAM DEFAULT CHARSET=latin1;

--
-- Dumping data for table `admin_details`
--

INSERT INTO `admin_details` (`id`, `admin_name`, `admin_pass`) VALUES
(1, 'admin', 'metsadmin@)13');

-- --------------------------------------------------------

--
-- Table structure for table `booking_details`
--

CREATE TABLE `booking_details` (
  `booking_id` int(11) NOT NULL,
  `booking_name` varchar(255) CHARACTER SET latin1 NOT NULL,
  `nationality` varchar(255) CHARACTER SET latin1 NOT NULL,
  `nric_passport_no` varchar(255) CHARACTER SET latin1 NOT NULL,
  `phone` varchar(100) CHARACTER SET latin1 NOT NULL,
  `email` varchar(255) CHARACTER SET latin1 NOT NULL,
  `address` text CHARACTER SET latin1 NOT NULL,
  `noks_name` varchar(255) CHARACTER SET latin1 NOT NULL,
  `noks_phone` varchar(255) CHARACTER SET latin1 NOT NULL,
  `course_id` int(11) NOT NULL,
  `course_training_id` int(11) NOT NULL,
  `registering_as` varchar(255) CHARACTER SET latin1 NOT NULL,
  `voucher_code` varchar(255) CHARACTER SET latin1 NOT NULL,
  `groupon_security_code` varchar(255) CHARACTER SET latin1 NOT NULL,
  `created_date` date NOT NULL,
  `course_name` varchar(255) CHARACTER SET latin1 NOT NULL,
  `preferred_date` varchar(255) CHARACTER SET latin1 NOT NULL,
  `amount` float NOT NULL,
  `payable_amount` float NOT NULL,
  `booking_status` enum('Y','N') CHARACTER SET latin1 NOT NULL DEFAULT 'N',
  `ts` timestamp NOT NULL DEFAULT CURRENT_TIMESTAMP
) ENGINE=MyISAM DEFAULT CHARSET=utf8;

--
-- Dumping data for table `booking_details`
--

INSERT INTO `booking_details` (`booking_id`, `booking_name`, `nationality`, `nric_passport_no`, `phone`, `email`, `address`, `noks_name`, `noks_phone`, `course_id`, `course_training_id`, `registering_as`, `voucher_code`, `groupon_security_code`, `created_date`, `course_name`, `preferred_date`, `amount`, `payable_amount`, `booking_status`, `ts`) VALUES
(8967083, 'Deepesh', 'India', 'N12355', '65588888', 'deepesh.ms@gmail.com', '', '', '', 0, 0, 'Full-time Student/NSF', '', '', '2018-02-12', 'PPCDL under MCC', '', 320, 320, 'N', '2018-02-12 03:47:20'),
(8967084, 'test', 'test', 's12345678d', '92987828', 'tyeefun@gaapy.com', '', '', '', 2, 263, 'FAVE', '', '', '2018-02-12', 'PPCDL under MCC', '26 - 28 Feb (Week Days)', 168, 168, 'Y', '2018-02-12 03:48:07'),
(8967067, 'test', 'Singapore', 's12345678d', '62214312', 'test@test.com', '12 Marina Boulevard #17-01 MBFC Tower 3', 'test', '62214312', 2, 262, 'Working Adult', '', '', '2018-01-22', 'PPCDL under MCC', '03 - 10 Feb (Wk End)', 0, 0, 'N', '2018-01-22 05:37:31'),
(8967068, 'FDGF', 'DGDFG', 'FGG', 'FGDGGDF', 'GFDGDG@GMAIL.COM', '', '', 'GGDFGFDG', 2, 261, 'Full-time Student/NSF', '', '', '2018-01-25', 'PPCDL under MCC', '29 - 31 Jan (Week Days)', 0, 0, 'N', '2018-01-25 05:58:24'),
(8967104, 'Sunday Elijah Ogundele', 'Nigerian', 'A05509422', '+2349022322911', 'sundayogundele3@gmail.com', '', '', '', 0, 0, 'Working Adult', '', '', '2018-06-13', 'PPCDL under MCC', '23 - 25 July', 400, 400, 'N', '2018-06-13 10:32:03'),
(8967070, 'test', 'test', 's12345678d', '87778394', 'test@test.com', '', '', '87778394', 2, 262, 'Working Adult', '', '', '2018-01-31', 'PPCDL under MCC', '03 - 10 Feb (Wk End)', 400, 400, 'N', '2018-01-31 03:16:02'),
(8967071, 'test', 'test', 's12345678d', '87778394', 'test@test.com', '', '', '87778394', 0, 0, 'Working Adult', '', '', '2018-01-31', 'PPCDL under MCC', '03 - 10 Feb (Wk End)', 400, 400, 'N', '2018-01-31 03:16:24'),
(8967072, 'test', 'test', 's12345678d', '87778394', 'test@test.com', '', '', '87778394', 0, 0, 'Working Adult', '', '', '2018-01-31', 'PPCDL under MCC', '03 - 10 Feb (Wk End)', 400, 400, 'N', '2018-01-31 03:17:41'),
(8967085, 'test', 'test', 's98765432C', '12345678', 'test@test.com', '', '', '', 0, 0, 'Working Adult', '', '', '2018-03-19', 'PPCDL under MCC', '23-25 APr', 400, 400, 'N', '2018-03-19 03:00:01'),
(8967086, 'test', 'test', 's98765432C', '12345678', 'test@test.com', '', '', '', 0, 0, 'FAVE', '', '', '2018-03-19', 'PPCDL under MCC', '23-25 APr', 168, 168, 'Y', '2018-03-19 03:01:19'),
(8967087, 'Deepesh', 'India', 'N123', '9847420261', 'deepesh@vbis.in', '', '', '', 0, 0, 'Full-time Student/NSF', '', '', '2018-04-05', 'PPCDL under MCC', '17-02-2018', 320, 320, 'N', '2018-04-05 09:04:32'),
(8967088, 'Deepesh', 'India', 'N123', '9847420261', 'INFO@VBIS.IN', '', '', '', 0, 0, 'Full-time Student/NSF', '', '', '2018-04-26', 'PPCDL under MCC', '17-02-2018', 0.01, 0.01, 'N', '2018-04-26 05:29:28'),
(8967089, 'student yeefun', 'Singapore', 's98765432C', '92987828', 'tyeefun@gaapy.com', '', '', '', 2, 265, 'Full-time Student/NSF', '', '', '2018-04-27', 'PPCDL under MCC', '11 - 13 May (Wk End)', 0.01, 0.01, 'Y', '2018-04-27 02:52:38'),
(8967103, 'Liang Zhiwei', 'Singaporean', 'S8437358c', '6582331635', 'magzac84@hotmail.com', '', '', '', 2, 267, 'Working Adult', '', '', '2018-06-13', 'PPCDL under MCC', '23 - 25 Jul (Week Days)', 400, 400, 'N', '2018-06-13 04:20:18'),
(8967116, 'Wong Kin Sin', 'Singaporean', 'S8611115B', '6596958709', 'kinkykin@gmail.com', '', '', '', 0, 0, 'FAVE', '', '', '2018-06-25', 'PPCDL under MCC', '20-22 Aug', 168, 168, 'Y', '2018-06-25 14:46:17'),
(8967090, 'group yeefun one', 'Singapore', 's98765432C', '12345678', 'tyeefun@gaapy.com', '', '', '', 2, 265, 'Group of 3 or more', '', '', '2018-04-27', 'PPCDL under MCC', '11 - 13 May (Wk End)', 0.1, 0.1, 'N', '2018-04-27 02:59:38'),
(8967091, 'group yeefun one', 'Singapore', 's98765432C', '12345678', 'tyeefun@gaapy.com', '', '', '', 0, 0, 'Group of 3 or more', '', '', '2018-04-27', 'PPCDL under MCC', '11 - 13 May (Wk End)', 0.1, 0.1, 'N', '2018-04-27 03:00:52'),
(8967092, 'group yeefun one', 'Singapore', 's98765432C', '12345678', 'tyeefun@gaapy.com', '', '', '', 0, 0, 'Group of 3 or more', '', '', '2018-04-27', 'PPCDL under MCC', '11 - 13 May (Wk End)', 0.1, 0.1, 'N', '2018-04-27 03:02:26'),
(8967093, 'working yeefun', 'Singapore', 's98765432C', '12345678', 'tyeefun@gaapy.com', '', '', '', 0, 0, 'Working Adult', '', '', '2018-04-27', 'PPCDL under MCC', '11 - 13 May (Wk End)', 0.1, 0.1, 'Y', '2018-04-27 03:06:48'),
(8967094, 'Deepesh', 'MS', '1111', '9999', 'DEEPESH.MS@GMAIL.COM', '', '', '', 0, 0, 'Group of 3 or more', '', '', '2018-05-02', 'PPCDL under MCC', '17-02-2018', 360, 360, 'N', '2018-05-02 04:54:43'),
(8967095, 'Deepesh', 'MS', '1111', '9999', 'DEEPESH.MS@GMAIL.COM', '', '', '', 0, 0, 'Group of 3 or more', '', '', '2018-05-02', 'PPCDL under MCC', '17-02-2018', 360, 360, 'N', '2018-05-02 04:55:21'),
(8967096, 'Deepesh', 'MS', '1111', '9999', 'DEEPESH.MS@GMAIL.COM', '', '', '', 0, 0, 'Group of 3 or more', '', '', '2018-05-02', 'PPCDL under MCC', '17-02-2018', 360, 360, 'N', '2018-05-02 04:56:08'),
(8967097, 'Deepesh', 'MS', '1111', '9999', 'DEEPESH.MS@GMAIL.COM', '', '', '', 0, 0, 'Group of 3 or more', '', '', '2018-05-02', 'PPCDL under MCC', '17-02-2018', 0, 0, 'N', '2018-05-02 05:04:40'),
(8967098, 'Deepesh', 'MS', '1111', '9999', 'DEEPESH.MS@GMAIL.COM', '', '', '', 0, 0, 'Group of 3 or more', '', '', '2018-05-02', 'PPCDL under MCC', '17-02-2018', 360, 360, 'N', '2018-05-02 05:06:33'),
(8967099, 'Deepesh', 'MS', '1111', '9999', 'DEEPESH.MS@GMAIL.COM', '', '', '', 0, 0, 'Group of 3 or more', '', '', '2018-05-02', 'PPCDL under MCC', '17-02-2018', 360, 360, 'N', '2018-05-02 05:08:06'),
(8967100, 'Deepesh', 'MS', '111133', '9999333', 'DEEPESH.MS@GMAIL.COM', '', '', '', 0, 0, 'Group of 3 or more', '', '', '2018-05-02', 'PPCDL under MCC', '17-02-2018', 360, 360, 'N', '2018-05-02 05:08:48'),
(8967101, 'Akhil', 'India', '123456', '123456', 'akhil@akhil.com', '', '', '', 0, 0, 'Group of 3 or more', '', '', '2018-05-02', 'PPCDL under MCC', '17-02-2018', 360, 360, 'N', '2018-05-02 05:10:27'),
(8967102, 'test', 'test', 'test', '11111', 'test@test.com', '', '', '', 0, 0, '', '', '', '2018-05-03', 'Other courses', '', 0, 0, 'N', '2018-05-03 06:12:45'),
(8967117, 'Liang Yunfeng', 'China', 'S7784472D', '65+96605766', 'briceliang@hotmail.com', '', '', '', 2, 266, 'FAVE', '', '', '2018-06-26', 'PPCDL under MCC', '07 - 14 Jul (Wk End)', 168, 168, 'Y', '2018-06-26 02:35:46'),
(8967118, 'Yip Shee Wai Kenny', 'Singaporean', 'S7411382F', '97475754', 'crankykenyip@gmail.com', '', '', '', 2, 267, 'FAVE', '', '', '2018-06-26', 'PPCDL under MCC', '23 - 25 Jul (Week Days)', 168, 168, 'Y', '2018-06-26 08:53:28'),
(8967115, 'Yeo Boon Huat', 'Singapore', 'S7837420I', '81214096', 'benimmyeo@gmail.com', '', '', '', 2, 270, 'FAVE', '', '', '2018-06-22', 'PPCDL under MCC', '20 - 22 Aug (Week Days)', 168, 168, 'Y', '2018-06-22 12:23:53'),
(8967108, 'He Liwei', 'Singaporean', 'S8203653I', '96230638', 'laimeidy@gmail.com', '', '', '', 0, 0, 'FAVE', '', '', '2018-06-22', 'PPCDL under MCC', '20 - 22 Aug', 168, 168, 'Y', '2018-06-22 04:08:41'),
(8967109, 'Fahry Bensufyan Mohamed Taufik', 'Singaporean', 'S9420940D', '+6592349375', 'fahry@megaway.com.sg', '', '', '', 2, 0, 'FAVE', '', '', '2018-06-22', 'PPCDL under MCC', '23 - 25 Jul (Week Days)', 168, 168, 'Y', '2018-06-22 04:09:35'),
(8967119, 'FONG KAI TUCK', 'SINGAPORE', 'S9413532Z', '+6598251143', 'kaituck@yahoo.com.sg', '', '', '', 2, 270, 'FAVE', '', '', '2018-06-27', 'PPCDL under MCC', '20 - 22 Aug (Week Days)', 168, 168, 'Y', '2018-06-27 08:07:52'),
(8967130, 'Joshua Michael Didier', 'American', 'G1836784Q', '+65 84435772', 'DidierJM@state.gov', '', '', '', 2, 270, 'Working Adult', '', '', '2018-07-20', 'PPCDL under MCC', '20 - 22 Aug (Week Days)', 400, 400, 'N', '2018-07-20 04:43:44'),
(8967121, 'Khairul Anwar Sahari', 'Singaporean', 'S8626500A', '81012498', 'World_damnation@live.com', '', '', '', 0, 0, 'FAVE', '', '', '2018-06-28', 'PPCDL under MCC', '23 - 25 Jul (Week Days)', 168, 168, 'Y', '2018-06-28 05:43:55'),
(8967122, 'Muhammad Ashiq Bin Rahim', 'Singaporean', 'S8536304B', '+6586120614', 'wallad_har@hotmail.com', '', '', '', 2, 269, 'FAVE', '', '', '2018-07-03', 'PPCDL under MCC', '04 - 11 Aug (Wk End)', 168, 168, 'Y', '2018-07-03 01:39:41'),
(8967123, 'SHAFIRUL BIN SAAD', 'SINGAPOREAN', 'S8849686H', '+6594759729', 'odd.wild@live.com.sg', '', '', '', 2, 270, 'Working Adult', '', '', '2018-07-09', 'PPCDL under MCC', '20 - 22 Aug (Week Days)', 400, 400, 'N', '2018-07-09 04:51:16'),
(8967124, 'simon lee song bo', 'singaporean', 's8072587f', '92978866', 'freemanalltheway@hotmail.com', '', '', '', 2, 267, 'FAVE', '', '', '2018-07-11', 'PPCDL under MCC', '23 - 25 Jul (Week Days)', 168, 168, 'Y', '2018-07-11 06:49:46'),
(8967125, 'He Liwei', 'Singapore', 'S8203653I', '6596230638', 'laimeidy@gmail.com', '', '', '', 0, 0, 'FAVE', '', '', '2018-07-13', 'PPCDL under MCC', '20-22 Aug', 168, 168, 'Y', '2018-07-13 02:58:08'),
(8967126, 'Khairul Anwar Sahari', 'Singaporean', 'S8626500A', '81012498', 'World_damnation@live.com', '', '', '', 0, 0, 'FAVE', '', '', '2018-07-13', 'PPCDL under MCC', '23 - 25 Jul (Week Days)', 168, 168, 'Y', '2018-07-13 05:04:34'),
(8967127, 'Khairul Anwar Sahari', 'Singaporean', 'S8626500A', '81012498', 'World_damnation@live.com', '', '', '', 0, 0, 'FAVE', '', '', '2018-07-13', 'PPCDL under MCC', '23 - 25 Jul (Week Days)', 168, 168, 'Y', '2018-07-13 05:06:04'),
(8967128, 'Khairul Anwar Sahari', 'Singaporean', 'S8626500A', '81012498', 'World_damnation@live.com', '', '', '', 0, 0, 'FAVE', '', '', '2018-07-13', 'PPCDL under MCC', '23 - 25 Jul (Week Days)', 168, 168, 'Y', '2018-07-13 06:21:10'),
(8967129, 'Martin Tok Sui Chuan', 'Singaporean', 'S7837275C', '+6597603421', 'msctok@yahoo.com', '', '', '', 2, 269, 'FAVE', '', '', '2018-07-17', 'PPCDL under MCC', '04 - 11 Aug (Wk End)', 168, 168, 'Y', '2018-07-17 09:18:46'),
(8967133, 'Chng Cheng Yi Samantha', 'Singaporean', 'S9231959H', '96806443', 'samanthachng@gmail.com', '', '', '', 2, 270, 'FAVE', '', '', '2018-08-02', 'PPCDL under MCC', '20 - 22 Aug (Week Days)', 168, 168, 'Y', '2018-08-02 02:49:20'),
(8967132, 'Lim Jun Xiang', 'Singapore', 'T0121472H', '+65 96717695', 'Primesaeko@gmail.com', '', '', '', 2, 269, 'FAVE', '', '', '2018-07-22', 'PPCDL under MCC', '04 - 11 Aug (Wk End)', 0, 0, 'Y', '2018-07-22 15:32:03'),
(8967134, 'Dillion Chua Hong Bin', 'Singaporean', 'S9290242J', '97426365', 'dilli_92@hotmail.com', '', '', '', 0, 0, 'FAVE', '', '', '2018-08-07', 'PPCDL under MCC', '20-22 Aug 2018', 168, 168, 'Y', '2018-08-07 05:01:25'),
(8967135, 'Dillion Chua', 'Singaporean', 'S9290242J', '97426365', 'dilli_92@hotmail.com', '', '', '', 2, 270, 'FAVE', '', '', '2018-08-07', 'PPCDL under MCC', '20 - 22 Aug (Week Days)', 168, 168, 'Y', '2018-08-07 05:03:18'),
(8967136, 'He Liwei', 'Singaporean', 'S8203653I', '6596230638', 'laimeidy@gmail.com', '', '', '', 0, 0, 'FAVE', '', '', '2018-08-14', 'PPCDL under MCC', '20-22 Aug', 168, 168, 'Y', '2018-08-14 06:54:45'),
(8967137, 'Wong Kin Sin', 'Singaporean', 'S8611115B', '6596958709', 'kinkykin@gmail.com', '', '', '', 0, 0, 'FAVE', '', '', '2018-08-17', 'PPCDL under MCC', '20-22 Aug', 168, 168, 'Y', '2018-08-17 07:19:57'),
(8967138, 'VALLATHAN GOPI', 'INDIAN', 'S7568769I', '98812428', 'gopi@jeneric.com.sg', '', '', '', 2, 274, 'FAVE', '', '', '2018-09-03', 'PPCDL under MCC', '06 - 13 Oct (Wk End)', 168, 168, 'Y', '2018-09-03 08:20:47'),
(8967139, 'Lee Seck Kwoon', 'Singaporean', 'S7833728A', '+65 97824969', 'seckkwoon.lee@gmail.com', '', '', '', 2, 275, 'FAVE', '', '', '2018-10-01', 'PPCDL under MCC', '22 - 24 Oct (Week Days)', 168, 168, 'Y', '2018-10-01 03:46:09'),
(8967140, 'Hairulnizam Bin Abdul Rahman', 'Singaporean', 'S7735108f', '+6584443114', 'hairule@gmail.com', '', '', '', 2, 275, 'Working Adult', '', '', '2018-10-10', 'PPCDL under MCC', '22 - 24 Oct (Week Days)', 400, 400, 'Y', '2018-10-10 05:51:22'),
(8967141, 'Hairulnizam Bin Abdul Rahman', 'Singaporean', 'S7735108f', '84443114', 'hairule@gmail.com', '', '', '', 0, 0, 'Working Adult', '', '', '2018-10-10', 'PPCDL under MCC', '22 - 24 Oct (Week Days)', 400, 400, 'N', '2018-10-10 23:35:04'),
(8967142, 'Yeo Kang Rou Coral', 'Singaporean', 'S8715063A', '+6592359534', 'coral-r33f@hotmail.com', '', '', '', 2, 275, 'FAVE', '', '', '2018-10-11', 'PPCDL under MCC', '22 - 24 Oct (Week Days)', 168, 168, 'Y', '2018-10-11 00:05:16'),
(8967143, 'Vigneshwaran S/O R Supuramany', 'Singaporean', 'S7515300G', '+6592984008', 'vicky.waran22@gmail.com', '', '', '', 0, 0, 'FAVE', '', '', '2018-10-12', 'PPCDL under MCC', '22-24 Oct', 168, 168, 'Y', '2018-10-12 05:19:29'),
(8967144, 'Natalia Aubrey Toh Wan Ting', 'Singaporean', 'S9048943G', '+6565078114', 'nattiesailor@gmail.com', '', '', '', 2, 276, 'FAVE', '', '', '2018-10-17', 'PPCDL under MCC', '10 - 17 Nov (Wk End)', 168, 168, 'Y', '2018-10-17 10:37:29'),
(8967145, 'Vigneshwaran S/O R Supuramany', 'Singaporean', 'S7515300G', '+6592984008', 'vicky.waran22@gmail.com', '', '', '', 2, 275, 'FAVE', '', '', '2018-10-19', 'PPCDL under MCC', '22 - 24 Oct (Week Days)', 168, 168, 'Y', '2018-10-19 12:32:31'),
(8967147, 'Hidayat Bin Hamzah', 'Singaporean', 'S7917722I', '83333379', 'harlequinnmc@gmail.com', '', '', '', 2, 277, 'Working Adult', '', '', '2018-10-26', 'PPCDL under MCC', '26 - 28 Nov (Week Days)', 400, 400, 'N', '2018-10-26 16:15:20'),
(8967148, 'Mohamed Helmi Bin Sabari', 'Singaporean', 'S7600981C', '96713703', 'harlequinnmc@gmail.com', '', '', '', 2, 277, 'Working Adult', '', '', '2018-10-26', 'PPCDL under MCC', '26 - 28 Nov (Week Days)', 400, 400, 'Y', '2018-10-26 16:18:23'),
(8967149, 'Hidayat Bin Hamzah', 'Singaporean', 'S7917722I', '83333379', 'harlequinnmc@gmail.com', '', '', '', 2, 277, 'Working Adult', '', '', '2018-10-26', 'PPCDL under MCC', '26 - 28 Nov (Week Days)', 400, 400, 'Y', '2018-10-26 16:22:30'),
(8967154, 'NG YEW HENG ANDRE IRVIN', 'SINGAPOREAN', 'S7038957F', '+65 96397171', 'andre_ng@hotmail.com', '', '', '', 2, 277, 'FAVE', '', '', '2018-11-13', 'PPCDL under MCC', '26 - 28 Nov (Week Days)', 168, 168, 'Y', '2018-11-13 14:16:41'),
(8967151, 'kooi wei hao', 'singaporean', 's8827444z', '94771804', 'alex_weihao@hotmail.com', '', '', '', 2, 278, 'FAVE', '', '', '2018-11-03', 'PPCDL under MCC', '08 - 15 Dec (Wk End)', 168, 168, 'Y', '2018-11-03 13:33:23'),
(8967152, 'Yow Wee Tiong', 'Singapore citizen', 'S7718847I', '6590061719', 'yowwt1234@gmail.com', '', '', '', 2, 277, 'FAVE', '', '', '2018-11-10', 'PPCDL under MCC', '26 - 28 Nov (Week Days)', 168, 168, 'Y', '2018-11-10 12:06:11'),
(8967153, 'Wee Liang mei', 'Singaporean', 'S7920523j', '6597962989', 'melissawee18@hotmail.com', '', '', '', 2, 277, 'FAVE', '', '', '2018-11-10', 'PPCDL under MCC', '26 - 28 Nov (Week Days)', 168, 168, 'Y', '2018-11-10 12:12:32'),
(8967155, 'Giles Holtby', 'Singapore', 'G3033185R', '86704972', 'giles.holtby@zodiacmilpro.com', '', '', '', 2, 277, 'Working Adult', '', '', '2018-11-14', 'PPCDL under MCC', '26 - 28 Nov (Week Days)', 400, 400, 'Y', '2018-11-14 05:57:39'),
(8967156, 'Tan kiam boon Chris', 'Singapore', 'S8439821G', '+6581984315', 'ebikko_31@hotmail.com', '', '', '', 2, 278, 'FAVE', '', '', '2018-11-15', 'PPCDL under MCC', '08 - 15 Dec (Wk End)', 168, 168, 'Y', '2018-11-15 05:48:10'),
(8967157, 'Hamran bin mohamed', 'Singaporean', 'S6834699a', '90624292', 'Hamranmohamed@outlook.sg', '', '', '', 0, 0, 'FAVE', '', '', '2018-11-19', 'PPCDL under MCC', '26-28 nov 2018', 168, 168, 'Y', '2018-11-19 07:19:31'),
(8967158, 'Hamran Bin Mohamed', 'Singaporean', 'S6834699a', '90624292', 'Hamranmohamed@outlook.sg', '', '', '', 0, 0, 'FAVE', '', '', '2018-11-19', 'PPCDL under MCC', '26-28 nov 2018', 168, 168, 'Y', '2018-11-19 07:22:38'),
(8967159, 'Hamran Bin Mohamed', 'Singaporean', 'S6834699a', '90624292', 'Hamranmohamed@outlook.sg', '', '', '', 0, 0, 'FAVE', '', '', '2018-11-19', 'PPCDL under MCC', '26-28 nov 2018', 168, 168, 'Y', '2018-11-19 07:40:11'),
(8967160, 'Ng Lin Jie', 'Singaporean', 'S9312260G', '96322358', 'nglinjie@hotmail.com', '', '', '', 2, 278, 'FAVE', '', '', '2018-11-20', 'PPCDL under MCC', '08 - 15 Dec (Wk End)', 168, 168, 'Y', '2018-11-20 06:21:30'),
(8967161, 'Diane Neo Shuen Ni', 'Singaporean', 'S7330690F', '98338028', 'dn3733@yahoo.com.sg', '', '', '', 2, 278, 'FAVE', '', '', '2018-11-20', 'PPCDL under MCC', '08 - 15 Dec (Wk End)', 168, 168, 'Y', '2018-11-20 06:24:05'),
(8967162, 'Tan Suan Hong', 'Singaporean', 'S8418019Z', '97224085', 'suanzy@gmail.com', '', '', '', 2, 279, 'FAVE', '', '', '2018-12-11', 'PPCDL under MCC', '05 - 12 Jan (Wk End)', 168, 168, 'Y', '2018-12-11 10:19:00'),
(8967163, 'Lee Weiling Wendy', 'Singaporean', 'S8610671Z', '65 97468710', 'wendily86@gmail.com', '', '', '', 0, 0, 'FAVE', '', '', '2018-12-11', 'PPCDL under MCC', '5-12 Jan', 168, 168, 'Y', '2018-12-11 16:45:31'),
(8967164, 'Philip Low Choon Hiong', 'Singaporean', 'S7122546A', '+6584686183', 'Philiplow13.07@hotmail.com', '', '', '', 2, 279, 'FAVE', '', '', '2018-12-17', 'PPCDL under MCC', '05 - 12 Jan (Wk End)', 168, 168, 'Y', '2018-12-17 14:40:05'),
(8967179, 'James Wong Yean Siang', 'Singaporean', 'S7507694J', '+6596803737', 'james0322@hotmail.com', '', '', '', 2, 283, 'FAVE', '', '', '2019-01-22', 'PPCDL under MCC', '25 - 27 Feb (Week Days)', 168, 168, 'Y', '2019-01-22 08:36:44'),
(8967178, 'artemka19979', 'russian', 'I9k7hnv5sR', '86551444473', 'putyanhinvasya@gmail.com', '', '', '', 0, 0, '', '', '', '2019-01-20', 'Advance Navigation Course', '1977-10-12', 0, 0, 'N', '2019-01-20 17:27:39'),
(8967168, 'KOH JUN KAI, GABE', 'SINGAPOREAN', 'T0212837Z', '6584398588', 'gabekohjunkai@gmail.com', '', '', '', 2, 280, 'Full-time Student/NSF', '', '', '2018-12-26', 'PPCDL under MCC', '28 - 30 Jan (Week Days)', 320, 320, 'N', '2018-12-26 15:33:14'),
(8967177, 'Muhammad Nurhaziq Bin Sahul Hameed', 'Singaporean', 'T0201267C', '86660218', 'nurhaziq828@gmail.com', '', '', '', 2, 283, 'FAVE', '', '', '2019-01-19', 'PPCDL under MCC', '25 - 27 Feb (Week Days)', 168, 168, 'Y', '2019-01-19 07:40:39'),
(8967170, 'KOH JUN KAI, GABE', 'SINGAPOREAN', 'T0212837Z', '6584398588', 'gabekohjunkai@gmail.com', '', '', '', 2, 280, 'Full-time Student/NSF', '', '', '2018-12-26', 'PPCDL under MCC', '28 - 30 Jan (Week Days)', 320, 320, 'N', '2018-12-26 15:33:55'),
(8967176, 'Kong Kwek Fon', 'Singaporean', 'S0146624J', '97399743', 'zhungeer@yahoo.com', '', '', '', 0, 0, 'FAVE', '', '', '2019-01-09', 'PPCDL under MCC', 'Jan 2019', 168, 168, 'Y', '2019-01-09 05:10:46'),
(8967174, 'Poh Kia Jin', 'Singaporean', 'T0109072G', '90685602', 'pohkiajin@gmail.com', '', '', '', 2, 280, 'FAVE', '', '', '2019-01-04', 'PPCDL under MCC', '28 - 30 Jan (Week Days)', 168, 168, 'Y', '2019-01-04 04:12:06'),
(8967173, 'KOH JUN KAI, GABE', 'SINGAPOREAN', 'T0212837Z', '6584398588', 'gabekohjunkai@gmail.com', '', '', '', 2, 279, 'FAVE', '', '', '2018-12-26', 'PPCDL under MCC', '05 - 12 Jan (Wk End)', 168, 168, 'Y', '2018-12-26 15:41:59'),
(8967180, 'OW TUCK MENG RAYMOND', 'SINGAPOREAN', 'S1664829I', '+6597507055', 'OWFIBRE@YAHOO.COM.SG', '', '', '', 2, 283, 'Working Adult', '', '', '2019-01-23', 'PPCDL under MCC', 'MARCH 2019', 400, 400, 'N', '2019-01-23 05:01:47'),
(8967181, 'Jenn woo santiago', 'Singaporean', 'S7719622F', '98369534', 'jenn.nicole.woo.woo@gmail.com', '', '', '', 2, 283, 'FAVE', '', '', '2019-01-25', 'PPCDL under MCC', '25 - 27 Feb (Week Days)', 168, 168, 'Y', '2019-01-25 04:49:47'),
(8967182, 'Rekhi Bhavneet kaur', 'Indian', 'G6026146l', '6593397302', 'bhavneet_rekhi@yahoo.co.in', '', '', '', 2, 282, 'FAVE', '', '', '2019-01-25', 'PPCDL under MCC', '09 - 16 Feb (Wk End)', 168, 168, 'Y', '2019-01-25 08:16:59'),
(8967183, 'Pratyush Pandey', 'Indian', 'G3004756M', '6588264775', 'P.pratyush@gmail.com', '', '', '', 2, 282, 'FAVE', '', '', '2019-01-25', 'PPCDL under MCC', '09 - 16 Feb (Wk End)', 168, 168, 'Y', '2019-01-25 08:29:14'),
(8967184, 'valuyshk5l', 'russian', 'I9k7hnv5sR', '82371843652', 'shamrykenkokatya@gmail.com', '', '', '', 0, 0, '', '', '', '2019-01-25', 'Cruise', '1978-11-11', 0, 0, 'N', '2019-01-25 14:28:38'),
(8967185, 'nikitos21505l', 'russian', 'I9k7hnv5sR', '84761422582', 'shamrykenkokatya@gmail.com', '', '', '', 0, 0, '', '', '', '2019-01-26', 'Other courses', '1980-10-10', 0, 0, 'N', '2019-01-26 18:07:09'),
(8967186, 'liziko2007b', 'russian', 'I9k7hnv5sR', '85568283353', 'grybovsergey88@gmail.com', '', '', '', 0, 0, '', '', '', '2019-01-28', 'Other courses', '1976-12-11', 0, 0, 'N', '2019-01-28 23:09:45'),
(8967187, 'iaogmnec\r\nb4', 'russian', 'I9k7hnv5sR', '84255875883', 'koptevandrey88@gmail.com', '', '', '', 0, 0, '', '', '', '2019-01-29', 'Other courses', '1977-10-11', 0, 0, 'N', '2019-01-29 23:21:08'),
(8967188, 'tanyha_009', 'russian', 'I9k7hnv5sR', '88162626169', 'putyanhinvasya@gmail.com', '', '', '', 0, 0, '', '', '', '2019-01-30', 'Cruise', '1977-11-12', 0, 0, 'N', '2019-01-30 11:36:17'),
(8967189, 'ykovlevoleg\r\nb4', 'russian', 'I9k7hnv5sR', '89165225542', 'koptevandrey88@gmail.com', '', '', '', 0, 0, '', '', '', '2019-01-31', 'Advance Navigation Course', '1980-11-11', 0, 0, 'N', '2019-01-31 16:04:21'),
(8967190, 'OsmiusRDBa', 'russian', 'dvg3zr82F', '82634841275', 'osmiusmiha75@mail.ru', '', '', '', 0, 0, '', '', '', '2019-01-31', 'Cruise', '1975-10-12', 0, 0, 'N', '2019-01-31 22:11:43'),
(8967191, 'MOHAMAD RAZALI BIN AMAT', 'Singaporean', 'S1508291G', '+65-96267948', 'mrazaliamat@me.com', '', '', '', 2, 282, 'Working Adult', '', '', '2019-02-05', 'PPCDL under MCC', '09 - 16 Feb (Wk End)', 400, 400, 'N', '2019-02-05 14:29:53'),
(8967192, 'Mohamad Razali Bin Amat', 'Singaporean', 'S15028191G', '+65-96267948', 'mrazaliamat@me.com', '', '', '', 0, 0, 'Working Adult', '', '', '2019-02-07', 'PPCDL under MCC', '09-10 Feb and 16 Feb', 400, 400, 'N', '2019-02-07 05:15:27'),
(8967193, 'Mohamad Razali Bin Amat', 'Singaporean', 'S15028191G', '+65-96267948', 'mrazaliamat@me.com', '', '', '', 0, 0, 'Working Adult', '', '', '2019-02-07', 'PPCDL under MCC', '09-10 Feb and 16 Feb', 400, 400, 'N', '2019-02-07 05:19:13'),
(8967194, 'Mohamad Razali Bin Amat', 'Singaporean', 'S15028191G', '+65-96267948', 'mrazaliamat@me.com', '', '', '', 0, 0, 'Working Adult', '', '', '2019-02-07', 'PPCDL under MCC', '09-10 Feb and 16 Feb', 400, 400, 'Y', '2019-02-07 05:24:30'),
(8967195, 'JamesNig', 'russian', 'sQgl35t6%uA', '88778144496', 'prosha.gulkin@mail.ru', '', '', '', 0, 0, '', '', '', '2019-02-08', 'Cruise', '1976-10-10', 0, 0, 'N', '2019-02-08 17:26:55'),
(8967196, 'Koo Mooi Cheng', 'Malaysian', 'S7889019C', '6591078969', 'gnehcook@hotmail.com', '', '', '', 0, 0, 'FAVE', '', '', '2019-02-18', 'PPCDL under MCC', '23-24 Feb (Weekend)', 168, 168, 'Y', '2019-02-18 13:22:38'),
(8967197, 'Long jun', 'Singapore', 'S9001202i', '6583333809', 'longjun08@gmail.com', '', '', '', 2, 283, 'FAVE', '', '', '2019-02-19', 'PPCDL under MCC', '25-27 February(Week Days)', 168, 168, 'Y', '2019-02-19 02:57:14'),
(8967198, 'Koo Mooi Cheng', 'Malaysian', 'S7889019C', '6591078969', 'gnehcook@hotmail.com', '', '', '', 2, 284, 'FAVE', '', '', '2019-02-20', 'PPCDL under MCC', '09 - 16 Mar (Wk End)', 168, 168, 'Y', '2019-02-20 07:37:43'),
(8967199, 'Long jun', 'Singapore', 'S9001202i', '6583333809', 'longjun08@gmail.com', '', '', '', 2, 284, 'FAVE', '', '', '2019-02-22', 'PPCDL under MCC', '09 - 16 Mar (Wk End)', 168, 168, 'Y', '2019-02-22 06:12:11'),
(8967200, 'Eruera Jackson Paul', 'Singaporean', 'S8117154H', '6590050666', 'mic1912@yahoo.com.sg', '', '', '', 2, 0, 'FAVE', '', '', '2019-02-22', 'PPCDL under MCC', '25-27 March(Week Days)', 168, 168, 'Y', '2019-02-22 11:43:23'),
(8967201, 'Lim Gim Here Melvyn', 'Singapore', 'S7349554G', '90224905', 'melvynlim98@yahoo.com', '', '', '', 2, 285, 'FAVE', '', '', '2019-02-23', 'PPCDL under MCC', '25 - 27 Mar (Week Days)', 168, 168, 'Y', '2019-02-23 03:47:22'),
(8967202, 'Chua Wee Beng', 'Singaporean', 'S6844784D', '97842783', 'marcuschua578406@gmail.com', '', '', '', 0, 0, 'FAVE', '', '', '2019-02-23', 'PPCDL under MCC', '09-16 Mar', 168, 168, 'Y', '2019-02-23 04:21:17'),
(8967203, 'Chua Wee Beng', 'Singaporean', 'S6844784D', '97842783', 'marcuschua578406@gmail.com', '', '', '', 0, 0, 'FAVE', '', '', '2019-02-23', 'PPCDL under MCC', '09-16 Mar', 168, 168, 'Y', '2019-02-23 04:38:03'),
(8967204, 'Zuhri Muhd', 'Singaporean', 'S8616105B', '88684054', 'zuhrimuhd@gmail.com', '', '', '', 2, 0, 'FAVE', '', '', '2019-02-27', 'PPCDL under MCC', '09 - 16 Mar (Wk End)', 168, 168, 'Y', '2019-02-27 02:31:28'),
(8967205, 'Chow Chin Yee', 'Malaysian', 'S7986449H', '6584543618', 'tina55cc@yahoo.com', '', '', '', 2, 285, 'FAVE', '', '', '2019-02-27', 'PPCDL under MCC', '25 - 27 Mar (Week Days)', 168, 168, 'Y', '2019-02-27 07:52:57'),
(8967206, 'ClydeCop', 'russian', 'av5plsl52FS', '88712668857', 'alt0ffs@yandex.ru', '', '', '', 0, 0, '', '', '', '2019-03-03', 'Cruise', '1976-12-11', 0, 0, 'N', '2019-03-03 06:25:28'),
(8967207, 'Yong Chee Keong', 'Singapore', 'S7234749H', '97877576', 'alvinyck@singnet.com.sg', '', '', '', 2, 284, 'Working Adult', '', '', '2019-03-03', 'PPCDL under MCC', '09 - 16 Mar (Wk End)', 400, 400, 'N', '2019-03-03 07:09:47'),
(8967208, 'Jake long', 'Singapore', 'S9001202i', '6583333809', 'longjun08@gmail.com', '', '', '', 2, 285, 'FAVE', '', '', '2019-03-04', 'PPCDL under MCC', '25 - 27 Mar (Week Days)', 168, 168, 'Y', '2019-03-04 06:45:31'),
(8967209, 'Yong Chee Keong', 'Singapore', 'S7234749H', '97877576', 'alvinyck@singnet.com.sg', '', '', '', 0, 0, 'FAVE', '', '', '2019-03-06', 'PPCDL under MCC', '09 - 16 Mar (Wk End)', 168, 168, 'Y', '2019-03-06 04:14:41'),
(8967210, 'Tan Guan Da Dave', 'singaporean', 'T0030129E', '+6581238185', 'davetans24@gmail.com', '', '', '', 2, 285, 'Full-time Student/NSF', '', '', '2019-03-09', 'PPCDL under MCC', '29 - 31 Mar (Week Days)', 320, 320, 'N', '2019-03-09 15:23:47'),
(8967211, 'Toshihiko Miyamoto', 'Singapore', 'S9718429A', '83822266', 'toeshekoe@gmail.com', '', '', '', 2, 285, 'FAVE', '', '', '2019-03-10', 'PPCDL under MCC', '25 - 27 Mar (Week Days)', 168, 168, 'Y', '2019-03-10 17:52:44'),
(8967212, 'YAP SIM', 'MALAYSIAN', 'S8579234B', '+6593398782', 'simyap@yahoo.com', '', '', '', 2, 285, 'Working Adult', '', '', '2019-03-15', 'PPCDL under MCC', '25 - 27 Mar (Week Days)', 400, 400, 'N', '2019-03-15 05:15:10'),
(8967213, 'Fong Simin', 'Singaporean', 'S8714208F', '65 98571190', 'fongsimin@gmail.com', '', '', '', 0, 0, 'FAVE', '', '', '2019-03-17', 'PPCDL under MCC', 'Any date from May onwards (except 21 May to 1 June)', 168, 168, 'Y', '2019-03-17 15:30:20'),
(8967214, 'LI JIAN HAO BERNARD', 'SINGAPOREAN', 'S8323981F', '65 98893981', 'oreganotrading@gmail.com', '', '', '', 0, 0, 'FAVE', '', '', '2019-03-18', 'PPCDL under MCC', '25 - 27 March', 168, 168, 'Y', '2019-03-18 02:29:32'),
(8967215, 'MUHAMMAD SUFI BIN ADAM', 'Singapore', 'S9219393D', '92376782', 'Sufi_adams@yahoo.com.sg', '', '', '', 2, 285, 'FAVE', '', '', '2019-03-19', 'PPCDL under MCC', '25 - 27 Mar (Week Days)', 168, 168, 'Y', '2019-03-19 02:50:39'),
(8967216, 'Ng Gek Hui Meryl', 'Singaporean', 'S9034461G', '+6591381928', 'merylng.gh@gmail.com', '', '', '', 2, 286, 'FAVE', '', '', '2019-03-19', 'PPCDL under MCC', '06 - 13 Apr (Wk End)', 168, 168, 'Y', '2019-03-19 12:00:26'),
(8967217, 'Koh Chun Fong Royston', 'Singaporean', 'S8911688J', '+6581018183', 'merylng.gh@gmail.com', '', '', '', 0, 0, 'FAVE', '', '', '2019-03-19', 'PPCDL under MCC', '06 - 13 Apr (Wk End)', 168, 168, 'Y', '2019-03-19 12:02:28'),
(8967218, 'IrvingPlulp', 'russian', 'z7Vt1v5t#oN', '89395555556', 'makhmatw9iil@mail.ru', '', '', '', 0, 0, '', '', '', '2019-04-03', 'Cruise', '1975-12-11', 0, 0, 'N', '2019-04-03 20:44:28'),
(8967219, 'LEE KWEE CHENG', 'SINGAPORE', 'S2193916A', '97110202', 'kclee95@gmail.com', '', '', '', 0, 0, 'FAVE', '', '', '2019-04-05', 'PPCDL under MCC', '6 & 7 APR 2019', 168, 168, 'Y', '2019-04-05 04:51:39'),
(8967220, 'LEE KWEE CHENG', 'SINGAPORE', 'S2193916A', '97110202', 'kclee95@gmail.com', '', '', '', 0, 0, 'FAVE', '', '', '2019-04-05', 'PPCDL under MCC', '6 & 7 APR 2019', 0, 0, 'Y', '2019-04-05 04:52:42'),
(8967221, 'LEE KWEE CHENG', 'SINGAPORE', 'S2193916A', '97110202', 'kclee95@gmail.com', '', '', '', 0, 0, 'FAVE', '', '', '2019-04-05', 'PPCDL under MCC', '6 & 7 APR 2019', 0, 0, 'Y', '2019-04-05 08:18:26'),
(8967222, 'Tan Jun Liang', 'Singaporean', 'S9019566B', '97404546', 'leoheart90@gmail.com', '', '', '', 2, 288, 'FAVE', '', '', '2019-04-20', 'PPCDL under MCC', '11 - 18 May (Wk End)', 0, 0, 'Y', '2019-04-20 12:29:39'),
(8967225, 'Ng chi chong', 'Singaporean', 'S8300409F', '6593833336', 'neuspeed333@hotmail.com', '', '', '', 0, 0, 'FAVE', '', '', '2019-04-29', 'PPCDL under MCC', '27-29may', 168, 168, 'Y', '2019-04-29 12:29:14'),
(8967224, 'JamesNig', 'russian', 'sQgl35t6%uA', '88535587184', 'dorina234@mail.ru', '', '', '', 0, 0, '', '', '', '2019-04-22', 'Advance Navigation Course', '1980-12-12', 0, 0, 'N', '2019-04-22 04:12:50'),
(8967226, 'Ng Jiaqing jeremy', 'Singaporean', 'S8325781D', '6586869899', 'jeremy8ng@gmail.com', '', '', '', 0, 0, 'FAVE', '', '', '2019-04-29', 'PPCDL under MCC', '27-29may', 168, 168, 'Y', '2019-04-29 12:31:36'),
(8967227, 'Shawn Lee Yi Heng', 'Singaporean', 'S9048745J', '+65 9698 9089', 'shawnleeyh@gmail.com', '', '', '', 0, 0, 'FAVE', '', '', '2019-04-29', 'PPCDL under MCC', '7th May', 168, 168, 'Y', '2019-04-29 17:56:09'),
(8967228, 'see toh wei yuen', 'singaporean', 's7640958g', '93686377', 'szaimon@hotmail.com', '', '', '', 2, 289, 'FAVE', '', '', '2019-05-03', 'PPCDL under MCC', '27 - 29 May (Week Days)', 168, 168, 'Y', '2019-05-03 05:28:16'),
(8967230, 'Vintagewlc', 'russian', 'h54rsjrF5J46788998', '84332961987', 'director@vdsina.ru', '', '', '', 0, 0, '', '', '', '2019-05-03', 'Advance Navigation Course', '1978-11-10', 0, 0, 'N', '2019-05-03 18:39:21'),
(8967231, 'Holographicvvg', 'russian', 'h54rsjrF5J46788998', '85819592224', 'bill@vdsina.ru', '', '', '', 0, 0, '', '', '', '2019-05-04', 'Other courses', '1979-12-10', 0, 0, 'N', '2019-05-04 22:32:41'),
(8967232, 'Alan Ho', 'Singapore', 'S8524153B', '98525292', 'alantoshie@gmail.com', '', '', '', 2, 290, 'Working Adult', '', '', '2019-05-05', 'PPCDL under MCC', '08 - 15 Jun (Wk End)', 400, 400, 'N', '2019-05-05 12:11:07'),
(8967233, 'Alan Ho', 'Singapore', 'S8524153B', '98525292', 'alantoshie@gmail.com', '', '', '', 2, 290, 'Working Adult', '', '', '2019-05-05', 'PPCDL under MCC', '08 - 15 Jun (Wk End)', 400, 400, 'N', '2019-05-05 12:13:51'),
(8967234, 'Alan Ho Wei Quan', 'Singapore', 'S8524153B', '98525292', 'alantoshie@gmail.com', '', '', '', 2, 290, 'FAVE', '', '', '2019-05-06', 'PPCDL under MCC', '08 - 15 Jun (Wk End)', 168, 168, 'Y', '2019-05-06 06:03:43'),
(8967235, 'Blenderuva', 'russian', 'h54rsjrF5J46788998', '86931297528', 'director@vdsina.ru', '', '', '', 0, 0, '', '', '', '2019-05-07', 'Other courses', '1976-12-10', 0, 0, 'N', '2019-05-07 05:02:16'),
(8967236, 'Flexibleqks', 'russian', 'h54rsjrF5J46788998', '86891968512', 'director@mchost.ru', '', '', '', 0, 0, '', '', '', '2019-05-08', 'Other courses', '1976-10-12', 0, 0, 'N', '2019-05-08 14:46:04'),
(8967237, 'Ng chi chong', 'Singaporean', 'S8300409F', '6593833336', 'neuspeed333@hotmail.com', '', '', '', 0, 0, 'FAVE', '', '', '2019-05-09', 'PPCDL under MCC', '27-29may', 168, 168, 'Y', '2019-05-09 05:01:13'),
(8967238, 'Ng Jiaqing jeremy', 'Singaporean', 'S8325781D', '6586869899', 'jeremy8ng@gmail.com', '', '', '', 0, 0, 'FAVE', '', '', '2019-05-09', 'PPCDL under MCC', '27-29may', 168, 168, 'Y', '2019-05-09 05:01:59'),
(8967239, 'Ng chi chong', 'Singaporean', 'S8300409F', '6593833336', 'neuspeed333@hotmail.com', '', '', '', 0, 0, 'FAVE', '', '', '2019-05-09', 'PPCDL under MCC', '27-29may', 168, 168, 'Y', '2019-05-09 06:31:31'),
(8967240, 'Ng Jiaqing jeremy', 'Singaporean', 'S8325781D', '6586869899', 'jeremy8ng@gmail.com', '', '', '', 0, 0, 'FAVE', '', '', '2019-05-09', 'PPCDL under MCC', '27-29may', 168, 168, 'Y', '2019-05-09 06:32:20'),
(8967241, 'Ng Jiaqing Jeremy', 'Singaporean', 'S8325781D', '+65 86869899', 'jeremy8ng@gmail.com', '', '', '', 2, 289, 'FAVE', '', '', '2019-05-09', 'PPCDL under MCC', '27 - 29 May (Week Days)', 168, 168, 'Y', '2019-05-09 06:50:19'),
(8967242, 'Ng Chi Chong', 'Singaporean', 'S8300409F', '+65 93833336', 'neuspeed333@hotmail.com', '', '', '', 0, 0, 'FAVE', '', '', '2019-05-09', 'PPCDL under MCC', '27 - 29 May (Week Days)', 168, 168, 'Y', '2019-05-09 06:51:10'),
(8967243, 'Chen Yueting', 'Singaporean', 's9033166C', '83322700', 'chloechenyt19@gmail.com', '', '', '', 0, 0, 'FAVE', '', '', '2019-05-09', 'PPCDL under MCC', '27-29May', 168, 168, 'Y', '2019-05-09 11:22:46'),
(8967244, 'Chen Yueting', 'Singaporean', 's9033166C', '83322700', 'chloechenyt19@gmail.com', '', '', '', 0, 0, 'FAVE', '', '', '2019-05-09', 'PPCDL under MCC', '27-29May', 168, 168, 'Y', '2019-05-09 11:24:43'),
(8967245, 'Wee Yeow Siah', 'Singaporean', 'S8220961A', '96471549', 'alvinwys@gmail.com', '', '', '', 0, 0, 'FAVE', '', '', '2019-05-10', 'PPCDL under MCC', '27-29May', 168, 168, 'Y', '2019-05-10 08:46:27'),
(8967246, 'Lin chi yuin clarence', 'Singaporean', 'S8312148C', '6597987776', 'clarence.cy@gmail.com', '', '', '', 2, 289, 'FAVE', '', '', '2019-05-10', 'PPCDL under MCC', '27 - 29 May (Week Days)', 168, 168, 'Y', '2019-05-10 14:33:05'),
(8967247, 'KitchenAidnhl', 'russian', 'h54rsjrF5J46788998', '81591131935', 'bill@vdsina.ru', '', '', '', 0, 0, '', '', '', '2019-05-11', 'Other courses', '1978-10-10', 0, 0, 'N', '2019-05-11 10:20:42'),
(8967248, 'Ascentltc', 'russian', 'h54rsjrF5J46788998', '86822525951', 'director@mchost.ru', '', '', '', 0, 0, '', '', '', '2019-05-13', 'Advance Navigation Course', '1975-11-11', 0, 0, 'N', '2019-05-13 01:02:42'),
(8967249, 'Rajesh Singh s/o Kartar Singh', 'Singaporean', 'S7218989B', '+6597913225', 'raj1044l@aol.com', '', '', '', 2, 290, 'Working Adult', '', '', '2019-05-15', 'PPCDL under MCC', '08 - 15 Jun (Wk End)', 400, 400, 'N', '2019-05-15 05:46:38'),
(8967250, 'Pay Wanqi', 'Singaporean', 'S9525272I', '+65 90997321', 'paywanqi@gmail.com', '', '', '', 2, 290, 'FAVE', '', '', '2019-05-15', 'PPCDL under MCC', '08 - 15 Jun (Wk End)', 168, 168, 'Y', '2019-05-15 17:16:54'),
(8967251, 'Incipiolww', 'russian', 'h54rsjrF5J46788998', '81896589477', 'lollybrowne36@gmail.com', '', '', '', 0, 0, '', '', '', '2019-05-16', 'Other courses', '1979-10-12', 0, 0, 'N', '2019-05-16 12:54:50'),
(8967252, 'Premiumyfx', 'russian', 'h54rsjrF5J46788998', '87184177494', 'rshafer@gulfcontrols.com', '', '', '', 0, 0, '', '', '', '2019-05-16', 'Cruise', '1977-12-10', 0, 0, 'N', '2019-05-16 13:31:10'),
(8967253, 'Yamahamsy', 'russian', 'h54rsjrF5J46788998', '81427577274', 'jaybogreen@yahoo.com', '', '', '', 0, 0, '', '', '', '2019-05-17', 'Cruise', '1976-10-12', 0, 0, 'N', '2019-05-17 12:18:49'),
(8967254, 'Flexiblepdg', 'russian', 'h54rsjrF5J46788998', '86922579149', 'support@vdsina.ru', '', '', '', 0, 0, '', '', '', '2019-05-20', 'Cruise', '1979-10-10', 0, 0, 'N', '2019-05-20 00:51:51'),
(8967255, 'Haywardewg', 'russian', 'h54rsjrF5J46788998', '88489955866', 'bechtoldtracy@yahoo.com', '', '', '', 0, 0, '', '', '', '2019-05-20', 'Advance Navigation Course', '1980-10-11', 0, 0, 'N', '2019-05-20 21:03:26'),
(8967256, 'Speakeraeb', 'russian', 'h54rsjrF5J46788998', '87131989676', 'jnhumphries33@gmail.com', '', '', '', 0, 0, '', '', '', '2019-05-21', 'Cruise', '1978-11-10', 0, 0, 'N', '2019-05-21 13:31:18'),
(8967257, 'Documentvyd', 'russian', 'h54rsjrF5J46788998', '84398361663', 'theezbronys@gmail.com', '', '', '', 0, 0, '', '', '', '2019-05-21', 'Cruise', '1975-10-10', 0, 0, 'N', '2019-05-21 16:56:30'),
(8967258, 'BlackVueoxj', 'russian', 'h54rsjrF5J46788998', '86318468397', 'jessfriberg@gmail.com', '', '', '', 0, 0, '', '', '', '2019-05-22', 'Cruise', '1975-11-11', 0, 0, 'N', '2019-05-22 08:27:38'),
(8967259, 'Flukegbn', 'russian', 'h54rsjrF5J46788998', '89752478968', 'khopperj@bellsouth.net', '', '', '', 0, 0, '', '', '', '2019-05-22', 'Other courses', '1980-10-11', 0, 0, 'N', '2019-05-22 20:09:30'),
(8967260, 'Minelabwnh', 'russian', 'h54rsjrF5J46788998', '81525513955', 'jc.paquet@videotron.ca', '', '', '', 0, 0, '', '', '', '2019-05-23', 'Other courses', '1976-12-10', 0, 0, 'N', '2019-05-23 12:03:47'),
(8967261, 'Sunburstgdg', 'russian', 'h54rsjrF5J46788998', '81429637374', 'gregcarr0210@gmail.com', '', '', '', 0, 0, '', '', '', '2019-05-24', 'Advance Navigation Course', '1979-12-12', 0, 0, 'N', '2019-05-24 15:41:26'),
(8967262, 'Amazonnnkgg', 'russian', 'h54rsjrF5J46788998', '87772674716', 'ilintespo@gmail.com', '', '', '', 0, 0, '', '', '', '2019-05-26', 'Cruise', '1979-12-10', 0, 0, 'N', '2019-05-26 08:33:31'),
(8967263, 'Artisanyxa', 'russian', 'h54rsjrF5J46788998', '86853225861', 'annietayler@gmail.com', '', '', '', 0, 0, '', '', '', '2019-05-29', 'Other courses', '1978-10-12', 0, 0, 'N', '2019-05-29 23:00:52'),
(8967264, 'Haywardpys', 'russian', 'h54rsjrF5J46788998', '83168247271', 'wardsl@fljud13.org', '', '', '', 0, 0, '', '', '', '2019-05-30', 'Cruise', '1978-10-12', 0, 0, 'N', '2019-05-30 00:58:32'),
(8967265, 'Holographicbha', 'russian', 'h54rsjrF5J46788998', '85939578694', 'knance@irissol.com', '', '', '', 0, 0, '', '', '', '2019-05-30', 'Cruise', '1976-11-11', 0, 0, 'N', '2019-05-30 02:12:29'),
(8967266, 'Vitamixnca', 'russian', 'h54rsjrF5J46788998', '82428395847', 'olperfosag@gmail.com', '', '', '', 0, 0, '', '', '', '2019-05-30', 'Other courses', '1977-10-11', 0, 0, 'N', '2019-05-30 03:51:45'),
(8967267, 'Linksysvuz', 'russian', 'h54rsjrF5J46788998', '89282811151', 'doc3681@gmail.com', '', '', '', 0, 0, '', '', '', '2019-05-30', 'Advance Navigation Course', '1976-10-12', 0, 0, 'N', '2019-05-30 11:37:03'),
(8967268, 'Arnottwjz', 'russian', 'h54rsjrF5J46788998', '84136526773', 'shane_newmans@yahoo.com', '', '', '', 0, 0, '', '', '', '2019-05-30', 'Cruise', '1976-12-12', 0, 0, 'N', '2019-05-30 16:53:34'),
(8967269, 'Haywardfrf', 'russian', 'h54rsjrF5J46788998', '86921711285', 'shane_newmans@yahoo.com', '', '', '', 0, 0, '', '', '', '2019-05-30', 'Other courses', '1975-12-11', 0, 0, 'N', '2019-05-30 18:48:59'),
(8967270, 'Amazonnnwfy', 'russian', 'h54rsjrF5J46788998', '88434149699', 'jtkoneill@yahoo.com', '', '', '', 0, 0, '', '', '', '2019-05-31', 'Other courses', '1977-10-11', 0, 0, 'N', '2019-05-31 02:24:26'),
(8967271, 'Vortexyon', 'russian', 'h54rsjrF5J46788998', '85395522382', 'jay_smith490@mymail.eku.edu', '', '', '', 0, 0, '', '', '', '2019-05-31', 'Other courses', '1979-10-11', 0, 0, 'N', '2019-05-31 15:04:26'),
(8967272, 'Scannerhch', 'russian', 'h54rsjrF5J46788998', '87111732583', 'gregstedfield@yahoo.com', '', '', '', 0, 0, '', '', '', '2019-05-31', 'Advance Navigation Course', '1978-12-12', 0, 0, 'N', '2019-05-31 19:27:27'),
(8967273, 'Businessgxx', 'russian', 'h54rsjrF5J46788998', '87633777879', 'lynettebaltierrez@gmail.com', '', '', '', 0, 0, '', '', '', '2019-06-01', 'Cruise', '1976-12-12', 0, 0, 'N', '2019-06-01 08:44:02'),
(8967274, 'Daniel Gerlinghoff', 'German', 'C84LJ0183', '93479446', 'daniel.gerlinghoff@gmx.de', '', '', '', 2, 291, 'FAVE', '', '', '2019-06-01', 'PPCDL under MCC', '24 - 26 Jun (Week Days)', 168, 168, 'Y', '2019-06-01 23:19:59'),
(8967275, 'Beaconsvj', 'russian', 'h54rsjrF5J46788998', '86338196963', 'thuff@mcdonaldoil.com', '', '', '', 0, 0, '', '', '', '2019-06-02', 'Cruise', '1976-11-11', 0, 0, 'N', '2019-06-02 13:26:35'),
(8967276, 'Lem hongjian', 'Singaporean', 'S8318029C', '+65-97967034', 'lem.hongjian@live.com', '', '', '', 0, 0, 'Working Adult', '', '', '2019-06-03', 'PPCDL under MCC', '08 - 15 Jun (Wk End)', 0, 0, 'N', '2019-06-03 01:35:34'),
(8967277, 'Lem hongjian', 'Singaporean', 'S8318029C', '+65-97967034', 'lem.hongjian@live.com', '', '', '', 0, 0, 'FAVE', '', '', '2019-06-03', 'PPCDL under MCC', '08 -15 Jun', 168, 168, 'Y', '2019-06-03 01:37:32'),
(8967278, 'Chong swee kiat', 'Singaporean', 'S8514171F', '+65-92955459', 'zruijie@gmail.com', '', '', '', 0, 0, 'FAVE', '', '', '2019-06-03', 'PPCDL under MCC', '08 - 15 jun', 168, 168, 'Y', '2019-06-03 01:42:28'),
(8967279, 'Lem hongjian', 'Singaporean', 'S8318029C', '65-97967034', 'lem.hongjian@live.com', '', '', '', 2, 290, 'FAVE', '', '', '2019-06-03', 'PPCDL under MCC', '08 - 15 Jun (Wk End)', 168, 168, 'Y', '2019-06-03 01:47:43'),
(8967280, 'Chong sweekiat', 'Singaporean', 'S8514171F', '65-92955459', 'zruijie@gmail.com', '', '', '', 2, 290, 'FAVE', '', '', '2019-06-03', 'PPCDL under MCC', '08 - 15 Jun (Wk End)', 168, 168, 'Y', '2019-06-03 01:51:27'),
(8967281, 'YE QIANWEN STEPHANIE', 'SINGAPOREAN', 'S8634960D', '91058858', 'stphye@rocketmail.com', '', '', '', 2, 290, 'FAVE', '', '', '2019-06-03', 'PPCDL under MCC', '08 - 15 Jun (Wk End)', 168, 168, 'Y', '2019-06-03 06:42:16'),
(8967282, 'Sathis Waran', 'Singapore', 'S9142938A', '91275263', 'sathis_24@hotmail.com', '', '', '', 2, 291, '', '', '', '2019-06-03', 'PPCDL under MCC', '24 - 26 Jun (Week Days)', 0, 0, 'N', '2019-06-03 07:06:37'),
(8967283, 'Raymondemaps', 'russian', 'gd65$jx2JfG', '82982715737', 'SculaImmach@sexkruiz.ru', '', '', '', 0, 0, '', '', '', '2019-06-05', 'Cruise', '1979-11-12', 0, 0, 'N', '2019-06-05 08:58:31'),
(8967284, 'Telecasterdjd', 'russian', 'h54rsjrF5J46788998', '88221616879', 'abc@cotterschools.net', '', '', '', 0, 0, '', '', '', '2019-06-06', 'Other courses', '1980-11-12', 0, 0, 'N', '2019-06-06 21:25:23'),
(8967285, 'iAquaLinkdrd', 'russian', 'h54rsjrF5J46788998', '83542837753', 'abc@cotterschools.net', '', '', '', 0, 0, '', '', '', '2019-06-06', 'Advance Navigation Course', '1977-11-11', 0, 0, 'N', '2019-06-06 22:00:34'),
(8967286, 'Hou Warren', 'Malaysian/ Singapore PR', 's9440509b', '+6582187113', 'hou_warren@Hotmail.com', '', '', '', 0, 0, 'FAVE', '', '', '2019-06-07', 'PPCDL under MCC', '15 June - 16 June', 168, 168, 'Y', '2019-06-07 05:02:48'),
(8967287, 'Telecasterxga', 'russian', 'h54rsjrF5J46788998', '88325463918', 'marilyn.keller01@yahoo.com', '', '', '', 0, 0, '', '', '', '2019-06-07', 'Advance Navigation Course', '1979-12-10', 0, 0, 'N', '2019-06-07 14:18:08'),
(8967288, 'Backlitili', 'russian', 'h54rsjrF5J46788998', '87557243441', 'dlelpestlatel@yahoo.com', '', '', '', 0, 0, '', '', '', '2019-06-07', 'Advance Navigation Course', '1976-11-12', 0, 0, 'N', '2019-06-07 15:41:04'),
(8967289, 'WILDKAThhz', 'russian', 'h54rsjrF5J46788998', '87398532857', 'marilyn.keller01@yahoo.com', '', '', '', 0, 0, '', '', '', '2019-06-07', 'Other courses', '1975-12-10', 0, 0, 'N', '2019-06-07 16:12:29'),
(8967290, 'Infraredxoy', 'russian', 'h54rsjrF5J46788998', '81762749371', 'marlenecedeno68@yahoo.com', '', '', '', 0, 0, '', '', '', '2019-06-10', 'Other courses', '1976-11-12', 0, 0, 'N', '2019-06-10 02:53:25'),
(8967291, 'Squierqlc', 'russian', 'h54rsjrF5J46788998', '83871665439', 'jmassot@spragginsinc.com', '', '', '', 0, 0, '', '', '', '2019-06-10', 'Advance Navigation Course', '1976-11-12', 0, 0, 'N', '2019-06-10 20:26:15'),
(8967292, 'EOTechcqp', 'russian', 'h54rsjrF5J46788998', '82788313298', 'jmassot@spragginsinc.com', '', '', '', 0, 0, '', '', '', '2019-06-10', 'Advance Navigation Course', '1980-11-10', 0, 0, 'N', '2019-06-10 22:15:39'),
(8967293, 'MUHAMMAD HIDIR BIN KHALID', 'SINGAPORE CITIZEN', 'S732977A', '+6597536396', 'hidir1750@yahoo.com.sg', '', '', '', 0, 0, 'Working Adult', '', '', '2019-06-11', 'PPCDL under MCC', 'JULY 2019', 400, 400, 'N', '2019-06-11 03:38:12'),
(8967294, 'Minelabdkq', 'russian', 'h54rsjrF5J46788998', '87164888948', 'jeff@heistonsupply.com', '', '', '', 0, 0, '', '', '', '2019-06-11', 'Other courses', '1976-12-11', 0, 0, 'N', '2019-06-11 19:48:37'),
(8967295, 'Fortresswjw', 'russian', 'h54rsjrF5J46788998', '82144641244', 'jeff@heistonsupply.com', '', '', '', 0, 0, '', '', '', '2019-06-11', 'Cruise', '1979-10-10', 0, 0, 'N', '2019-06-11 21:20:40'),
(8967296, 'Amazonnnjyr', 'russian', 'h54rsjrF5J46788998', '84974381716', 'chueflavadknob@hotmail.com', '', '', '', 0, 0, '', '', '', '2019-06-12', 'Cruise', '1976-10-11', 0, 0, 'N', '2019-06-12 03:30:40'),
(8967297, 'Candyzir', 'russian', 'h54rsjrF5J46788998', '82452699771', 'christina@pmnne.com', '', '', '', 0, 0, '', '', '', '2019-06-13', 'Cruise', '1979-12-12', 0, 0, 'N', '2019-06-13 00:28:21'),
(8967298, 'LEE ZHI PENG', 'SINGAPOREAN', 'S9217359C', '81022534', 'dwightleezp@gmail.com', '', '', '', 0, 0, '', '', '', '2019-06-15', 'Cruise', '', 60, 60, 'N', '2019-06-15 04:08:17'),
(8967299, 'LEE ZHI PENG', 'SINGAPOREAN', 'S9217359C', '81022534', 'dwightleezp@gmail.com', '', '', '', 0, 0, '', '', '', '2019-06-15', 'Cruise', '', 60, 60, 'N', '2019-06-15 04:08:36'),
(8967300, 'Wong Kan Sing', 'Singapore', 'S7737932j', '6596975222', 'wongkansing77@gmail.com', '', '', '', 0, 0, 'FAVE', '', '', '2019-06-17', 'PPCDL under MCC', '24-26 Jun', 168, 168, 'Y', '2019-06-17 06:01:49'),
(8967301, 'Wong Kan Sing', 'Singapore', 'S7737932j', '96975222', 'wongkansing77@gmail.com', '', '', '', 2, 291, 'FAVE', '', '', '2019-06-17', 'PPCDL under MCC', '24 - 26 Jun (Week Days)', 168, 168, 'Y', '2019-06-17 06:21:45'),
(8967302, 'Wang Xiaoyu', 'Singaporean', 'S9271442Z', '+65 92969058', 'xy.wang2208@gmail.com', '', '', '', 0, 0, 'FAVE', '', '', '2019-06-17', 'PPCDL under MCC', '29 June 2019', 168, 168, 'Y', '2019-06-17 14:53:44'),
(8967303, 'Ken Hee Zhen Yang', 'Singapore', 'S8824612H', '+6591174302', 'kenhee@gmail.com', '', '', '', 2, 292, 'FAVE', '', '', '2019-06-26', 'PPCDL under MCC', '06 - 13 Jul (Wk End)', 168, 168, 'Y', '2019-06-26 04:12:44'),
(8967304, 'Chua Che Shyan', 'Malaysian', 'S2503063Z', '+65 9777 9636', 'kenhee@gmail.com', '', '', '', 2, 292, 'FAVE', '', '', '2019-06-26', 'PPCDL under MCC', '06 - 13 Jul (Wk End)', 168, 168, 'Y', '2019-06-26 04:14:27'),
(8967305, 'Lim Seng Huat', 'Singaporean', 'S7029078B', '65-91867170', 'blessbillylim@yahoo.com.sg', '', '', '', 2, 293, 'FAVE', '', '', '2019-06-28', 'PPCDL under MCC', '22 - 24 Jul (Week Days)', 168, 168, 'Y', '2019-06-28 04:09:27'),
(8967306, 'Thomas Reckefuss', 'German', 'C4KH9Z4J1', '+65 9144 9613', 'thomas.reckefuss@yahoo.de', '', '', '', 0, 0, 'FAVE', '', '', '2019-07-02', 'PPCDL under MCC', '06.07 - 13.07', 168, 168, 'Y', '2019-07-02 04:02:01'),
(8967307, 'Nichole Deidrick', 'USA', 'G3474401M', '97318791', 'nicdeidrick@gmail.com', '', '', '', 0, 0, 'FAVE', '', '', '2019-07-02', 'PPCDL under MCC', '22 - 24 Jul (Week Days)', 0, 0, 'Y', '2019-07-02 15:00:41'),
(8967308, 'Thomas Reckefuss', 'German', 'C4KH9Z4J1', '+65 91449613', 'thomas.reckefuss@yahoo.de', '', '', '', 0, 0, 'FAVE', '', '', '2019-07-03', 'PPCDL under MCC', '06.07', 168, 168, 'Y', '2019-07-03 08:01:45'),
(8967309, 'Pouringwky', 'russian', 'h54rsjrF5J46788998', '87995762461', 'sjewjohnrise@yahoo.com', '', '', '', 0, 0, '', '', '', '2019-07-03', 'Cruise', '1978-10-12', 0, 0, 'N', '2019-07-03 22:47:38'),
(8967310, 'Extractionfns', 'russian', 'h54rsjrF5J46788998', '84782715855', 'calpelinti@hotmail.com', '', '', '', 0, 0, '', '', '', '2019-07-04', 'Other courses', '1978-11-11', 0, 0, 'N', '2019-07-04 22:59:46'),
(8967311, 'Pouringhbe', 'russian', 'h54rsjrF5J46788998', '87278286351', 'undigisre@hotmail.com', '', '', '', 0, 0, '', '', '', '2019-07-06', 'Cruise', '1980-10-10', 0, 0, 'N', '2019-07-06 18:02:34'),
(8967312, 'Matthewsok', 'russian', 'cn1Yd2#vy5C', '89654233388', 'sb.oncang.@gmail.com', '', '', '', 0, 0, '', '', '', '2019-07-09', 'Other courses', '1979-10-12', 0, 0, 'N', '2019-07-09 21:17:15'),
(8967313, 'Steven kwek poh song', 'Singaporean', 'S7605679z', '91378090', 'steven.kwek@firstlinkfa.com', '', '', '', 2, 294, 'Working Adult', '', '', '2019-07-10', 'PPCDL under MCC', '03 - 10 Aug (Wk End)', 400, 400, 'N', '2019-07-10 09:54:59'),
(8967314, 'Rubbercqf', 'russian', 'h54rsjrF5J46788998', '83227898952', 'eck.andrew@gmail.com', '', '', '', 0, 0, '', '', '', '2019-07-10', 'Other courses', '1976-11-11', 0, 0, 'N', '2019-07-10 17:30:09'),
(8967315, 'Blenderxhv', 'russian', 'h54rsjrF5J46788998', '83817243532', 'eck.andrew@gmail.com', '', '', '', 0, 0, '', '', '', '2019-07-10', 'Other courses', '1980-10-10', 0, 0, 'N', '2019-07-10 17:44:01'),
(8967316, 'Artisanbfm', 'russian', 'h54rsjrF5J46788998', '87228834595', 'eck.andrew@gmail.com', '', '', '', 0, 0, '', '', '', '2019-07-10', 'Advance Navigation Course', '1977-10-10', 0, 0, 'N', '2019-07-10 19:13:05'),
(8967317, 'Leupoldohn', 'russian', 'h54rsjrF5J46788998', '87338993286', 'eck.andrew@gmail.com', '', '', '', 0, 0, '', '', '', '2019-07-10', 'Advance Navigation Course', '1977-11-10', 0, 0, 'N', '2019-07-10 19:47:16'),
(8967318, 'Xiangyang Sim', 'Singapore', 'S8439260Z', '+6598899887', 'storage.b01@gmail.com', '', '', '', 0, 0, 'FAVE', '', '', '2019-07-11', 'PPCDL under MCC', '3-4 Aug. Voucher expires on 7 Qug', 168, 168, 'Y', '2019-07-11 05:08:19'),
(8967319, 'Seriesdub', 'russian', 'h54rsjrF5J46788998', '86751651284', 'andrewp@alparchitecture.com', '', '', '', 0, 0, '', '', '', '2019-07-11', 'Other courses', '1980-12-12', 0, 0, 'N', '2019-07-11 12:53:17'),
(8967320, 'Plasticrnt', 'russian', 'h54rsjrF5J46788998', '84291618539', 'traceym@msob.us', '', '', '', 0, 0, '', '', '', '2019-07-11', 'Cruise', '1980-11-12', 0, 0, 'N', '2019-07-11 21:20:45'),
(8967321, 'Epiphonegdr', 'russian', 'h54rsjrF5J46788998', '83517175585', 'vuntsova@aol.com', '', '', '', 0, 0, '', '', '', '2019-07-12', 'Advance Navigation Course', '1980-11-11', 0, 0, 'N', '2019-07-12 06:48:33'),
(8967322, 'MichaelGualm', 'russian', 'v%tVg11r8jO', '82671916852', 'busindubai@ballistika.site', '', '', '', 0, 0, '', '', '', '2019-07-13', 'Other courses', '1979-11-10', 0, 0, 'N', '2019-07-13 19:23:06'),
(8967323, 'Steven kwek poh song', 'Singaporean', 'S7605679z', '91378090', 'steven.kwek@firstlinkfa.com', '', '', '', 2, 294, 'FAVE', '', '', '2019-07-15', 'PPCDL under MCC', '03 - 10 Aug (Wk End)', 168, 168, 'Y', '2019-07-15 09:05:52'),
(8967324, 'Leow Wan Win', 'Singaporean', 'S8928677H', '6598515955', 'wanwinleow@gmail.com', '', '', '', 2, 295, 'FAVE', '', '', '2019-07-16', 'PPCDL under MCC', '19 - 21 Aug (Week Days)', 168, 168, 'Y', '2019-07-16 05:40:09'),
(8967325, 'Ng Kok Heng', 'Singaporean', 'S1296836A', '+65 94388151', 'agnesyip@lifespa.com.sg', '', '', '', 2, 295, 'FAVE', '', '', '2019-07-17', 'PPCDL under MCC', '19 - 21 Aug (Week Days)', 168, 168, 'Y', '2019-07-17 03:52:30'),
(8967326, 'Juicergps', 'russian', 'h54rsjrF5J46788998', '81671472223', 'evalorane@hotmail.com', '', '', '', 0, 0, '', '', '', '2019-07-17', 'Cruise', '1977-12-10', 0, 0, 'N', '2019-07-17 23:33:49');
INSERT INTO `booking_details` (`booking_id`, `booking_name`, `nationality`, `nric_passport_no`, `phone`, `email`, `address`, `noks_name`, `noks_phone`, `course_id`, `course_training_id`, `registering_as`, `voucher_code`, `groupon_security_code`, `created_date`, `course_name`, `preferred_date`, `amount`, `payable_amount`, `booking_status`, `ts`) VALUES
(8967327, 'chan weng wah', 'singaporean', 'S7106640A', '+65 8128 4631', 'ajiachor@gmail.com', '', '', '', 2, 295, 'Working Adult', '', '', '2019-07-19', 'PPCDL under MCC', '19 - 21 Aug (Week Days)', 400, 400, 'Y', '2019-07-19 01:57:20'),
(8967328, 'Ivan Loh', 'Singaporean', 'S7434897A', '92991891', 'hunkichunki@live.com', '', '', '', 2, 294, 'FAVE', '', '', '2019-07-19', 'PPCDL under MCC', '03 - 10 Aug (Wk End)', 168, 168, 'Y', '2019-07-19 06:02:42'),
(8967329, 'Squiernnm', 'russian', 'h54rsjrF5J46788998', '81291135785', 'gregc81@comcast.net', '', '', '', 0, 0, '', '', '', '2019-07-24', 'Advance Navigation Course', '1975-12-12', 0, 0, 'N', '2019-07-24 21:55:55'),
(8967330, 'Speakeronj', 'russian', 'h54rsjrF5J46788998', '86397693376', 'morgan0109@hotmail.com', '', '', '', 0, 0, '', '', '', '2019-07-27', 'Advance Navigation Course', '1977-11-12', 0, 0, 'N', '2019-07-27 22:06:02'),
(8967331, 'Pang Meng Hwee', 'Singaporean', 'S8632663I', '+6596498999', 'menghwee@rocketmail.com', '', '', '', 0, 0, 'Working Adult', '', '', '2019-07-29', 'PPCDL under MCC', '', 400, 400, 'N', '2019-07-29 02:07:59'),
(8967332, 'Pang Meng Hwee', 'Singaporean', 'S8632663I', '+6596498999', 'menghwee@rocketmail.com', '', '', '', 0, 0, 'FAVE', '', '', '2019-07-29', 'PPCDL under MCC', '19-21Aug', 168, 168, 'Y', '2019-07-29 02:08:52'),
(8967333, 'WilsonAdege', 'russian', 's63aNRa5O', '85498526877', 'trishi69tkohel@gmx.com', '', '', '', 0, 0, '', '', '', '2019-07-29', 'Cruise', '1980-10-10', 0, 0, 'N', '2019-07-29 11:05:05'),
(8967334, 'Dormanvpd', 'russian', 'h54rsjrF5J46788998', '82919936831', 'stephaniekirsten@gmail.com', '', '', '', 0, 0, '', '', '', '2019-07-30', 'Other courses', '1978-10-12', 0, 0, 'N', '2019-07-30 04:21:39'),
(8967335, 'Telecasterhdv', 'russian', 'h54rsjrF5J46788998', '84424216259', 'hawkinskathy777@gmail.com', '', '', '', 0, 0, '', '', '', '2019-07-30', 'Other courses', '1980-11-10', 0, 0, 'N', '2019-07-30 12:37:21'),
(8967336, 'Minelabiyl', 'russian', 'h54rsjrF5J46788998', '89411635941', 'mdombrowski@supremegear.com', '', '', '', 0, 0, '', '', '', '2019-07-30', 'Advance Navigation Course', '1980-11-11', 0, 0, 'N', '2019-07-30 18:59:28'),
(8967337, 'Beaterbzk', 'russian', 'h54rsjrF5J46788998', '85195134917', 'msantiago87@yahoo.com', '', '', '', 0, 0, '', '', '', '2019-07-31', 'Advance Navigation Course', '1975-12-11', 0, 0, 'N', '2019-07-31 17:53:59'),
(8967338, 'Sharon Chang Kim Choo', 'Singaporean', 'S7410148H', '6591558638', 'amoresharonchang@gmail.com', '', '', '', 0, 0, 'FAVE', '', '', '2019-08-01', 'PPCDL under MCC', '', 168, 168, 'Y', '2019-08-01 06:25:19'),
(8967339, 'Leong Shih Hung', 'Singaporean', 'S7226123B', '6596679194', 'amoresharonchang@gmail.com', '', '', '', 0, 0, 'FAVE', '', '', '2019-08-01', 'PPCDL under MCC', '', 168, 168, 'Y', '2019-08-01 06:27:33'),
(8967340, 'Leong Shih Hung', 'Singaporean', 'S7226123B', '6596679194', 'amoresharonchang@gmail.com', '', '', '', 0, 0, 'FAVE', '', '', '2019-08-01', 'PPCDL under MCC', '', 0, 0, 'Y', '2019-08-01 06:28:18'),
(8967341, 'Sharon Chang Kim Choo', 'Singaporean +', 'S7410148H', '6591558638', 'amoresharonchang@gmail.com', '', '', '', 0, 0, 'FAVE', '', '', '2019-08-01', 'PPCDL under MCC', '7 Sept 8 Sept 14 Sept', 168, 168, 'Y', '2019-08-01 06:41:08'),
(8967342, 'Leong Shih Hung', 'Singaporean', 'S7226123B', '6596679194', 'amoresharonchang@gmail.com', '', '', '', 0, 0, 'FAVE', '', '', '2019-08-01', 'PPCDL under MCC', '7 Sept 8 Sept 14 Sept', 168, 168, 'Y', '2019-08-01 06:42:38'),
(8967343, 'Ascentrfw', 'russian', 'h54rsjrF5J46788998', '88749476289', 'malcolm@elco-electronics.com', '', '', '', 0, 0, '', '', '', '2019-08-02', 'Advance Navigation Course', '1980-11-12', 0, 0, 'N', '2019-08-02 07:04:16'),
(8967344, 'Focusowj', 'russian', 'h54rsjrF5J46788998', '85511249115', 'malcolm@elco-electronics.com', '', '', '', 0, 0, '', '', '', '2019-08-02', 'Other courses', '1978-11-12', 0, 0, 'N', '2019-08-02 09:08:04'),
(8967345, 'WILDKATwsj', 'russian', 'h54rsjrF5J46788998', '86772755816', 'malcolm@elco-electronics.com', '', '', '', 0, 0, '', '', '', '2019-08-02', 'Advance Navigation Course', '1976-10-10', 0, 0, 'N', '2019-08-02 10:58:45'),
(8967346, 'Leupoldmjr', 'russian', 'h54rsjrF5J46788998', '82635351773', 'jessikalakes@yahoo.com', '', '', '', 0, 0, '', '', '', '2019-08-02', 'Other courses', '1978-11-11', 0, 0, 'N', '2019-08-02 19:11:42'),
(8967347, 'Neo ming hao', 'Singapore', 'S9008661h', '81637354', 'noelneomh@gmail.com', '', '', '', 0, 0, 'FAVE', '', '', '2019-08-05', 'PPCDL under MCC', '', 168, 168, 'Y', '2019-08-05 07:49:12'),
(8967348, 'Sharon Chang Kim Choo', 'Singaporean', 'S7410148H', '6591558638', 'amoresharonchang@gmail.com', '', '', '', 0, 0, 'FAVE', '', '', '2019-08-05', 'PPCDL under MCC', '7 Sept 8 Sept 14 Sept', 168, 168, 'Y', '2019-08-05 08:29:25'),
(8967349, 'Leong Shih Hung', 'Singaporean', 'S7226123B', '6596679194', 'amoresharonchang@gmail.com', '', '', '', 0, 0, 'FAVE', '', '', '2019-08-05', 'PPCDL under MCC', '7 Sept 8 Sept 14 Sept', 168, 168, 'Y', '2019-08-05 08:30:34'),
(8967350, 'Edelbrockjfb', 'russian', 'h54rsjrF5J46788998', '82272739297', 'rourilb@hotmail.com', '', '', '', 0, 0, '', '', '', '2019-08-05', 'Other courses', '1980-12-10', 0, 0, 'N', '2019-08-05 23:30:52'),
(8967388, 'Superchipsxle', 'russian', 'h54rsjrF5J46788998', '82175676963', 'sales@georg-aigner.com', '', '', '', 0, 0, '', '', '', '2019-08-23', 'Advance Navigation Course', '1976-11-10', 0, 0, 'N', '2019-08-23 09:03:48'),
(8967389, 'Feederusk', 'russian', 'h54rsjrF5J46788998', '88148533797', 'topdawgtermite1@verizon.net', '', '', '', 0, 0, '', '', '', '2019-08-23', 'Advance Navigation Course', '1978-11-11', 0, 0, 'N', '2019-08-23 10:01:08'),
(8967353, 'Fortressibo', 'russian', 'h54rsjrF5J46788998', '84795553917', 'bonabogdi@yahoo.com', '', '', '', 0, 0, '', '', '', '2019-08-06', 'Other courses', '1977-10-12', 0, 0, 'N', '2019-08-06 20:23:32'),
(8967354, 'Clamcasepoa', 'russian', 'h54rsjrF5J46788998', '83714495977', 'jjwhichard@msn.com', '', '', '', 0, 0, '', '', '', '2019-08-09', 'Other courses', '1979-12-12', 0, 0, 'N', '2019-08-09 12:02:09'),
(8967355, 'Candykrm', 'russian', 'h54rsjrF5J46788998', '89413496642', 'jjwhichard@msn.com', '', '', '', 0, 0, '', '', '', '2019-08-09', 'Cruise', '1975-11-11', 0, 0, 'N', '2019-08-09 12:14:30'),
(8967356, 'vGyfkTFtPzQo', 'coSEFWUnPjas', 'WTPFrwOMUgDC', '7455471627', 'butchlickfold@gmail.com', '', '', '', 0, 0, 'METS promotions(Week Ends)', 'SdVWApKNtuXR', 'sjBdOapbvNlk', '2019-08-09', '', 'fHYsZxQemJnU', 0, 0, 'N', '2019-08-09 17:49:30'),
(8967357, 'FOO JIAN CHUAN', 'SINGAPOREAN', 'S9141467H', '91196982', 'jayefoo@gmail.com', '', '', '', 0, 0, 'FAVE', '', '', '2019-08-11', 'PPCDL under MCC', '19 August', 168, 168, 'Y', '2019-08-11 21:07:13'),
(8967358, 'Rohan Kamdar', 'Singaporean', 's928214a', '966374742', 'rohankamdar0908@gmail.com', '', '', '', 0, 0, 'Full-time Student/NSF', '', '', '2019-08-12', 'PPCDL under MCC', '19-21 Aug', 320, 320, 'N', '2019-08-12 09:19:52'),
(8967359, 'LezoidusRA', 'russian', 'He837wyvfQ', '88987897459', 'dimakorshunov90@mail.ru', '', '', '', 0, 0, '', '', '', '2019-08-13', 'Other courses', '1976-10-10', 0, 0, 'N', '2019-08-13 00:26:54'),
(8967360, 'Neo ming hao', 'Singapore', 'S900866h', '81637354', 'noelneomh@gmail.com', '', '', '', 0, 0, 'FAVE', '', '', '2019-08-13', 'PPCDL under MCC', '19 - 21 Aug (Week Days)', 168, 168, 'Y', '2019-08-13 02:20:45'),
(8967361, 'Neo Ming Hao', 'Singaporean', 'S9008661H', '6581637354', 'Noelneomh@gmail.com', 'Singapore', 'John', '90862365', 2, 0, 'Groupon/Deal.com/Other Vouchers', '1234', '8m', '2019-08-13', 'PPCDL under MCC', '19-21 August(Week Days)', 268, 268, 'Y', '2019-08-13 02:31:57'),
(8967362, 'Portablexob', 'russian', 'h54rsjrF5J46788998', '87425571763', 'bordenj1979@yahoo.com', '', '', '', 0, 0, '', '', '', '2019-08-13', 'Cruise', '1979-12-12', 0, 0, 'N', '2019-08-13 06:58:46'),
(8967363, 'Holographicxmt', 'russian', 'h54rsjrF5J46788998', '87476837584', 'nofeshuwhitt@hotmail.com', '', '', '', 0, 0, '', '', '', '2019-08-13', 'Other courses', '1980-12-11', 0, 0, 'N', '2019-08-13 23:11:07'),
(8967364, 'Beaconlxb', 'russian', 'h54rsjrF5J46788998', '81676272727', 'dmr6@aol.com', '', '', '', 0, 0, '', '', '', '2019-08-14', 'Other courses', '1978-11-11', 0, 0, 'N', '2019-08-14 07:48:22'),
(8967365, 'Boschiys', 'russian', 'h54rsjrF5J46788998', '86223538167', 'berslanbotor@mail.com', '', '', '', 0, 0, '', '', '', '2019-08-15', 'Other courses', '1980-12-10', 0, 0, 'N', '2019-08-15 22:37:29'),
(8967366, 'sng kay heng', 'Singapore', 's7143954b', '83133128', 'andysng88@gmail.com', '', '', '', 2, 295, 'Working Adult', '', '', '2019-08-16', 'PPCDL under MCC', '19 - 21 Aug (Week Days)', 400, 400, 'Y', '2019-08-16 09:36:36'),
(8967367, 'Vortexwum', 'russian', 'h54rsjrF5J46788998', '81942677956', 'gary.cooper@parexusa.com', '', '', '', 0, 0, '', '', '', '2019-08-19', 'Advance Navigation Course', '1978-10-10', 0, 0, 'N', '2019-08-19 18:43:38'),
(8967368, 'Juicerbks', 'russian', 'h54rsjrF5J46788998', '89976643513', 'mike@baymedicalcompany.com', '', '', '', 0, 0, '', '', '', '2019-08-20', 'Advance Navigation Course', '1975-11-10', 0, 0, 'N', '2019-08-20 05:26:13'),
(8967369, 'PRADIP MADAN BHARDWAJ', 'SINGAPOREAN', 'S1383222F', '6581259277', 'pradip2@realkaiten.com', '', '', '', 2, 296, 'Full-time Student/NSF', '', '', '2019-08-20', 'PPCDL under MCC', '07 - 14 Sep (Wk End)', 320, 320, 'N', '2019-08-20 14:26:35'),
(8967370, 'Rubberuqz', 'russian', 'h54rsjrF5J46788998', '88434292336', 'jputnam@arcastech.com', '', '', '', 0, 0, '', '', '', '2019-08-20', 'Advance Navigation Course', '1977-12-11', 0, 0, 'N', '2019-08-20 16:55:54'),
(8967371, 'Candykwh', 'russian', 'h54rsjrF5J46788998', '84259593634', 'jputnam@arcastech.com', '', '', '', 0, 0, '', '', '', '2019-08-20', 'Advance Navigation Course', '1980-10-11', 0, 0, 'N', '2019-08-20 17:57:10'),
(8967372, 'Speakervws', 'russian', 'h54rsjrF5J46788998', '86775361435', 'jputnam@arcastech.com', '', '', '', 0, 0, '', '', '', '2019-08-20', 'Cruise', '1979-10-10', 0, 0, 'N', '2019-08-20 18:37:55'),
(8967373, 'Epiphonerat', 'russian', 'h54rsjrF5J46788998', '84116144742', 'jputnam@arcastech.com', '', '', '', 0, 0, '', '', '', '2019-08-20', 'Advance Navigation Course', '1980-12-12', 0, 0, 'N', '2019-08-20 19:35:49'),
(8967374, 'Fortresstcn', 'russian', 'h54rsjrF5J46788998', '83439953333', 'gary.cooper@parexusa.com', '', '', '', 0, 0, '', '', '', '2019-08-20', 'Other courses', '1975-12-10', 0, 0, 'N', '2019-08-20 21:25:51'),
(8967375, 'Humminbirdmzw', 'russian', 'h54rsjrF5J46788998', '81611322935', 'gary.cooper@parexusa.com', '', '', '', 0, 0, '', '', '', '2019-08-20', 'Other courses', '1976-10-10', 0, 0, 'N', '2019-08-20 21:53:55'),
(8967376, 'Blenderaxt', 'russian', 'h54rsjrF5J46788998', '88669661989', 'gary.cooper@parexusa.com', '', '', '', 0, 0, '', '', '', '2019-08-20', 'Other courses', '1978-12-10', 0, 0, 'N', '2019-08-20 22:51:50'),
(8967377, 'Vitamixjld', 'russian', 'h54rsjrF5J46788998', '81122816598', 'gary.cooper@parexusa.com', '', '', '', 0, 0, '', '', '', '2019-08-21', 'Advance Navigation Course', '1979-11-10', 0, 0, 'N', '2019-08-21 00:49:37'),
(8967378, 'CHIRPsen', 'russian', 'h54rsjrF5J46788998', '85254381725', 'cskennedy69@gmail.com', '', '', '', 0, 0, '', '', '', '2019-08-21', 'Cruise', '1979-11-11', 0, 0, 'N', '2019-08-21 16:03:24'),
(8967379, 'Fortressbfc', 'russian', 'h54rsjrF5J46788998', '88921376246', 'kathy@brandyourmark.com', '', '', '', 0, 0, '', '', '', '2019-08-21', 'Cruise', '1980-10-11', 0, 0, 'N', '2019-08-21 17:16:22'),
(8967380, 'Infraredryp', 'russian', 'h54rsjrF5J46788998', '89125889963', 'sales@georg-aigner.com', '', '', '', 0, 0, '', '', '', '2019-08-22', 'Other courses', '1975-11-12', 0, 0, 'N', '2019-08-22 07:18:18'),
(8967381, 'Augustgwc', 'russian', 'h54rsjrF5J46788998', '88316523439', 'sales@georg-aigner.com', '', '', '', 0, 0, '', '', '', '2019-08-22', 'Cruise', '1979-12-11', 0, 0, 'N', '2019-08-22 07:47:40'),
(8967382, 'Damian Tan', 'Singapore', 'S1391661F', '96661238', 'Drdamiantan@gmail.com', '', '', '', 2, 297, '', '', '', '2019-08-22', 'PPCDL under MCC', '23 - 25 Sep (Week Days)', 0, 0, 'N', '2019-08-22 10:35:02'),
(8967383, 'Bluetoothmsy', 'russian', 'h54rsjrF5J46788998', '88171653415', 'cbaj433of@hotmail.com', '', '', '', 0, 0, '', '', '', '2019-08-22', 'Cruise', '1980-12-11', 0, 0, 'N', '2019-08-22 12:11:51'),
(8967384, 'Marshallzir', 'russian', 'h54rsjrF5J46788998', '87818794791', 'cbaj433of@hotmail.com', '', '', '', 0, 0, '', '', '', '2019-08-22', 'Other courses', '1980-11-10', 0, 0, 'N', '2019-08-22 14:43:35'),
(8967385, 'Drywallxnn', 'russian', 'h54rsjrF5J46788998', '87154434376', 'amberleyjackson@yahoo.com', '', '', '', 0, 0, '', '', '', '2019-08-22', 'Other courses', '1978-11-10', 0, 0, 'N', '2019-08-22 14:55:22'),
(8967386, 'Carpettnh', 'russian', 'h54rsjrF5J46788998', '86721466526', 'stephenie@bialouisville.com', '', '', '', 0, 0, '', '', '', '2019-08-22', 'Cruise', '1976-10-11', 0, 0, 'N', '2019-08-22 15:41:36'),
(8967387, 'Pradip Madan Bhardwaj', 'Singaporean', 'S1383222F', '81259277', 'pradip2@realkaiten.com', 'Jurong West Street 2', 'Mary', '90564002', 2, 0, 'Groupon/Deal.com/Other Vouchers', '1234', '8m', '2019-08-23', 'PPCDL under MCC', '07-14 September(Wk End)', 268, 268, 'Y', '2019-08-23 01:46:56'),
(8967390, 'Carpetskt', 'russian', 'h54rsjrF5J46788998', '88877885351', 'topdawgtermite1@verizon.net', '', '', '', 0, 0, '', '', '', '2019-08-23', 'Advance Navigation Course', '1978-12-11', 0, 0, 'N', '2019-08-23 10:24:12'),
(8967391, 'Portablehdl', 'russian', 'h54rsjrF5J46788998', '81816241288', 'receipts@structures.build', '', '', '', 0, 0, '', '', '', '2019-08-23', 'Advance Navigation Course', '1977-11-12', 0, 0, 'N', '2019-08-23 13:38:39'),
(8967392, 'KitchenAidwsl', 'russian', 'h54rsjrF5J46788998', '81175876787', 'garskev@aol.com', '', '', '', 0, 0, '', '', '', '2019-08-23', 'Cruise', '1975-12-10', 0, 0, 'N', '2019-08-23 22:16:42'),
(8967393, 'Nespressojuf', 'russian', 'h54rsjrF5J46788998', '88295293833', 'garskev@aol.com', '', '', '', 0, 0, '', '', '', '2019-08-23', 'Other courses', '1976-11-12', 0, 0, 'N', '2019-08-23 23:19:27'),
(8967394, 'iAquaLinkhaw', 'russian', 'h54rsjrF5J46788998', '86833164459', 'garskev@aol.com', '', '', '', 0, 0, '', '', '', '2019-08-24', 'Other courses', '1980-11-10', 0, 0, 'N', '2019-08-24 00:56:10'),
(8967395, 'Vitamixfgt', 'russian', 'h54rsjrF5J46788998', '81875492999', 'garskev@aol.com', '', '', '', 0, 0, '', '', '', '2019-08-24', 'Cruise', '1978-10-11', 0, 0, 'N', '2019-08-24 02:12:22'),
(8967396, 'Flashpaqxao', 'russian', 'h54rsjrF5J46788998', '84177245393', 'garskev@aol.com', '', '', '', 0, 0, '', '', '', '2019-08-24', 'Cruise', '1977-12-12', 0, 0, 'N', '2019-08-24 03:11:54'),
(8967397, 'CHIRPjri', 'russian', 'h54rsjrF5J46788998', '87491284634', 'cw2.cfo@gmail.com', '', '', '', 0, 0, '', '', '', '2019-08-24', 'Other courses', '1977-12-12', 0, 0, 'N', '2019-08-24 13:18:28'),
(8967398, 'RainMachinehis', 'russian', 'h54rsjrF5J46788998', '81196444922', 'youngwonusa@gmail.com', '', '', '', 0, 0, '', '', '', '2019-08-26', 'Other courses', '1977-10-10', 0, 0, 'N', '2019-08-26 07:59:48'),
(8967399, 'Artisanjtw', 'russian', 'h54rsjrF5J46788998', '86819427778', 'mfrichman50@aol.com', '', '', '', 0, 0, '', '', '', '2019-08-27', 'Other courses', '1977-10-11', 0, 0, 'N', '2019-08-27 07:38:22'),
(8967400, 'Generationcdb', 'russian', 'h54rsjrF5J46788998', '83251736858', 'tiadrien09@hotmail.com', '', '', '', 0, 0, '', '', '', '2019-08-27', 'Other courses', '1976-12-11', 0, 0, 'N', '2019-08-27 15:39:26'),
(8967401, 'Weaponxfr', 'russian', 'h54rsjrF5J46788998', '85586758768', 'ap@screentight.com', '', '', '', 0, 0, '', '', '', '2019-08-27', 'Advance Navigation Course', '1976-11-12', 0, 0, 'N', '2019-08-27 16:19:28'),
(8967402, 'Portablevwa', 'russian', 'h54rsjrF5J46788998', '89922235756', 'ap@screentight.com', '', '', '', 0, 0, '', '', '', '2019-08-27', 'Cruise', '1976-12-12', 0, 0, 'N', '2019-08-27 23:34:43'),
(8967403, 'Holographicmcv', 'russian', 'h54rsjrF5J46788998', '82336699715', 'mallory8nicole@aol.com', '', '', '', 0, 0, '', '', '', '2019-08-28', 'Advance Navigation Course', '1979-12-12', 0, 0, 'N', '2019-08-28 02:06:32'),
(8967404, 'Beaterpeo', 'russian', 'h54rsjrF5J46788998', '84365949147', 'mallory8nicole@aol.com', '', '', '', 0, 0, '', '', '', '2019-08-28', 'Advance Navigation Course', '1980-11-10', 0, 0, 'N', '2019-08-28 02:13:50'),
(8967405, 'Telecasteromb', 'russian', 'h54rsjrF5J46788998', '85546951916', 'mallory8nicole@aol.com', '', '', '', 0, 0, '', '', '', '2019-08-28', 'Cruise', '1975-12-11', 0, 0, 'N', '2019-08-28 03:13:28'),
(8967406, 'Incipiovso', 'russian', 'h54rsjrF5J46788998', '86132519851', 'npasig@sbcglobal.net', '', '', '', 0, 0, '', '', '', '2019-08-29', 'Other courses', '1976-12-10', 0, 0, 'N', '2019-08-29 02:31:21'),
(8967407, 'Portableqve', 'russian', 'h54rsjrF5J46788998', '89193287541', 'dnenquires@gmail.com', '', '', '', 0, 0, '', '', '', '2019-08-29', 'Advance Navigation Course', '1975-11-11', 0, 0, 'N', '2019-08-29 05:19:53'),
(8967408, 'iAquaLinkwno', 'russian', 'h54rsjrF5J46788998', '89658911396', 'qcordair@comcast.net', '', '', '', 0, 0, '', '', '', '2019-08-29', 'Cruise', '1980-12-11', 0, 0, 'N', '2019-08-29 12:05:06'),
(8967409, 'Feederixz', 'russian', 'h54rsjrF5J46788998', '87437798283', 'dnjbarrett@verizon.net', '', '', '', 0, 0, '', '', '', '2019-08-29', 'Advance Navigation Course', '1976-12-12', 0, 0, 'N', '2019-08-29 17:17:11'),
(8967410, 'Seriesmwy', 'russian', 'h54rsjrF5J46788998', '83782318176', 'asbest@x-store.net', '', '', '', 0, 0, '', '', '', '2019-08-30', 'Other courses', '1976-11-10', 0, 0, 'N', '2019-08-30 00:22:23'),
(8967411, 'Speakerkwk', 'russian', 'h54rsjrF5J46788998', '83488559796', 'svetlana@curmann.com', '', '', '', 0, 0, '', '', '', '2019-08-30', 'Advance Navigation Course', '1979-10-12', 0, 0, 'N', '2019-08-30 18:28:40'),
(8967412, 'Scannerhig', 'russian', 'h54rsjrF5J46788998', '84559233811', 'blubeveragesllc@gmail.com', '', '', '', 0, 0, '', '', '', '2019-08-31', 'Other courses', '1979-11-12', 0, 0, 'N', '2019-08-31 10:29:50'),
(8967413, 'Haywardeey', 'russian', 'h54rsjrF5J46788998', '87254519984', 'imdinesh@hotmail.com', '', '', '', 0, 0, '', '', '', '2019-08-31', 'Cruise', '1975-10-10', 0, 0, 'N', '2019-08-31 22:46:00'),
(8967414, 'Batteryusv', 'russian', 'h54rsjrF5J46788998', '86398846791', 'ron@creechladder.com', '', '', '', 0, 0, '', '', '', '2019-09-01', 'Other courses', '1977-12-10', 0, 0, 'N', '2019-09-01 10:34:39'),
(8967415, 'Boschguk', 'russian', 'h54rsjrF5J46788998', '83114681259', 'lingmey25@gmail.com', '', '', '', 0, 0, '', '', '', '2019-09-01', 'Cruise', '1976-11-10', 0, 0, 'N', '2019-09-01 14:54:24'),
(8967416, 'Securityglq', 'russian', 'h54rsjrF5J46788998', '81879347272', 'laurie@fircrestgolf.com', '', '', '', 0, 0, '', '', '', '2019-09-02', 'Cruise', '1979-10-10', 0, 0, 'N', '2019-09-02 08:44:42'),
(8967417, 'Premiumpsw', 'russian', 'h54rsjrF5J46788998', '82743314656', 'jbrown8245@aol.com', '', '', '', 0, 0, '', '', '', '2019-09-02', 'Other courses', '1977-12-12', 0, 0, 'N', '2019-09-02 12:53:57'),
(8967418, 'Carpetrlm', 'russian', 'h54rsjrF5J46788998', '88975213852', 'phightinphan@yahoo.com', '', '', '', 0, 0, '', '', '', '2019-09-02', 'Advance Navigation Course', '1978-12-12', 0, 0, 'N', '2019-09-02 14:26:18'),
(8967419, 'Ascentfin', 'russian', 'h54rsjrF5J46788998', '81171969865', 'tierney1024@gmail.com', '', '', '', 0, 0, '', '', '', '2019-09-02', 'Other courses', '1976-10-11', 0, 0, 'N', '2019-09-02 17:46:32'),
(8967420, 'Premiumvmy', 'russian', 'h54rsjrF5J46788998', '84294219426', 'jolalalab@gmail.com', '', '', '', 0, 0, '', '', '', '2019-09-02', 'Cruise', '1980-10-10', 0, 0, 'N', '2019-09-02 21:06:38'),
(8967421, 'Irrigationamt', 'russian', 'h54rsjrF5J46788998', '88266674987', 'tarita@movingdepotusa.com', '', '', '', 0, 0, '', '', '', '2019-09-03', 'Cruise', '1980-12-11', 0, 0, 'N', '2019-09-03 09:13:05'),
(8967422, 'Pouringraj', 'russian', 'h54rsjrF5J46788998', '86848252596', 'kaitlin_kjk@yahoo.com', '', '', '', 0, 0, '', '', '', '2019-09-03', 'Advance Navigation Course', '1976-11-10', 0, 0, 'N', '2019-09-03 12:49:45'),
(8967423, 'Artisanrpb', 'russian', 'h54rsjrF5J46788998', '82812776478', 'marisela@dicarinc.net', '', '', '', 0, 0, '', '', '', '2019-09-03', 'Cruise', '1976-10-11', 0, 0, 'N', '2019-09-03 16:03:01'),
(8967424, 'Incipioosw', 'russian', 'h54rsjrF5J46788998', '87625584438', 'marisela@dicarinc.net', '', '', '', 0, 0, '', '', '', '2019-09-03', 'Advance Navigation Course', '1977-10-12', 0, 0, 'N', '2019-09-03 17:16:47'),
(8967425, 'Nespressogxr', 'russian', 'h54rsjrF5J46788998', '84699952252', 'marisela@dicarinc.net', '', '', '', 0, 0, '', '', '', '2019-09-03', 'Other courses', '1976-12-12', 0, 0, 'N', '2019-09-03 19:16:40'),
(8967426, 'CHIRPuly', 'russian', 'h54rsjrF5J46788998', '87773593747', 'marisela@dicarinc.net', '', '', '', 0, 0, '', '', '', '2019-09-03', 'Cruise', '1979-11-12', 0, 0, 'N', '2019-09-03 21:16:53'),
(8967427, 'Roxanne Michelle lim', 'Singaporean', 'S9005828B', '+65 93226423', 'mich.lovestars@gmail.com', '', '', '', 0, 0, 'FAVE', '', '', '2019-09-04', 'PPCDL under MCC', '23-25 sep', 168, 168, 'Y', '2019-09-04 07:02:43'),
(8967428, 'nidwJqECWBXQ', 'vMtcHmRLNbDs', 'BSCHuqVavnXJ', '3259990946', 'chloebrown3306@gmail.com', '', '', '', 0, 0, 'METS promotions(Week Ends)', 'TLNgGbMFdoUD', 'AFbeHISRhjfl', '2019-09-04', '', 'VnYqwZJNXsCv', 0, 0, 'N', '2019-09-04 12:00:45'),
(8967429, 'Scannerrlq', 'russian', 'h54rsjrF5J46788998', '86888492378', 'serah1002@yahoo.com', '', '', '', 0, 0, '', '', '', '2019-09-04', 'Cruise', '1975-10-12', 0, 0, 'N', '2019-09-04 14:50:14'),
(8967430, 'Cutterjkl', 'russian', 'h54rsjrF5J46788998', '88422785443', 'smokotnane@hotmail.com', '', '', '', 0, 0, '', '', '', '2019-09-04', 'Other courses', '1977-10-11', 0, 0, 'N', '2019-09-04 21:18:11'),
(8967431, 'wong yong kee', 'Singapore', 's6909584d', '96714684', 'lua_ahhiap@singnet.com.sg', '', '', '', 0, 0, 'FAVE', '', '', '2019-09-05', 'PPCDL under MCC', '07-14 sep', 168, 168, 'Y', '2019-09-05 08:55:06'),
(8967432, 'Blendercmg', 'russian', 'h54rsjrF5J46788998', '84251122129', 'gperry@designstudioetc.com', '', '', '', 0, 0, '', '', '', '2019-09-05', 'Cruise', '1977-11-12', 0, 0, 'N', '2019-09-05 17:46:05'),
(8967433, 'Keypadamsv', 'russian', 'h54rsjrF5J46788998', '89149812851', 'adspevack@lerchearly.com', '', '', '', 0, 0, '', '', '', '2019-09-05', 'Cruise', '1980-12-10', 0, 0, 'N', '2019-09-05 22:41:04'),
(8967434, 'Extractionxvw', 'russian', 'h54rsjrF5J46788998', '89453184935', 'adspevack@lerchearly.com', '', '', '', 0, 0, '', '', '', '2019-09-05', 'Advance Navigation Course', '1980-10-12', 0, 0, 'N', '2019-09-05 23:58:46'),
(8967435, 'Wong Yong Kee', 'Singaporean', 'S6909584D', '6596714684', 'lua_ahhiap@singnet.com.sg', 'Jurong East', 'John', '90862365', 2, 296, 'Groupon/Deal.com/Other Vouchers', '256489', '8m', '2019-09-06', 'PPCDL under MCC', '07-14 September(Wk End)', 268, 268, 'Y', '2019-09-06 01:28:22'),
(8967436, 'Avalanchexsh', 'russian', 'h54rsjrF5J46788998', '83245172239', 'adspevack@lerchearly.com', '', '', '', 0, 0, '', '', '', '2019-09-06', 'Cruise', '1980-10-10', 0, 0, 'N', '2019-09-06 02:17:48'),
(8967437, 'Nicholas Toh Lik Hau', 'Australia', 'S8157760I', '97212892', 'nicholas.l.toh@gmail.com', '', '', '', 0, 0, 'FAVE', '', '', '2019-09-06', 'PPCDL under MCC', '07/09/2019', 168, 168, 'Y', '2019-09-06 05:43:04'),
(8967438, 'Fortressdbd', 'russian', 'h54rsjrF5J46788998', '82136995812', 'kellyshamro@gmail.com', '', '', '', 0, 0, '', '', '', '2019-09-07', 'Other courses', '1980-10-10', 0, 0, 'N', '2019-09-07 05:42:38'),
(8967439, 'Wirelessjeq', 'russian', 'h54rsjrF5J46788998', '87698675633', 'kellyshamro@gmail.com', '', '', '', 0, 0, '', '', '', '2019-09-07', 'Advance Navigation Course', '1975-12-11', 0, 0, 'N', '2019-09-07 06:03:32'),
(8967440, 'Yamahaocu', 'russian', 'h54rsjrF5J46788998', '89415597428', 'ahmedeldannaoui@gmail.com', '', '', '', 0, 0, '', '', '', '2019-09-08', 'Advance Navigation Course', '1978-10-12', 0, 0, 'N', '2019-09-08 15:45:24'),
(8967441, 'WILDKATctl', 'russian', 'h54rsjrF5J46788998', '83431215511', 'johncannoncml@gmail.com', '', '', '', 0, 0, '', '', '', '2019-09-08', 'Other courses', '1977-12-11', 0, 0, 'N', '2019-09-08 18:46:02'),
(8967442, 'Documentzmb', 'russian', 'h54rsjrF5J46788998', '81728136621', 'jquezada@sice.com', '', '', '', 0, 0, '', '', '', '2019-09-09', 'Advance Navigation Course', '1980-12-10', 0, 0, 'N', '2019-09-09 08:37:18'),
(8967443, 'Flexiblelyt', 'russian', 'h54rsjrF5J46788998', '84334976469', 'adspevack@lerchearly.com', '', '', '', 0, 0, '', '', '', '2019-09-09', 'Advance Navigation Course', '1976-12-10', 0, 0, 'N', '2019-09-09 13:02:12'),
(8967444, 'Augustjrp', 'russian', 'h54rsjrF5J46788998', '81915897686', 'jzender@zenderelectric.com', '', '', '', 0, 0, '', '', '', '2019-09-09', 'Cruise', '1978-11-11', 0, 0, 'N', '2019-09-09 13:04:06'),
(8967445, 'Flexiblequn', 'russian', 'h54rsjrF5J46788998', '87312818698', 'ambielynne82@yahoo.com', '', '', '', 0, 0, '', '', '', '2019-09-09', 'Advance Navigation Course', '1975-10-11', 0, 0, 'N', '2019-09-09 14:13:32'),
(8967446, 'Squierjtz', 'russian', 'h54rsjrF5J46788998', '88757253525', 'dunnt@anagramintl.com', '', '', '', 0, 0, '', '', '', '2019-09-09', 'Advance Navigation Course', '1976-11-12', 0, 0, 'N', '2019-09-09 14:18:27'),
(8967447, 'Squierigi', 'russian', 'h54rsjrF5J46788998', '83429677268', 'ambielynne82@yahoo.com', '', '', '', 0, 0, '', '', '', '2019-09-09', 'Cruise', '1979-10-10', 0, 0, 'N', '2019-09-09 15:09:00'),
(8967448, 'Documentpqo', 'russian', 'h54rsjrF5J46788998', '87861469315', 'ambielynne82@yahoo.com', '', '', '', 0, 0, '', '', '', '2019-09-09', 'Cruise', '1979-11-10', 0, 0, 'N', '2019-09-09 15:50:15'),
(8967449, 'Rubbergdb', 'russian', 'h54rsjrF5J46788998', '88372463619', 'ambielynne82@yahoo.com', '', '', '', 0, 0, '', '', '', '2019-09-09', 'Cruise', '1979-10-11', 0, 0, 'N', '2019-09-09 16:48:55'),
(8967450, 'Interfacevuw', 'russian', 'h54rsjrF5J46788998', '85312787356', 'warehouse.buyer@biola.edu', '', '', '', 0, 0, '', '', '', '2019-09-09', 'Cruise', '1980-11-11', 0, 0, 'N', '2019-09-09 16:58:14'),
(8967451, 'Juicerymn', 'russian', 'h54rsjrF5J46788998', '83624811144', 'jcgiovannetti@hotmail.com', '', '', '', 0, 0, '', '', '', '2019-09-09', 'Other courses', '1977-12-12', 0, 0, 'N', '2019-09-09 17:34:00'),
(8967452, 'Bluetoothbtz', 'russian', 'h54rsjrF5J46788998', '85688818592', 'ather_ffc@hotmail.com', '', '', '', 0, 0, '', '', '', '2019-09-09', 'Cruise', '1979-12-12', 0, 0, 'N', '2019-09-09 17:54:46'),
(8967453, 'Sanderock', 'russian', 'h54rsjrF5J46788998', '85116474567', 'ambielynne82@yahoo.com', '', '', '', 0, 0, '', '', '', '2019-09-09', 'Cruise', '1975-11-10', 0, 0, 'N', '2019-09-09 19:50:34'),
(8967454, 'Leong Hoi Ming, Joshua', 'Singapore', 'T0027347Z', '94281941', 'joshualeong2607@gmail.com', '', '', '', 2, 297, 'FAVE', '', '', '2019-09-10', 'PPCDL under MCC', '23 - 25 Sep (Week Days)', 168, 168, 'Y', '2019-09-10 10:36:31'),
(8967455, 'Ella Sherman', 'BRITISH', 'S7260620E', '+65 91551010', 'ella_sherman@hotmail.com', '', '', '', 0, 0, 'FAVE', '', '', '2019-09-17', 'PPCDL under MCC', '21-23 October', 168, 168, 'Y', '2019-09-17 08:22:48'),
(8967456, 'Yean Oliver Twist', 'Singaporean', 'S0100653C', '91182495', 'yeanolivertwist_9000@hotmail.com', '', '', '', 0, 0, '', '', '', '2019-09-19', 'PPCDL under MCC', 'Weekday (21 -23)7', 0, 0, 'N', '2019-09-19 01:21:26'),
(8967457, 'Yean Oliver Twist', 'Singaporean', 'S0100653C', '91182495', 'yeanolivertwist_9000@hotmail.com', '', '', '', 0, 0, '', '', '', '2019-09-19', 'PPCDL under MCC', 'Weekday (21 -23)7', 0, 0, 'N', '2019-09-19 01:27:57'),
(8967458, 'Liyana wong', 'Singaporean', 'S9225826B', '92340408', 'iyana.wo@gmail.com', '', '', '', 2, 298, 'FAVE', '', '', '2019-09-20', 'PPCDL under MCC', '05 - 12 Oct (Wk End)', 168, 168, 'Y', '2019-09-20 00:11:08'),
(8967459, 'ZHOU YING SHAN GEORGE', 'SINGAPOREAN', 'S9233136I', '98532839', 'georgezhou.rcy@gmail.com', '', '', '', 2, 298, 'FAVE', '', '', '2019-09-20', 'PPCDL under MCC', '05 - 12 Oct (Wk End)', 168, 168, 'Y', '2019-09-20 05:18:10'),
(8967460, 'rSuFdgcTDlbB', 'BvrgjMwyYOZe', 'hsACNflwxvUO', '2771222365', 'marymanning1726@gmail.com', '', '', '', 0, 0, 'METS promotions(Week Ends)', 'NvIjrtLeQyaz', 'vVwpKtqnmQDB', '2019-09-21', '', 'ToWMOkwSRxrI', 0, 0, 'N', '2019-09-21 14:06:57'),
(8967461, 'Sam Ab', 'spr', 's2586785G', '9877777', 'cd@microsoft.com', '', '', '', 0, 0, 'Full-time Student/NSF', '', '', '2020-02-03', 'PPCDL under MCC', '3 march 2020', 320, 320, 'N', '2020-02-03 11:38:31'),
(8967462, 'TAN KER VIN', 'SINGAPOREAN', 'S9711109Z', '90095586', 'kervin@yuantai.com.sg', '', '', '', 0, 0, 'FAVE', '', '', '2020-02-05', 'PPCDL under MCC', '16/02/2020', 168, 168, 'Y', '2020-02-05 04:29:47'),
(8967463, 'TAN KER VIN', 'SINGAPOREAN', 'S9711109Z', '90095586', 'kervin@yuantai.com.sg', '', '', '', 0, 0, 'FAVE', '', '', '2020-02-05', 'PPCDL under MCC', '16/02/2020', 168, 168, 'Y', '2020-02-05 04:34:32'),
(8967464, 'Tan Kai Sin', 'Chinese', 'T0329688H', '94885508', 'Tanks9688@gmail.com', '', '', '', 0, 0, 'FAVE', '', '', '2020-02-05', 'PPCDL under MCC', '14,15,21 march', 168, 168, 'Y', '2020-02-05 09:29:42'),
(8967465, 'Rudy Dekriadi', 'Indonesia', 'S2705426I', '+65 98278963', 'dekriadi@yahoo.com.sg', '', '', '', 0, 0, 'FAVE', '', '', '2020-02-06', 'PPCDL under MCC', '29 Feb 2020', 168, 168, 'Y', '2020-02-06 06:47:39'),
(8967466, 'ONG ENG HUA', 'SINGAPORE', 'S7034026G', '91590408', 'ongeh2001@yahoo.com', '', '', '', 0, 0, 'FAVE', '', '', '2020-02-06', 'PPCDL under MCC', '11, 12, 14 Feb', 168, 168, 'Y', '2020-02-06 08:33:01'),
(8967467, 'ONG ENG HUA', 'SINGAPORE', 'S7034026G', '91590408', 'ongeh2001@yahoo.com', '', '', '', 0, 0, 'FAVE', '', '', '2020-02-06', 'PPCDL under MCC', '11, 12, 14 Feb', 168, 168, 'Y', '2020-02-06 12:57:34'),
(8967468, 'Prabakhar PALPANATHAN', 'Malaysian', 'S8486413G', '93204009', 'prab316@yahoo.com', '', '', '', 0, 0, 'Working Adult', '', '', '2020-02-08', 'PPCDL under MCC', '12 to 13 Feb', 400, 400, 'N', '2020-02-08 09:03:08'),
(8967469, 'Herron Ho Wei Chong', 'Singaporean', 'S9617716Z', '6582334507', 'herron@swimwerks.com.sg', '', '', '', 0, 0, 'FAVE', '', '', '2020-02-19', 'PPCDL under MCC', '24 Feb 2020', 168, 168, 'Y', '2020-02-19 03:56:52'),
(8967470, 'Seetoh Raymond', 'Singaporean', 'S7317578Z', '65+91004910', 'rayseetoh@yahoo.com', '', '', '', 0, 0, 'FAVE', '', '', '2020-02-19', 'PPCDL under MCC', 'March 2020', 168, 168, 'Y', '2020-02-19 15:49:10'),
(8967471, 'NG KOK LEONG', 'SINGAPOREAN', 'S8240684J', '+6581239763', 'fast_nkl@yahoo.com', '', '', '', 0, 0, 'Working Adult', '', '', '2020-02-21', 'PPCDL under MCC', 'Pls kindly advice - No schedules available', 400, 400, 'N', '2020-02-21 05:44:14'),
(8967472, 'rlCoBbWZXT', 'TKnAkcih', 'GDPOZISkKlnoNvt', '8320420758', 'davidmiller10802@gmail.com', '', '', '', 0, 0, 'METS promotions(Week Ends)', 'fyYXlvJQcNdr', 'DESjmXlQquIspd', '2020-02-24', 'PPCDL under MCC', 'dRbvKwnS', 0, 0, 'N', '2020-02-24 21:08:15'),
(8967473, 'vefRbEiJdQuNpD', 'SqXOlsRBjxyD', 'PuEIOTkShpWY', '2491894285', 'davidmiller10802@gmail.com', '', '', '', 0, 0, 'METS promotions(Week Ends)', 'gYIMoOkvGW', 'rdmpGvHZl', '2020-02-24', 'PPCDL under MCC', 'uKfHFoNAsecaxvJr', 0, 0, 'N', '2020-02-24 21:08:18'),
(8967474, 'Tan Yan Hsiu Felise', 'Singaporean', 'S9317557C', '659116995', 'felisetyh@gmail.com', '', '', '', 0, 0, 'FAVE', '', '', '2020-02-25', 'PPCDL under MCC', '', 168, 168, 'Y', '2020-02-25 04:34:32'),
(8967475, 'Low Jen Hui Julia', 'Singaporean', 'S9325312D', '65 98249642', 'lowjenhui@gmail.com', '', '', '', 0, 0, 'FAVE', '', '', '2020-03-07', 'PPCDL under MCC', 'End March', 168, 168, 'Y', '2020-03-07 07:40:04'),
(8967476, 'Joe Lu', 'Chinese', 'EC', '97309590', 'joeluxizhi@gmail.com', '', '', '', 0, 0, 'FAVE', '', '', '2020-03-09', 'PPCDL under MCC', 'March for 2 people', 168, 168, 'Y', '2020-03-09 01:00:23'),
(8967477, 'Christopher Loh Mun Ngai', 'Singaporean', 'S7608002Z', '96488444', 'thirssty@gmail.com', '', '', '', 0, 0, 'FAVE', '', '', '2020-03-11', 'PPCDL under MCC', '', 168, 168, 'Y', '2020-03-11 07:43:13'),
(8967478, 'Jasmine Tan Swee Lian', 'Singaporean', 'S7406613E', '+6597958585', 'thirssty@gmail.com', '', '', '', 0, 0, 'FAVE', '', '', '2020-03-11', 'PPCDL under MCC', '18, 19, 25 April 2020', 168, 168, 'Y', '2020-03-11 07:45:18'),
(8967479, 'Lee Poh Kwee', 'Singaporean', 'S7145273E', '98171832', 'aaron.lee@accesstech.com.sg', '', '', '', 0, 0, 'Working Adult', '', '', '2020-03-12', 'PPCDL under MCC', '18april2020', 400, 400, 'N', '2020-03-12 07:01:22'),
(8967480, 'Lee Poh Kwee', 'Singaporean', 'S7145273E', '98171832', 'aaron.lee@accesstech.com.sg', '', '', '', 0, 0, 'FAVE', '', '', '2020-03-12', 'PPCDL under MCC', '18april2020', 168, 168, 'Y', '2020-03-12 07:02:09'),
(8967481, 'sdaasdasd', 'asdasadad', 'asdad', 'adad', 'a@a.com', '', '', '', 0, 0, 'FAVE', '', '', '2020-03-17', 'PPCDL under MCC', '1', 168, 168, 'Y', '2020-03-17 02:05:18'),
(8967482, 'Liu Chi Keung', 'Singaporean', 'S7656176A', '+6592307828', 'donnyliu@hotmail.com', '', '', '', 0, 0, 'FAVE', '', '', '2020-03-18', 'PPCDL under MCC', '18/19/25 April', 168, 168, 'Y', '2020-03-18 04:47:07'),
(8967483, 'Tan Mong Hiang', 'Singapore', 'S1252933C', '6597581820', 'johantan9@gmail.com', '', '', '', 0, 0, 'Full-time Student/NSF', '', '', '2020-03-24', 'PPCDL under MCC', '', 320, 320, 'N', '2020-03-24 07:07:56'),
(8967484, 'ZcpnIRjmXr', 'KVvLYpmxhcQIqtHl', 'nxQJRtKcYrIG', '2720117840', 'peterlindsey24@gmail.com', '', '', '', 0, 0, 'METS promotions(Week Ends)', 'RPItWFcXNm', 'ovpKHcEebMtDaGfQ', '2020-03-28', 'PPCDL under MCC', 'UiKPFmqMzbBvoNj', 0, 0, 'N', '2020-03-28 07:41:22'),
(8967485, 'xkhsElFfOISPaDt', 'fsjWMFXIkbK', 'ZVfNAFUbl', '6607784356', 'peterlindsey24@gmail.com', '', '', '', 0, 0, 'METS promotions(Week Ends)', 'zuMeVfOUFbkWL', 'aqnNBLdpJPoAXHFx', '2020-03-28', 'PPCDL under MCC', 'vfyBOZGaFxkohq', 0, 0, 'N', '2020-03-28 07:41:25'),
(8967486, 'ZiMgUvHXJnyhL', 'MJBxGodZCQlyrpTO', 'ePKJrINc', '7579521713', 'williamsonarleen767@gmail.com', '', '', '', 0, 0, 'METS promotions(Week Ends)', 'iMqUgDtacWyG', 'IqHCOwFejPMLo', '2020-04-02', 'PPCDL under MCC', 'yOqWFliNpXDBU', 0, 0, 'N', '2020-04-02 03:20:40'),
(8967487, 'AwXEVqsJWypk', 'AToVifFPL', 'rgoYTRVvzCBmSby', '5850894940', 'williamsonarleen767@gmail.com', '', '', '', 0, 0, 'METS promotions(Week Ends)', 'eVuazcTSC', 'mJxQuSkUe', '2020-04-02', 'PPCDL under MCC', 'jSYRXUExybI', 0, 0, 'N', '2020-04-02 03:20:45'),
(8967488, 'Louisdef', 'russian', 'qvkb^13e2FI', '81652473371', 'wwjx3@tvdetkamekfksmotr.site', '', '', '', 0, 0, '', '', '', '2020-04-03', 'Advance Navigation Course', '1979-10-12', 0, 0, 'N', '2020-04-03 06:15:17'),
(8967489, 'Eng Zi Qi', 'Singaporean', 'S9022496D', '+6597600952', 'paper_flag@hotmail.com', '', '', '', 0, 0, 'FAVE', '', '', '2020-04-04', 'PPCDL under MCC', '16 April 2020', 168, 168, 'Y', '2020-04-04 13:03:11'),
(8967490, 'guhiii', 'russian', 'f!W4b1x3buW', '89197659173', 'filma16@mail.ru', '', '', '', 0, 0, '', '', '', '2020-04-12', 'Advance Navigation Course', '1978-11-10', 0, 0, 'N', '2020-04-12 18:09:13'),
(8967491, 'mutDXfkgUjydAG', 'jlkVsmiC', 'gujKXLBE', '5613866118', 'marybrooks2407@gmail.com', '', '', '', 0, 0, 'METS promotions(Week Ends)', 'ufQAmdYGVMLq', 'MXHmGnUKReCwgy', '2020-04-28', 'PPCDL under MCC', 'DMOGgNoRsbKpJ', 0, 0, 'N', '2020-04-28 07:35:04'),
(8967492, 'DyUjxZVs', 'TBNOaXIKUvPVR', 'jZoMNRyAficxePqm', '4498860984', 'marybrooks2407@gmail.com', '', '', '', 0, 0, 'METS promotions(Week Ends)', 'XNkHBlTpubEiRPJA', 'xsqydhbJ', '2020-04-28', 'PPCDL under MCC', 'EbagrhOJlcG', 0, 0, 'N', '2020-04-28 07:35:08'),
(8967493, 'ghfjk', 'russian', 'f!W4b1x3buW', '83671441123', 'osipova19911masha@mail.ru', '', '', '', 0, 0, '', '', '', '2020-04-28', 'Other courses', '1979-10-12', 0, 0, 'N', '2020-04-28 11:32:02'),
(8967494, 'Tan Siew Seng', 'Singaporean', 'S0230978E', '+65 96688868', 'sstan1128@yahoo.com.sg', '', '', '', 0, 0, 'Working Adult', '', '', '2020-04-28', 'PPCDL under MCC', 'may 2020', 400, 400, 'N', '2020-04-28 11:37:47'),
(8967495, 'MRITUNJAY KUMAR SINGH', 'INDIAN', 'K0563635', '+6591696370', 'jai75singh@hotmail.com', '', '', '', 0, 0, 'Working Adult', '', '', '2020-05-14', 'PPCDL under MCC', '05/06/2020', 400, 400, 'N', '2020-05-14 08:56:47'),
(8967496, 'nRCHAujqBKfGidz', 'jeXmREhMi', 'LtpneAHyk', '7197867846', 'maannsims@gmail.com', '', '', '', 0, 0, 'METS promotions(Week Ends)', 'JxYuEkPlaOMLKiy', 'IQuvWySBdKwkGcb', '2020-05-15', 'PPCDL under MCC', 'xvDMbGqlpdSOJnBa', 0, 0, 'N', '2020-05-15 01:11:46'),
(8967497, 'DupPJlWL', 'adebXKuopAM', 'AaMxVvfgpISoz', '5756022413', 'maannsims@gmail.com', '', '', '', 0, 0, 'METS promotions(Week Ends)', 'zDErsfboaBP', 'oNBeaHEOJLFwRblA', '2020-05-15', 'PPCDL under MCC', 'JjumtLcxhkQ', 0, 0, 'N', '2020-05-15 01:12:04'),
(8967498, 'Georgeham', 'russian', 'nx7rb4&8vVQ', '85892246874', 'vkgor8382@mail.ru', '', '', '', 0, 0, '', '', '', '2020-05-31', 'Advance Navigation Course', '1978-12-12', 0, 0, 'N', '2020-05-31 08:18:33'),
(8967499, 'Haroldwooth', 'russian', '%tt75piFk7D', '88339467429', 'marek.andrusiak1@o2.pl', '', '', '', 0, 0, '', '', '', '2020-06-02', 'Cruise', '1979-11-11', 0, 0, 'N', '2020-06-02 07:03:04'),
(8967500, 'CfeMTPRS', 'cgmTyLYHVNP', 'PwXTkyhcBgRpHoL', '3273441430', 'emily8631bro@gmail.com', '', '', '', 0, 0, 'METS promotions(Week Ends)', 'TWMZfFSjYdO', 'LykZhzjE', '2020-06-06', 'PPCDL under MCC', 'XbLGlvaZsJBfj', 0, 0, 'N', '2020-06-06 18:20:43'),
(8967501, 'QTDmKzHEhRkbcZL', 'GCuZxzQLijlmhg', 'QytFSNIp', '6140631451', 'emily8631bro@gmail.com', '', '', '', 0, 0, 'METS promotions(Week Ends)', 'enDuJpoKiHMks', 'hHSmNoxLbA', '2020-06-06', 'PPCDL under MCC', 'VAfiKzFaSIso', 0, 0, 'N', '2020-06-06 18:20:53'),
(8967502, 'maiaa', 'russian', 'nx7rb4&8vVQ', '88196436849', 'vova8091m@mail.ru', '', '', '', 0, 0, '', '', '', '2020-06-07', 'Advance Navigation Course', '1977-10-12', 0, 0, 'N', '2020-06-07 05:14:02'),
(8967503, 'Mohamad Zaini Bin Mohd Rawi', 'Singaporean', 'S7630158A', '8742338', 'zailyna76@gmail.com', '', '', '', 0, 0, 'Group of 3 or more', '', '', '2020-06-08', 'PPCDL under MCC', 'July', 360, 360, 'N', '2020-06-08 15:16:41'),
(8967504, 'sam', 'singaporean', 's1234567d', '98765432', 'mm@gmail.com', '', '', '', 0, 0, 'Full-time Student/NSF', '', '', '2020-06-08', 'PPCDL under MCC', '3 march 2020', 320, 320, 'N', '2020-06-08 15:34:54'),
(8967505, 'NACKY KUTHUPUTHSAMANABDULLA MOHAMED SUHAIB', 'INDIAN', 'G3078094P', '92382237', 'SUHAIBSS.MAIL@GMAIL.COM', '', '', '', 0, 0, 'Working Adult', '', '', '2020-06-11', 'PPCDL under MCC', 'ANY', 400, 400, 'N', '2020-06-11 05:28:22');

-- --------------------------------------------------------

--
-- Table structure for table `booking_details1`
--

CREATE TABLE `booking_details1` (
  `booking_id` int(11) NOT NULL,
  `booking_name` varchar(255) NOT NULL,
  `nationality` varchar(255) NOT NULL,
  `nric_passport_no` varchar(255) NOT NULL,
  `phone` varchar(100) NOT NULL,
  `email` varchar(255) NOT NULL,
  `address` text NOT NULL,
  `noks_name` varchar(255) NOT NULL,
  `noks_phone` varchar(255) NOT NULL,
  `course_id` int(11) NOT NULL,
  `course_training_id` int(11) NOT NULL,
  `registering_as` varchar(255) NOT NULL,
  `voucher_code` varchar(255) NOT NULL,
  `groupon_security_code` varchar(255) NOT NULL,
  `created_date` date NOT NULL,
  `course_name` varchar(255) NOT NULL,
  `preferred_date` varchar(255) NOT NULL,
  `amount` float NOT NULL,
  `payable_amount` float NOT NULL,
  `booking_status` enum('Y','N') NOT NULL DEFAULT 'N',
  `ts` timestamp NOT NULL DEFAULT CURRENT_TIMESTAMP
) ENGINE=MyISAM DEFAULT CHARSET=latin1;

-- --------------------------------------------------------

--
-- Table structure for table `course`
--

CREATE TABLE `course` (
  `course_id` int(11) NOT NULL,
  `course_name` varchar(255) NOT NULL
) ENGINE=MyISAM DEFAULT CHARSET=latin1;

--
-- Dumping data for table `course`
--

INSERT INTO `course` (`course_id`, `course_name`) VALUES
(1, 'Premium PPCDL'),
(2, 'PPCDL under MCC'),
(3, 'Advance Navigation Course');

-- --------------------------------------------------------

--
-- Table structure for table `cruise_details`
--

CREATE TABLE `cruise_details` (
  `id` int(11) NOT NULL,
  `booking_id` int(11) NOT NULL,
  `name` varchar(100) NOT NULL,
  `age` int(11) NOT NULL,
  `number_of_pax` int(11) NOT NULL,
  `cruise_date` varchar(100) NOT NULL,
  `cruise_timing` varchar(100) NOT NULL
) ENGINE=InnoDB DEFAULT CHARSET=latin1 ROW_FORMAT=COMPACT;

--
-- Dumping data for table `cruise_details`
--

INSERT INTO `cruise_details` (`id`, `booking_id`, `name`, `age`, `number_of_pax`, `cruise_date`, `cruise_timing`) VALUES
(1, 8967184, 'valuyshk5l', 0, 0, '1977-12-10', '11.30am - 1.30pm'),
(2, 8967188, 'tanyha_009', 0, 0, '1980-11-11', '11.30am - 1.30pm'),
(3, 8967190, 'OsmiusRDBa', 0, 0, '1980-12-11', '11.30am - 1.30pm'),
(4, 8967195, 'JamesNig', 0, 0, '1977-10-12', '11.30am - 1.30pm'),
(5, 8967206, 'ClydeCop', 0, 0, '1980-11-12', '11.30am - 1.30pm'),
(6, 8967218, 'IrvingPlulp', 0, 0, '1976-12-11', '11.30am - 1.30pm'),
(7, 8967252, 'Premiumyfx', 0, 0, '1978-11-11', '11.30am - 1.30pm'),
(8, 8967253, 'Yamahamsy', 0, 0, '1975-11-11', '11.30am - 1.30pm'),
(9, 8967254, 'Flexiblepdg', 0, 0, '1979-12-10', '11.30am - 1.30pm'),
(10, 8967256, 'Speakeraeb', 0, 0, '1977-10-12', '11.30am - 1.30pm'),
(11, 8967257, 'Documentvyd', 0, 0, '1978-11-10', '11.30am - 1.30pm'),
(12, 8967258, 'BlackVueoxj', 0, 0, '1978-12-12', '11.30am - 1.30pm'),
(13, 8967262, 'Amazonnnkgg', 0, 0, '1976-10-12', '11.30am - 1.30pm'),
(14, 8967264, 'Haywardpys', 0, 0, '1975-11-10', '11.30am - 1.30pm'),
(15, 8967265, 'Holographicbha', 0, 0, '1978-10-10', '11.30am - 1.30pm'),
(16, 8967268, 'Arnottwjz', 0, 0, '1980-10-12', '11.30am - 1.30pm'),
(17, 8967273, 'Businessgxx', 0, 0, '1975-11-12', '11.30am - 1.30pm'),
(18, 8967275, 'Beaconsvj', 0, 0, '1975-11-11', '11.30am - 1.30pm'),
(19, 8967283, 'Raymondemaps', 0, 0, '1980-11-11', '11.30am - 1.30pm'),
(20, 8967295, 'Fortresswjw', 0, 0, '1976-10-12', '11.30am - 1.30pm'),
(21, 8967296, 'Amazonnnjyr', 0, 0, '1978-11-11', '11.30am - 1.30pm'),
(22, 8967297, 'Candyzir', 0, 0, '1980-10-10', '11.30am - 1.30pm'),
(23, 8967298, 'LEE ZHI PENG', 27, 2, '21-07-2019', '11.30am - 1.30pm'),
(24, 8967299, 'LEE ZHI PENG', 27, 2, '21-07-2019', '11.30am - 1.30pm'),
(25, 8967309, 'Pouringwky', 0, 0, '1978-12-11', '11.30am - 1.30pm'),
(26, 8967311, 'Pouringhbe', 0, 0, '1978-11-11', '11.30am - 1.30pm'),
(27, 8967320, 'Plasticrnt', 0, 0, '1980-11-11', '11.30am - 1.30pm'),
(28, 8967326, 'Juicergps', 0, 0, '1976-11-10', '11.30am - 1.30pm'),
(29, 8967333, 'WilsonAdege', 0, 0, '1978-11-10', '11.30am - 1.30pm'),
(30, 8967355, 'Candykrm', 0, 0, '1978-11-11', '11.30am - 1.30pm'),
(31, 8967362, 'Portablexob', 0, 0, '1977-10-10', '11.30am - 1.30pm'),
(32, 8967372, 'Speakervws', 0, 0, '1979-11-12', '11.30am - 1.30pm'),
(33, 8967378, 'CHIRPsen', 0, 0, '1980-12-12', '11.30am - 1.30pm'),
(34, 8967379, 'Fortressbfc', 0, 0, '1975-10-10', '11.30am - 1.30pm'),
(35, 8967381, 'Augustgwc', 0, 0, '1979-11-10', '11.30am - 1.30pm'),
(36, 8967383, 'Bluetoothmsy', 0, 0, '1978-10-12', '11.30am - 1.30pm'),
(37, 8967386, 'Carpettnh', 0, 0, '1979-12-12', '11.30am - 1.30pm'),
(38, 8967392, 'KitchenAidwsl', 0, 0, '1976-10-10', '11.30am - 1.30pm'),
(39, 8967395, 'Vitamixfgt', 0, 0, '1980-11-10', '11.30am - 1.30pm'),
(40, 8967396, 'Flashpaqxao', 0, 0, '1976-12-11', '11.30am - 1.30pm'),
(41, 8967402, 'Portablevwa', 0, 0, '1979-11-11', '11.30am - 1.30pm'),
(42, 8967405, 'Telecasteromb', 0, 0, '1975-10-10', '11.30am - 1.30pm'),
(43, 8967408, 'iAquaLinkwno', 0, 0, '1975-11-11', '11.30am - 1.30pm'),
(44, 8967413, 'Haywardeey', 0, 0, '1979-12-12', '11.30am - 1.30pm'),
(45, 8967415, 'Boschguk', 0, 0, '1977-12-10', '11.30am - 1.30pm'),
(46, 8967416, 'Securityglq', 0, 0, '1980-11-10', '11.30am - 1.30pm'),
(47, 8967420, 'Premiumvmy', 0, 0, '1979-11-10', '11.30am - 1.30pm'),
(48, 8967421, 'Irrigationamt', 0, 0, '1978-12-10', '11.30am - 1.30pm'),
(49, 8967423, 'Artisanrpb', 0, 0, '1976-11-10', '11.30am - 1.30pm'),
(50, 8967426, 'CHIRPuly', 0, 0, '1979-10-10', '11.30am - 1.30pm'),
(51, 8967429, 'Scannerrlq', 0, 0, '1975-12-10', '11.30am - 1.30pm'),
(52, 8967432, 'Blendercmg', 0, 0, '1977-10-10', '11.30am - 1.30pm'),
(53, 8967433, 'Keypadamsv', 0, 0, '1977-11-10', '11.30am - 1.30pm'),
(54, 8967436, 'Avalanchexsh', 0, 0, '1980-12-12', '11.30am - 1.30pm'),
(55, 8967444, 'Augustjrp', 0, 0, '1980-10-12', '11.30am - 1.30pm'),
(56, 8967447, 'Squierigi', 0, 0, '1978-11-11', '11.30am - 1.30pm'),
(57, 8967448, 'Documentpqo', 0, 0, '1975-12-11', '11.30am - 1.30pm'),
(58, 8967449, 'Rubbergdb', 0, 0, '1978-12-10', '11.30am - 1.30pm'),
(59, 8967450, 'Interfacevuw', 0, 0, '1975-10-10', '11.30am - 1.30pm'),
(60, 8967452, 'Bluetoothbtz', 0, 0, '1976-11-12', '11.30am - 1.30pm'),
(61, 8967453, 'Sanderock', 0, 0, '1978-11-12', '11.30am - 1.30pm'),
(62, 8967499, 'Haroldwooth', 0, 0, '1975-10-12', '11.30am - 1.30pm');

-- --------------------------------------------------------

--
-- Table structure for table `faq`
--

CREATE TABLE `faq` (
  `id` int(11) NOT NULL,
  `question` text NOT NULL,
  `answer` text NOT NULL
) ENGINE=InnoDB DEFAULT CHARSET=latin1;

--
-- Dumping data for table `faq`
--

INSERT INTO `faq` (`id`, `question`, `answer`) VALUES
(1, 'Who needs to obtain a PPCDL?', 'Anyone who wants to operate a powered pleasure craft or powered yacht in Singapore should be in possession of a PPCDL'),
(2, 'How much is the course fee? ', '$340 for adults, $270 for fulltime students and NSF personnel, $300 for groups of 3 or more.'),
(3, 'Where will the course be held? ', 'Please check our website at www.mets1.sg for the dates.'),
(4, 'How do I register for the PPCDL course? ', 'You can do it on-line at http://www.mets1.sg/index.php?page=register_online_ppcdl. '),
(5, 'How do i get there?', 'There is a free shuttle bus to MCC from Sengkang MRT station. Pickup is located directly opposite Compass Point and in front of Block 257C. '),
(6, 'When will the course be held? ', 'MCC\'s PPCDL courses are held on weekdays as well as weekeends. Please visit our website at www.mets1.sg for the dates. '),
(7, 'What is the duration of the course? ', 'It is a 2-days course which includes both the theory and practical sessions.'),
(8, 'How long does it take to get the PPCDL? ', 'On completion of the course, you are required to pass the theory and practical test. The waiting period for the theory test is about 4 weeks, and the waiting period for the practical test is another 4 weeks. So approximately it takes about 8 weeks to obtain the PPCDL license. '),
(9, 'Is the PPCDL internationally recognised? ', 'NO, the PPCDL issued by the Maritime and Port Authority of Singapore (MPA) is not recognised internationally. The MPA also does not recognise boat driving licenses issued elsewhere. '),
(10, 'When can I take the medical checkup? ', 'The medical checkup must be done before registering for the test. As long as you are not colour blind and medically fit, you can do the checkup after the PPCDL course. Please bring along the medical report form to the clinic. The medical report form and other required forms can be found on our website in our Forms Download page '),
(11, 'Why do i have to bring the medical report form? ', 'SMA (Singapore Maritime Academy) only recognizes the medical report form. Without this form, you are not able to register for the test. '),
(12, 'Is the PPDCL course only applicable to those who own a boat/craft or is it also open to people like me who don\'t own a boat? ', 'To drive a powered pleasure craft you need the PPCDL. Whether you own it or not, if you want to drive it, you must have a PPCDL. '),
(13, 'Upon acquiring the license, can one like me rent a boat for cruises around Singapore waters? Is this activity only applicable to well to do people and not to ordinary folks like me? ', 'Anyone with a PPCDL can rent boats. A 6-seater boat can be rented out for as low as $60 an hour. '),
(14, 'For the PPDCL license, can it also be used to operate boats such as those similar to the pleasure craft that singapore island cruise operate between the southern island and mainland Singapore? ', 'The PPCDL is strictly for pleasure craft and not commercial craft such as those operated by the island cruise operators. '),
(15, 'Is PPCDL applicable to any size of pleasure craft? ', 'Currently there is only 1 class of pleasure boat driving license, and that is the PPCDL. Soon MPA will be implementing an Advance PPCDL for pleasure craft more than 24 meters in length. ');

-- --------------------------------------------------------

--
-- Table structure for table `group_members`
--

CREATE TABLE `group_members` (
  `id` int(11) NOT NULL,
  `booking_id` int(11) NOT NULL,
  `member_name` varchar(255) NOT NULL,
  `member_ic` varchar(255) NOT NULL,
  `member_email` varchar(255) NOT NULL
) ENGINE=MyISAM DEFAULT CHARSET=latin1;

--
-- Dumping data for table `group_members`
--

INSERT INTO `group_members` (`id`, `booking_id`, `member_name`, `member_ic`, `member_email`) VALUES
(1, 22, 'sadU Kasdd', 'asdas', 'aaa@ss.com'),
(2, 22, 'asda', 'adsa', 'aaa@ss.com'),
(3, 24, 'test3', '12345678', 'test@test.com'),
(4, 24, 'test4', '12345678', 'test4@test.com'),
(5, 24, 'test5', '12345678', 'test5@test.com'),
(6, 29, 'test', 'test', 'test'),
(7, 29, 'test', 'test', 'test'),
(8, 31, 'test12', 'test', 'test'),
(9, 31, 'test', 'test', 'test'),
(10, 49, 'testgrpone', '1234567', 'test1@de.com'),
(11, 49, 'testgrptwo', '1234567256', 'test2@de.com'),
(12, 49, 'test grptwe', '3625947', 'test3@de.com'),
(13, 49, 'test grpfor', '3699584', 'test4@de.com'),
(14, 105, 'Tan Puay Kiang Sharon', 'S8718788H', 'michiyochin@gmail.com'),
(15, 105, 'Lee Zhi Peng, Jason', 'S9214258B', 'jason_lzp@hotmail.com'),
(16, 140, 'Tan Hong Yao', 'S8433538Z', 'hongyao84@gmail.com'),
(17, 140, 'Tan Puay Kiang', 'S8718788H', 'sharon.tanpk@gmail.com'),
(18, 140, 'Chin Zhi Jian Reuben', 'S8511888i', 'reubenchin1985@gmail.com'),
(19, 140, 'Lee Zhi Peng', 'S9214528B', 'jason_lzp@hotmail.com'),
(20, 371, 'dasd', 'asdas', 'aaa@hhh.com'),
(21, 371, 'asdas', 'sada', 'aaa@hhh.com'),
(22, 934, 'Melvyn Leong Yan Weng', 'S7621100J', 'nismo_silvia44@hotmail.com'),
(23, 934, 'Looi Chee Hoong Daniel', 'S7105532I', 'danlooi@hotmail.com'),
(24, 934, 'Looi Kwong Hoong Kelvin', 'S7223198H', 'kelvin_looi@hotmail.com'),
(25, 1152, 'Melissa Charn Tzia Yee', 'S8034062A', 'melissacharn@gmail.com'),
(26, 1152, 'Chung Tzi Wei Venetia', 'S8603831E', 'venetia.13@gmail.com'),
(27, 1152, 'Chung Ley Mun Alicia', 'S8848084H', 'zengliwen_88@hotmail.com'),
(28, 1290, 'Yannick Lothou', 'S7187621G', 'ylothou@yahoo.com'),
(29, 1290, 'Sukporn Markasakulchareon', 'S7465256E', 'sukporn.lothou@gmail.com'),
(30, 1290, 'Sebastien Corominas', 'G6326353U', 'pub1621@hotmail.com'),
(31, 1290, 'Andrea Olivia Tan', 'S8331418D', 'andrea.olivia.tan@gmail.com'),
(32, 1348, '', '', ''),
(33, 1348, '', '', ''),
(34, 1705, 'Ashok Kumar Chawdhary', 'S7978679I', 'ashok@fairmacs.org'),
(35, 1705, 'Sandro David Peter Noe Schaumann', 'Fin: F1822903W', 'sandro@fairmacs.org'),
(36, 1705, '', '', ''),
(37, 1727, 'Ashok Kumar Chawdhary', 'S7978679I', 'ashok@fairmacs.org'),
(38, 1727, 'Sandro David Peter Noe Schaumann', 'F1822903W', 'sandro@fairmacs.org'),
(39, 1727, 'Ang Thian Soo', 'S8129894G', 'marc@fairmacs.org'),
(40, 26204, 'Sudesh Samuel', '7729806A', 'deshst@hotmail.com'),
(41, 26204, 'Yeo Hai Hong', '', ''),
(42, 26204, 'Wong Lum Yew', '', ''),
(43, 61929, '', '', ''),
(44, 61929, '', '', ''),
(45, 61929, '', '', ''),
(46, 63040, '', '', ''),
(47, 63040, '', '', ''),
(48, 63040, '', '', ''),
(49, 63733, 'koura dravid', '', ''),
(50, 63733, 'koura nikhil', '', ''),
(51, 63733, 'koura aaryan nath', '', ''),
(52, 63784, 'koura aaryan', '', ''),
(53, 63784, 'koura dravid', '', ''),
(54, 63784, 'koura nikhil', '', ''),
(55, 64888, 'koura aaryan', '', ''),
(56, 64888, 'koura dravid', '', ''),
(57, 64888, 'koura nikhil', '', ''),
(58, 155257, 'yap wei tat anthony', 's79060305c', 'ilovevanillasky@gmail.com'),
(59, 155257, 'claire teo', 's8040024a', 'claire.thc@gmail.com'),
(60, 155257, 'thng eng chong', 's7316458c', 'hadronbox@gmail.com'),
(61, 155257, 'choo kim eng', 's8360302z', 'angel22_262@hotmail.com'),
(62, 174471, 'SIM STEVEN', 'S1810781C', ''),
(63, 174471, 'BADOR UDDIN', 'G6767210R', ''),
(64, 174471, 'JAHINGIR', 'F8017489Q', ''),
(65, 174471, 'MUHAMMAD ABU TALEB', 'G7269363P', ''),
(66, 183100, 'Oswald Manfred', 'X4656073', 'osi.zurich@bluewin.ch'),
(67, 183100, 'Kuoy John Long', 'S8263261A', 'john.kuoy@international.premierinn.com'),
(68, 183100, 'Oswald Sabrina', 'X1095631', 'sabrina.oswald@gmx.ch'),
(69, 517347, 'sdfsd', '24234', 'sss@ddd.com'),
(70, 517347, 'jbbb', '7676', 'sss@sss.com'),
(71, 598051, 'Deep Shawak', 'G6142358', 'jafriesha@gmail.com'),
(72, 1306616, 'Wu JingLong', 'S8925821I', 'jinglong89@gmail.com'),
(73, 1306616, 'Kwek Wei Siang', 'S8403528I', 'felderkwek@gmail.com'),
(74, 1306616, 'Koh Kok Hong', 'S8826327H', 'lionel.koh@gmail.com'),
(76, 8966936, ' Abdul Rahim Bin Daud', 'S1483095B', ' rahimdaud@hotmail.com'),
(77, 8966936, 'Samsuri Bin Daud', 'S1653061A', ' samsuridaud@hotmail.com'),
(81, 8967090, 'group yeefun two', 's96385214b', 'tyeefun@gaapy.com'),
(82, 8967090, 'group yeefun two', 's78945612b', 'tyeefun@gaapy.com'),
(83, 8967092, 'group yeefun two', 's96385214b', 'tyeefun@gaapy.com'),
(84, 8967092, 'group yeefun three', 's78945612c', 'tyeefun@gaapy.com'),
(85, 8967096, 'Name1', '', ''),
(86, 8967096, 'Name2', '', ''),
(87, 8967098, 'Name1', '', ''),
(88, 8967098, 'Name2', '', ''),
(89, 8967098, 'Name3', '', ''),
(90, 8967098, 'Name4', '', ''),
(91, 8967100, 'n', '', ''),
(92, 8967100, 'n2', '', ''),
(93, 8967100, 'n3', '', ''),
(94, 8967100, 'n4', '', ''),
(95, 8967101, 'M1', '', ''),
(96, 8967101, 'm2', '', ''),
(97, 8967101, 'm3', '', ''),
(98, 8967101, 'm4', '', ''),
(99, 8967101, 'm5', '', '');

-- --------------------------------------------------------

--
-- Table structure for table `no_date_refresher`
--

CREATE TABLE `no_date_refresher` (
  `id` int(11) NOT NULL,
  `month_year` date NOT NULL,
  `nodate` varchar(255) COLLATE utf8_unicode_ci NOT NULL
) ENGINE=MyISAM DEFAULT CHARSET=utf8 COLLATE=utf8_unicode_ci;

--
-- Dumping data for table `no_date_refresher`
--

INSERT INTO `no_date_refresher` (`id`, `month_year`, `nodate`) VALUES
(81, '2015-12-01', '5-6, 12-13, 19-20, 26-27 From 1-6 pm No Training'),
(85, '2015-10-01', '17-18, 24-25, 31-1Nov From 1-6pm No Training'),
(86, '2015-11-01', '7-8, 14-15, 21-22, 28-29 From 1-6pm No Training');

-- --------------------------------------------------------

--
-- Table structure for table `ppcdl_forms`
--

CREATE TABLE `ppcdl_forms` (
  `id` int(11) NOT NULL,
  `form` varchar(255) NOT NULL
) ENGINE=InnoDB DEFAULT CHARSET=latin1;

--
-- Dumping data for table `ppcdl_forms`
--

INSERT INTO `ppcdl_forms` (`id`, `form`) VALUES
(1, '9 PPCDL Set D Dec Uline.pdf'),
(2, '9 PPCDL Set D Dec.pdf');

-- --------------------------------------------------------

--
-- Table structure for table `refresher_start_time`
--

CREATE TABLE `refresher_start_time` (
  `id` int(11) NOT NULL,
  `st_time` time NOT NULL,
  `time_label` varchar(25) NOT NULL
) ENGINE=MyISAM DEFAULT CHARSET=latin1;

--
-- Dumping data for table `refresher_start_time`
--

INSERT INTO `refresher_start_time` (`id`, `st_time`, `time_label`) VALUES
(1, '09:00:00', '9 AM'),
(2, '10:00:00', '10 AM'),
(3, '11:00:00', '11 AM'),
(4, '12:00:00', '12 PM'),
(5, '13:00:00', '1 PM'),
(6, '14:00:00', '2 PM'),
(7, '15:00:00', '3 PM'),
(8, '16:00:00', '4 PM'),
(9, '17:00:00', '5 PM');

-- --------------------------------------------------------

--
-- Table structure for table `refresher_training`
--

CREATE TABLE `refresher_training` (
  `refresher_training_id` int(11) NOT NULL,
  `training_day` int(11) NOT NULL,
  `start_time` time NOT NULL,
  `end_time` time NOT NULL,
  `slot_duration` int(11) NOT NULL
) ENGINE=MyISAM DEFAULT CHARSET=utf8 COLLATE=utf8_unicode_ci;

--
-- Dumping data for table `refresher_training`
--

INSERT INTO `refresher_training` (`refresher_training_id`, `training_day`, `start_time`, `end_time`, `slot_duration`) VALUES
(108, 4, '09:00:00', '10:00:00', 1),
(109, 4, '10:00:00', '11:00:00', 1),
(116, 5, '09:00:00', '10:00:00', 1),
(123, 6, '09:00:00', '10:00:00', 1),
(117, 5, '10:00:00', '11:00:00', 1),
(118, 5, '11:00:00', '12:00:00', 1),
(122, 5, '17:00:00', '18:00:00', 1),
(120, 5, '15:00:00', '16:00:00', 1),
(115, 4, '17:00:00', '18:00:00', 1),
(112, 4, '14:00:00', '15:00:00', 1),
(105, 7, '14:00:00', '16:00:00', 2),
(100, 3, '11:00:00', '13:00:00', 2),
(104, 7, '11:00:00', '13:00:00', 2),
(99, 3, '09:00:00', '11:00:00', 2),
(98, 2, '16:00:00', '18:00:00', 2),
(92, 1, '14:00:00', '16:00:00', 2),
(91, 1, '11:00:00', '13:00:00', 2),
(121, 5, '16:00:00', '17:00:00', 1),
(96, 2, '14:00:00', '16:00:00', 2),
(95, 2, '11:00:00', '13:00:00', 2),
(114, 4, '16:00:00', '17:00:00', 1),
(113, 4, '15:00:00', '16:00:00', 1),
(111, 4, '13:00:00', '14:00:00', 1),
(110, 4, '11:00:00', '12:00:00', 1),
(107, 7, '16:00:00', '18:00:00', 2),
(103, 7, '09:00:00', '11:00:00', 2),
(102, 3, '16:00:00', '18:00:00', 2),
(101, 3, '14:00:00', '16:00:00', 2),
(85, 1, '09:00:00', '11:00:00', 2),
(93, 1, '16:00:00', '18:00:00', 2),
(94, 2, '09:00:00', '11:00:00', 2),
(124, 6, '10:00:00', '11:00:00', 1),
(125, 6, '11:00:00', '12:00:00', 1),
(126, 6, '13:00:00', '14:00:00', 1),
(127, 6, '14:00:00', '15:00:00', 1),
(128, 6, '15:00:00', '16:00:00', 1),
(129, 6, '16:00:00', '17:00:00', 1),
(130, 6, '17:00:00', '18:00:00', 1);

-- --------------------------------------------------------

--
-- Table structure for table `refresher_training_schedules`
--

CREATE TABLE `refresher_training_schedules` (
  `booking_id` int(11) NOT NULL,
  `name` varchar(255) NOT NULL,
  `email` varchar(255) NOT NULL,
  `phone` varchar(255) NOT NULL,
  `course_to_attend` varchar(255) NOT NULL,
  `booking_date` date NOT NULL,
  `refresher_training_id` int(11) NOT NULL,
  `amount` float NOT NULL,
  `created_date` date NOT NULL,
  `booking_status` enum('Y','N') NOT NULL DEFAULT 'N'
) ENGINE=MyISAM DEFAULT CHARSET=latin1;

--
-- Dumping data for table `refresher_training_schedules`
--

INSERT INTO `refresher_training_schedules` (`booking_id`, `name`, `email`, `phone`, `course_to_attend`, `booking_date`, `refresher_training_id`, `amount`, `created_date`, `booking_status`) VALUES
(19, 'test', 'test@test.com', '65', 'MCC/RSYC', '2013-11-12', 96, 240, '2013-11-10', 'N'),
(18, 'TEST EIGHT NOV', 'test081113@test.com', '6512345678', 'MCC/RSYC', '2013-11-13', 99, 240, '2013-11-08', 'N'),
(20, 'U Kean Seng', 'ukeanseng@gmail.com', '6581251697', 'MCC/RSYC', '2014-01-16', 109, 120, '2013-12-18', 'N'),
(21, 'Pelwinderpal Singh	6	20/12/13	9-10am', 'robert_pires_rulz@hotmail.com', '6596521568', 'MCC/RSYC', '2013-12-20', 116, 120, '2013-12-18', 'N'),
(22, 'Pelwinderpal Singh', 'robert_pires_rulz@hotmail.com', '6596521568', 'MCC/RSYC', '2013-12-20', 116, 120, '2013-12-18', 'N'),
(69, 'Davin Yap', 'davinyap@yahoo.com', '6597986934', 'MCC/RSYC', '2014-01-10', 120, 120, '2014-01-01', 'N'),
(178, 'test', 'test@test.com', '6512345678', 'MCC/RSYC', '2014-02-12', 99, 240, '2014-02-10', 'N'),
(251, 'Lew Kian Peng', 'kianpeng2004@yahoo.com.sg', '6590999929', 'MCC/RSYC', '2014-02-27', 115, 120, '2014-02-23', 'N'),
(106, 'Zhang Mingjun', 'becks_07@hotmail.com', '6591690565', 'MCC/RSYC', '2014-02-08', 124, 120, '2014-01-15', 'N'),
(107, 'Zhang Mingjun', 'becks_07@hotmail.com', '6591690565', 'MCC/RSYC', '2014-02-08', 124, 120, '2014-01-15', 'N'),
(108, 'Yuki Khor', 'lovely_yuki78@yahoo.com', '6592245588', 'MCC/RSYC', '2014-02-11', 96, 240, '2014-01-16', 'N'),
(135, 'mark stanton', 'mstanton@vmware.com', '6596267161', 'MCC/RSYC', '2014-02-22', 123, 120, '2014-01-22', 'N'),
(110, 'Ruby Lambert', 'ms.rubes@gmail.com', '65', 'MCC/RSYC', '2014-02-09', 104, 240, '2014-01-16', 'N'),
(182, 'reavathi d/o gunasekaran', 'vayuputra_dolly@hotmail.sg', '6581275544', 'MCC/RSYC', '2014-03-15', 123, 120, '2014-02-10', 'N'),
(112, 'Joe Lim', 'derron2@gmail.com', '6592384516', 'MCC/RSYC', '2014-02-07', 116, 120, '2014-01-16', 'N'),
(183, 'reavathi d/o gunasekaran', 'vayuputra_dolly@hotmail.sg', '6581275544', 'MCC/RSYC', '2014-03-15', 125, 120, '2014-02-10', 'N'),
(184, 'reavathi d/o gunasekaran', 'vayuputra_dolly@hotmail.sg', '6581275544', 'MCC/RSYC', '2014-03-15', 123, 120, '2014-02-10', 'N'),
(174, 'Ong Lyn Fei', 'lyn-fey@hotmail.com', '6597299400', 'MCC/RSYC', '2014-03-15', 123, 120, '2014-02-08', 'N'),
(116, 'Muhammad Faizal Noordin', 'ijal_enlacasa@yahoo.com.sg', '6593395938', 'MCC/RSYC', '2014-02-15', 125, 120, '2014-01-16', 'N'),
(117, 'Wayne Chong', 'robswiftt@hotmail.com', '6594306336', 'MCC/RSYC', '2014-01-22', 100, 240, '2014-01-18', 'N'),
(118, 'Liu Yiying', 'karenyiyingliu@gmail.com', '6593215438', 'MCC/RSYC', '2014-02-15', 125, 120, '2014-01-19', 'N'),
(98, 'Lee Hong Hooi', 'leehonghooi@hotmail.com', '6598425694', 'MCC/RSYC', '2014-02-15', 125, 120, '2014-01-14', 'N'),
(100, 'Lee Chee Sing', 'cslee.25@gmail.com', '6581004125', 'MCC/RSYC', '2014-02-14', 118, 120, '2014-01-15', 'N'),
(883, 'Tang Sheng Cing', 'jit_tang@hotmail.com', '6590232085', 'MCC/RSYC', '2014-08-30', 125, 120, '2014-07-22', 'N'),
(426, 'Graeme Dowsett', 'graeme@completionproducts.com', '91765144', 'MCC/RSYC', '2014-04-28', 91, 240, '2014-04-07', 'N'),
(214, 'Gooi Chi Duan', 'gooichiduan@gmail.com', '6596709492', 'MCC/RSYC', '2014-03-21', 117, 120, '2014-02-15', 'N'),
(130, 'Zhang Mingjun', 'becks_07@Hotmail.com', '659160565', 'MCC/RSYC', '2014-02-07', 122, 120, '2014-01-21', 'N'),
(4075, 'Block', 'system@block.com', '6565644866', 'MCC/RSYC', '2018-07-08', 104, 240, '2018-06-22', 'Y'),
(188, 'Low Sueann', 'low.sue.ann@gmail.com', '6581289397', 'MCC/RSYC', '2014-02-15', 125, 120, '2014-02-11', 'N'),
(176, 'Mollie Tay', 'mollie.tay@axaplanner.com.sg', '+6592398791', 'MCC/RSYC', '2014-02-12', 99, 240, '2014-02-10', 'N'),
(56, 'SNG WEE LUM', 'andy@hengguan.com.sg', '6597861251', 'MCC/RSYC', '2014-01-18', 124, 120, '2013-12-23', 'N'),
(57, 'SNG WEE LUM', 'andy@hengguan.com.sg', '6597861251', 'MCC/RSYC', '2014-01-17', 118, 120, '2013-12-23', 'N'),
(58, 'Ong Lyn Fei', 'lyn-fey@hotmail.com', '6597299400', 'MCC/RSYC', '2014-02-07', 122, 120, '2013-12-23', 'N'),
(59, 'Ong Lyn Fei', 'lyn-fey@hotmail.com', '6597299400', 'MCC/RSYC', '2014-02-06', 115, 120, '2013-12-23', 'N'),
(61, 'test', 'test@phone.com', '651234567', 'MCC/RSYC', '2014-01-02', 108, 120, '2013-12-26', 'N'),
(216, 'Jason Aw', 'jasonaw@gmail.com', '65', 'MCC/RSYC', '2014-03-28', 121, 120, '2014-02-17', 'N'),
(65, 'veronique cornu meffert', 'veroniquemcornu@gmail.com', '6590618378', 'MCC/RSYC', '2014-01-25', 123, 120, '2013-12-28', 'N'),
(70, 'Kelvin Ang', 'kelvinang@live.com.sg', '65', 'MCC/RSYC', '2014-02-08', 123, 120, '2014-01-02', 'N'),
(71, 'Kelvin Ang', 'kelvinang@live.com.sg', '86924760', 'MCC/RSYC', '2014-02-08', 123, 120, '2014-01-02', 'N'),
(120, 'CHRIS ROGERS', 'chris@onsponge.com', '6596725886', 'MCC/RSYC', '2014-01-23', 109, 120, '2014-01-20', 'N'),
(73, 'Tan yee wee Gilbert', 'gtan22@yahoo.com.sg', '6597969568', 'MCC/RSYC', '2014-02-07', 121, 120, '2014-01-03', 'N'),
(172, 'ron chia', 'ronchia1@yahoo.com', '6596209958', 'MCC/RSYC', '2014-02-08', 123, 120, '2014-02-06', 'N'),
(173, 'ron chia', 'ronchia1@yahoo.com', '6596209958', 'MCC/RSYC', '2014-02-09', 105, 240, '2014-02-06', 'N'),
(175, 'Joey Teo', 'joeyteo981@gmail.com', '6581880489', 'MCC/RSYC', '2014-03-14', 117, 120, '2014-02-09', 'N'),
(77, 'Felix Lee', 'felix.lee.sy@gmail.com', '6596451428', 'MCC/RSYC', '2014-01-18', 125, 120, '2014-01-06', 'N'),
(78, 'Tian Sion Yoong', 'sionyoong@gmail.com', '6596829382', 'MCC/RSYC', '2014-01-18', 125, 120, '2014-01-06', 'N'),
(479, 'JOSHUA KENNETH LOUIS', 'joshua_kenneth_louis@hotmail.com', '6597280645', 'MCC/RSYC', '2014-04-28', 91, 240, '2014-04-17', 'N'),
(80, 'Gates Lee', 'gateslee94@hotmail.com', '6598781571', 'MCC/RSYC', '2014-01-11', 126, 120, '2014-01-06', 'N'),
(81, 'Tay Choon Meng', 'kelvin.taycm@yahoo.com.sg', '656820949', 'MCC/RSYC', '2014-01-18', 125, 120, '2014-01-08', 'N'),
(82, 'Angeline Leow', 'angeline_leow@hotmail.com', '6597939792', 'MCC/RSYC', '2014-02-14', 121, 120, '2014-01-08', 'N'),
(83, 'Tyan Chwan Rong', 'chwanrong@gmail.com', '6598474091', 'MCC/RSYC', '2014-02-15', 123, 120, '2014-01-09', 'N'),
(222, 'Ong Hui Lin', 'findme.tricia90@gmail.com', '6598170229', 'MCC/RSYC', '2014-03-28', 116, 120, '2014-02-17', 'N'),
(85, 'Wong Mo See', 'wongmosee@yahoo.com', '6598164964', 'MCC/RSYC', '2014-02-15', 123, 120, '2014-01-09', 'N'),
(86, 'Lee Chee Sing', 'cslee.25@gmail.com', '6581004125', 'MCC/RSYC', '2014-02-15', 123, 120, '2014-01-09', 'N'),
(122, 'Ku Pao Jung', 'hurricanewiz@hotmail.com', '6593234018', 'MCC/RSYC', '2014-01-23', 110, 120, '2014-01-20', 'N'),
(89, 'Melissa Chua', 'melissachuahx@gmail.com', '6596780289', 'MCC/RSYC', '2014-01-18', 130, 120, '2014-01-09', 'N'),
(90, 'chris rogers', 'chris@onsponge.com', '6596725886', 'MCC/RSYC', '2014-01-14', 95, 240, '2014-01-09', 'N'),
(92, 'Veronique Cornu Meffert', 'veroniquemcornu@gmail.com', '6590618378', 'MCC/RSYC', '2014-01-24', 122, 120, '2014-01-09', 'N'),
(93, 'Pelwinderpal Singh', 'robert_pires_rulz@hotmail.com', '6596521568', 'MCC/RSYC', '2014-01-16', 112, 120, '2014-01-10', 'N'),
(94, 'Pelwinderpal Singh', 'robert_pires_rulz@hotmail.com', '6596521568', 'MCC/RSYC', '2014-01-16', 112, 120, '2014-01-10', 'N'),
(189, 'Ju Ming Wong', 'decksurgeon@gmail.com', '6596800237', 'MCC/RSYC', '2014-03-08', 123, 120, '2014-02-11', 'N'),
(324, 'Chloe Goh', 'chloego@laservision.sg', '6566453000', 'MCC/RSYC', '2014-04-15', 94, 240, '2014-03-12', 'N'),
(97, 'Aileen Tan', 'Aileen.ailin@gmail.com', '6596315345', 'MCC/RSYC', '2014-02-08', 129, 120, '2014-01-14', 'N'),
(254, 'jonathan hacon', 'jonathan.hacon@citi.com', '6598292458', 'MCC/RSYC', '2014-03-01', 124, 120, '2014-02-24', 'N'),
(138, 'Timothy Han', 'timothy.han.2012@smu.edu.sg', '6591901665', 'MCC/RSYC', '2014-02-19', 101, 240, '2014-01-22', 'N'),
(139, 'Vivek Khabya', 'vivek@sgpstar.com', '6592347358', 'MCC/RSYC', '2014-01-29', 101, 240, '2014-01-23', 'N'),
(177, 'Mollie Tay', 'mollie.tay@axaplanner.com.sg', '+6592398791', 'MCC/RSYC', '2014-02-12', 99, 240, '2014-02-10', 'N'),
(4065, 'Block', 'system@block.com', '6565644866', 'MCC/RSYC', '2018-07-06', 122, 120, '2018-06-22', 'Y'),
(142, 'kelvin yeo', 'security@jsml.com.sg', '6566639258', 'MCC/RSYC', '2014-01-25', 124, 120, '2014-01-23', 'N'),
(143, 'esther lim', 'esther8999@hotmail.com', '6590225058', 'MCC/RSYC', '2014-02-28', 118, 120, '2014-01-26', 'N'),
(144, 'esther lim li lin', 'esther8999@hotmail.com', '6590225058', 'MCC/RSYC', '2014-03-01', 125, 120, '2014-01-26', 'N'),
(145, 'Chua Sin Sze', 'Sinsze.chua@gmail.com', '6596226761', 'MCC/RSYC', '2014-02-15', 125, 120, '2014-01-27', 'N'),
(250, 'Lew Kian Peng', 'Kianpeng2004@yahoo.com.sg', '6590999929', 'MCC/RSYC', '2014-02-27', 115, 120, '2014-02-23', 'N'),
(147, 'Tay Yee Paa Tony', 'id4tonytay@gmail.com', '6596808483', 'MCC/RSYC', '2014-02-20', 110, 120, '2014-01-27', 'N'),
(148, 'Tay Yee Paa Tony', 'id4tonytay@gmail.com', '6596808483', 'MCC/RSYC', '2014-02-21', 118, 120, '2014-01-27', 'N'),
(149, 'Tay Yee Paa Tony', 'id4tonytay@gmail.com', '6596808483', 'MCC/RSYC', '2014-02-21', 118, 120, '2014-01-27', 'N'),
(150, 'Chua Sin Sze', 'sinsze.chua@gmail.com', '6596226761', 'MCC/RSYC', '2014-02-14', 117, 120, '2014-01-28', 'N'),
(151, 'PEH CHEE CHUNG', 'ppeh@mmm.com', '6582280792', 'MCC/RSYC', '2014-02-14', 122, 120, '2014-01-28', 'N'),
(152, 'Li Hui Xian', 'lihuixian10@hotmail.com', '6596345799', 'MCC/RSYC', '2014-02-21', 118, 120, '2014-01-28', 'N'),
(153, 'Li Hui Xian', 'lihuixian10@hotmail.com', '65964345799', 'MCC/RSYC', '2014-02-28', 122, 120, '2014-01-28', 'N'),
(154, 'Chiew Wenqi', 'wenqi_1995@hotmail.com', '6597880994', 'MCC/RSYC', '2014-03-01', 125, 120, '2014-01-28', 'N'),
(4108, 'Block', 'system@block.com', '6565644866', 'MCC/RSYC', '2018-08-18', 127, 120, '2018-08-07', 'Y'),
(157, 'Roomaizan Bin Omar', 'saxtune_74@yahoo.com.sg', '6594526549', 'MCC/RSYC', '2014-02-15', 125, 120, '2014-01-30', 'N'),
(187, 'Sivakaanthan', 'sivanyunjia@gmail.com', '6582001354', 'MCC/RSYC', '2014-02-14', 122, 120, '2014-02-11', 'N'),
(185, 'Desmond Tan', 'dessie.tsh@gmail.com', '6598807541', 'MCC/RSYC', '2014-02-14', 122, 120, '2014-02-10', 'N'),
(162, 'Tony Tay', 'id4tonytay@gmail.com', '6596808483', 'MCC/RSYC', '2014-02-20', 110, 120, '2014-02-04', 'N'),
(163, 'Cheong Hai Thoo', 'cheonght@singtel.com', '6596322299', 'MCC/RSYC', '2014-02-06', 110, 120, '2014-02-04', 'N'),
(164, 'Cheong Hai Thoo', 'cheonght@singtel.com', '6596322299', 'MCC/RSYC', '2014-02-06', 110, 120, '2014-02-04', 'N'),
(165, 'Pang Jiekun', 'Andypjk@hotmail.com', '6593864443', 'MCC/RSYC', '2014-02-11', 95, 240, '2014-02-05', 'N'),
(166, 'Joey Teo', 'joeyteo981@gmail.com', '6581880489', 'MCC/RSYC', '2014-03-07', 116, 120, '2014-02-05', 'N'),
(167, 'GARY GOH POH SENG', 'GARYGOH@ICREDIT.COM.SG', '6584888988', 'MCC/RSYC', '2014-02-16', 103, 240, '2014-02-05', 'N'),
(168, 'Senthil K', 'sandhill84@gmail.com', '6591154169', 'MCC/RSYC', '2014-02-14', 122, 120, '2014-02-05', 'N'),
(190, 'Dawn Tan', 'dawn.beforesunrise@gmail.com', '6590080844', 'MCC/RSYC', '2014-03-08', 124, 120, '2014-02-11', 'N'),
(252, 'Lew Kian Peng', 'kianpeng2004@yahoo.com.sg', '6590999929', 'MCC/RSYC', '2014-02-27', 115, 120, '2014-02-23', 'N'),
(253, 'kee wei keong', 'keong_9@hotmail.com', '82019214', 'MCC/RSYC', '2014-03-22', 123, 120, '2014-02-23', 'N'),
(305, 'Lester yoon', 'Lesyoon@gmail.com', '6596869684', 'MCC/RSYC', '2014-03-21', 121, 120, '2014-03-08', 'N'),
(306, 'Khoo Chun kee', 'vynkhoo@gmail.com', '6593637703', 'MCC/RSYC', '2014-03-21', 121, 120, '2014-03-08', 'N'),
(195, 'Ron chia', 'illysong@yahoo.com', '6596246264', 'MCC/RSYC', '2014-02-15', 127, 120, '2014-02-11', 'N'),
(196, 'Gilbert Tan', 'gtan22@yahoo.com.sg', '6597969568', 'MCC/RSYC', '2014-03-15', 123, 120, '2014-02-11', 'N'),
(198, 'Brennan Tan', 'cassandra.ee@rsyc.org.sg', '6596636656', 'MCC/RSYC', '2014-02-27', 113, 120, '2014-02-11', 'N'),
(245, 'hilbert', 'hilbert@mets1.sg', '65999999999999', 'MCC/RSYC', '2014-03-12', 99, 240, '2014-02-21', 'N'),
(270, 'Gary Goh Poh Seng', 'garygoh@icredit.com.sg', '6584888988', 'MCC/RSYC', '2014-03-02', 103, 240, '2014-02-26', 'N'),
(311, 'Murugan S/O R Jayabalan', 'muruku_rox@hotmail.com', '6592375827', 'MCC/RSYC', '2014-03-13', 111, 120, '2014-03-10', 'N'),
(206, 'Soh Weihan', 'weihan97@hotmail.com', '6596750307', 'MCC/RSYC', '2014-02-20', 108, 120, '2014-02-13', 'N'),
(207, 'Bong Saik King', 'bsking78@hotmail.com', '6596347133', 'MCC/RSYC', '2014-02-22', 129, 120, '2014-02-14', 'N'),
(4106, 'Block', 'system@block.com', '6565644866', 'MCC/RSYC', '2018-08-18', 125, 120, '2018-08-07', 'Y'),
(4105, 'Block', 'system@block.com', '6565644866', 'MCC/RSYC', '2018-08-18', 124, 120, '2018-08-07', 'Y'),
(210, 'Lee Kai Wee', 'kaiwei_1985@hotmail.com', '6594294444', 'MCC/RSYC', '2014-03-15', 124, 120, '2014-02-14', 'N'),
(784, 'Adeline Chew Hui Yi', 'adelinechew.hy@gmail.com', '6590096637', 'MCC/RSYC', '2014-07-09', 101, 240, '2014-07-06', 'N'),
(476, 'Jay Ng', 'jing.ngli@gmail.com', '6593207996', 'MCC/RSYC', '2014-05-23', 121, 120, '2014-04-16', 'N'),
(213, 'BENZ KEW', 'benzkew@gmail.com', '6598225115', 'MCC/RSYC', '2014-02-20', 108, 120, '2014-02-15', 'N'),
(3793, 'Lim Say Onn', 'arzoponic@gmail.com', '6598569409', 'MCC/RSYC', '2017-06-03', 126, 80, '2017-05-31', 'N'),
(615, 'SEBASTIAN SHEN', 'SIMSEBASTIANSS@GMAIL.COM', '6596946975', 'MCC/RSYC', '2014-07-04', 120, 120, '2014-05-23', 'N'),
(524, 'Chia Ling Ling', 'Liling_13@yahoo.com.sg', '6594354408', 'MCC/RSYC', '2014-05-22', 112, 120, '2014-04-30', 'N'),
(227, 'li', 'smlsfinance@yahoo.com.sg', '65', 'MCC/RSYC', '2014-02-20', 115, 120, '2014-02-18', 'N'),
(229, 'Jonar Daria Honrado', 'hrtrg@jsml.com.sg', '6583821540', 'Other Marinas', '2014-03-07', 116, 150, '2014-02-18', 'N'),
(230, 'Sydul Islam', 'hrtrg@jsml.com.sg', '6585800679', 'Other Marinas', '2014-03-07', 116, 150, '2014-02-18', 'N'),
(231, 'Aristozel Rasay Ruedas', 'hrtrg@jsml.com.sg', '6583729862', 'Other Marinas', '2014-03-07', 116, 150, '2014-02-18', 'N'),
(232, 'Yeo Chew Seng (Yang QiuSheng)', 'hrtrg@jsml.com.sg', '6583004811', 'Other Marinas', '2014-03-07', 116, 150, '2014-02-18', 'N'),
(428, 'Chew Cheng Wei', 'jeremy_chew80@yahoo.com', '6591250840', 'MCC/RSYC', '2014-05-16', 120, 120, '2014-04-07', 'N'),
(234, 'Issac Pang', 'issacpangsz@gmail.com', '6591836220', 'MCC/RSYC', '2014-03-22', 129, 120, '2014-02-18', 'N'),
(237, 'derek sharples', 'derek.sharples@airbus.com', '6596777861', 'MCC/RSYC', '2014-02-27', 115, 120, '2014-02-19', 'N'),
(238, 'David Blackburn', 'Blackburndg@gmail.com', '6593837746', 'MCC/RSYC', '2014-03-04', 95, 240, '2014-02-19', 'N'),
(573, 'Adil hakim', 'Msahakim@gmail.com', '6583431875', 'MCC/RSYC', '2014-05-18', 103, 240, '2014-05-14', 'N'),
(430, 'premal suresh patel', 'premal@zervavra.com', '6597998491', 'MCC/RSYC', '2014-05-16', 116, 120, '2014-04-07', 'N'),
(242, 'hui xian', 'lihuixian10@hotmail.com', '6596345799', 'MCC/RSYC', '2014-02-23', 103, 240, '2014-02-21', 'N'),
(243, 'hilbert', 'hilbert@mets1.sg', '6596155546', 'MCC/RSYC', '2014-03-27', 114, 120, '2014-02-21', 'N'),
(317, 'Murugan RJ', 'muruku_rox@hotmail.com', '6592375827', 'MCC/RSYC', '2014-03-13', 112, 120, '2014-03-11', 'N'),
(261, 'Bala G, Jerry goh & Joseph joo', 'bg007sg@gmail.com', '97250990', 'MCC/RSYC', '2014-02-26', 99, 240, '2014-02-24', 'N'),
(262, 'LIM LYE HUAT', 'limlawus@gmail.com', '6596199471', 'MCC/RSYC', '2014-04-04', 122, 120, '2014-02-24', 'N'),
(433, 'Nicholas Hong', 'nicholashong@email.com', '6596561559', 'MCC/RSYC', '2014-04-24', 110, 120, '2014-04-08', 'N'),
(431, 'Nicholas Hong', 'nicholashong@email.com', '6596561559', 'MCC/RSYC', '2014-04-24', 109, 120, '2014-04-07', 'N'),
(309, 'Oliver Houchin +1 more person', 'oliie.singapore@gmail.com', '6593805200', 'MCC/RSYC', '2014-03-12', 101, 240, '2014-03-09', 'N'),
(434, 'Nicholas Hong', 'nicholashong@email.com', '6596561559', 'MCC/RSYC', '2014-04-24', 110, 120, '2014-04-08', 'N'),
(4114, 'Sofian', 'system@phone.com', '6594873574', 'MCC/RSYC', '2018-08-16', 109, 120, '2018-08-14', 'Y'),
(831, 'Pauline Ee', 'pauline.ee@yahoo.com', '6598380708', 'MCC/RSYC', '2014-08-23', 123, 120, '2014-07-14', 'N'),
(436, 'Jeremy Chew', 'jeremy_chew80@yahoo.com', '6591250840', 'MCC/RSYC', '2014-05-16', 120, 120, '2014-04-09', 'N'),
(4064, 'Block', 'system@block.com', '6565644866', 'MCC/RSYC', '2018-07-06', 121, 120, '2018-06-22', 'Y'),
(303, 'Helen Thompson', 'chateausingapore@singapore.com', '6597794036', 'MCC/RSYC', '2014-04-19', 123, 120, '2014-03-08', 'N'),
(481, 'Cheow Kian Seng', 'I@sherrman.com', '6596688019', 'MCC/RSYC', '2014-05-09', 122, 120, '2014-04-19', 'N'),
(288, 'Alphonsus Cheong', 'ac.alphonsus@gmail.com', '6594305553', 'MCC/RSYC', '2014-03-13', 115, 120, '2014-03-03', 'N'),
(440, 'Nicholas Hong', 'nicholashong@email.com', '6596561559', 'MCC/RSYC', '2014-04-24', 110, 120, '2014-04-09', 'N'),
(417, 'xxx', 'ddd@yahoo.com', '6598657890', 'MCC/RSYC', '2014-04-12', 127, 120, '2014-04-04', 'N'),
(290, 'Mok Li Hao Thomas', 'Mlht86@hotmail.com', '6581185799', 'MCC/RSYC', '2014-04-05', 125, 120, '2014-03-05', 'N'),
(291, 'CHYAN SHIANG CHIEN', 'ducklich@hotmail.com', '6590108581', 'MCC/RSYC', '2014-04-04', 118, 120, '2014-03-05', 'N'),
(420, 'Roozaimy Bin Omar', 'roozaimy@gmail.com', '6582227774', 'MCC/RSYC', '2014-05-14', 101, 240, '2014-04-05', 'N'),
(4091, 'Liang Yunfeng', 'briceliang@hotmail.com', '65+96605766', 'MCC/RSYC', '2018-08-23', 114, 80, '2018-07-27', 'Y'),
(4092, 'Block', 'system@block.com', '6565644866', 'MCC/RSYC', '2018-08-11', 123, 120, '2018-08-07', 'Y'),
(751, 'NG WAN XIA CAROL', 'tuffybuff@gmail.com', '6596177530', 'MCC/RSYC', '2014-08-13', 99, 240, '2014-06-30', 'N'),
(432, 'Nicholas Hong', 'nicholashong@email.com', '6596561559', 'MCC/RSYC', '2014-04-24', 110, 120, '2014-04-07', 'N'),
(492, 'Nicholas Hong', 'nicholashong@email.com', '6596561559', 'MCC/RSYC', '2014-05-08', 108, 120, '2014-04-22', 'N'),
(330, 'Damien chua', 'zmchua@yahoo.com', '6581135849', 'MCC/RSYC', '2014-03-19', 100, 240, '2014-03-14', 'N'),
(3777, 'Low Sock Hong', 'phyllislow@hotmail.com', '6596868855', 'MCC/RSYC', '2017-06-09', 121, 80, '2017-05-18', 'N'),
(332, 'Chan Xiu Li', 'chanxiuli@hotmail.sg', '6582002062', 'MCC/RSYC', '2014-04-17', 109, 120, '2014-03-15', 'N'),
(333, 'Chan Xiu Li', 'chanxiuli@hotmail.sg', '6582002062', 'MCC/RSYC', '2014-04-17', 109, 120, '2014-03-15', 'N'),
(334, 'Chan Xiu Li', 'chanxiuli@hotmail.sg', '6582002062', 'MCC/RSYC', '2014-04-17', 109, 120, '2014-03-15', 'N'),
(338, 'KEE wei keong', 'Keong_9@hotmail.com', '6582019214', 'MCC/RSYC', '2014-04-18', 116, 120, '2014-03-16', 'N'),
(339, 'RAHAMAN SUMAN', 'zrazak@drew-marine.com', '6591182446', 'Other Marinas', '2014-04-11', 120, 150, '2014-03-18', 'N'),
(340, 'Chen Sijia', 'chen.sijia@stee.stengg.com', '6591708258', 'MCC/RSYC', '2014-03-28', 116, 120, '2014-03-18', 'N'),
(761, 'TAN WEE CHONG', 'wee-chong.tan@teradyne.com', '6597999099', 'MCC/RSYC', '2014-08-08', 121, 120, '2014-07-01', 'N'),
(343, 'Mark Hayes', 'markhayes1962@hotmail.com', '91529796', 'MCC/RSYC', '2014-04-19', 125, 120, '2014-03-18', 'N'),
(581, 'Lyn Foo', 'thimberwolf101@yaho.com.sg', '6596869205', 'MCC/RSYC', '2014-06-10', 98, 240, '2014-05-16', 'N'),
(349, 'Vincent Goh', 'creagift@yahoo.com.sg', '6597461332', 'MCC/RSYC', '2014-04-24', 110, 120, '2014-03-20', 'N'),
(4104, 'Block', 'system@block.com', '6565644866', 'MCC/RSYC', '2018-08-18', 123, 120, '2018-08-07', 'Y'),
(4103, 'Block', 'system@block.com', '6565644866', 'MCC/RSYC', '2018-08-12', 107, 240, '2018-08-07', 'Y'),
(575, 'Chia Yi Yin, Ada', 'yiyin.ada@gmail.com', '81331513', 'Other Marinas', '2014-05-22', 114, 0, '2014-05-15', 'N'),
(629, 'Keith Kueh', 'keithkuehmc@yahoo.com', '6597778280', 'MCC/RSYC', '2014-07-09', 100, 240, '2014-05-27', 'N'),
(538, 'Shingo Miyamoto', 'shingo.miyamoto@barclaysasia.com', '6597806331', 'MCC/RSYC', '2014-05-22', 111, 120, '2014-05-02', 'N'),
(539, 'Shingo Miyamoto', 'shingo.miyamoto@barclaysasia.com', '6597806331', 'MCC/RSYC', '2014-05-06', 95, 240, '2014-05-02', 'N'),
(392, 'Chiew Wenqi', 'wenqi_1995@hotmail.com', '6597880994', 'MCC/RSYC', '2014-04-05', 125, 120, '2014-03-31', 'N'),
(774, 'Chia Ling Ling', 'Liling_13@yahoo.com.sg', '6594354408', 'MCC/RSYC', '2014-07-10', 112, 120, '2014-07-03', 'N'),
(518, 'Gabriel Lim', 'gabrielll@hotmail.com', '6585185849', 'Other Marinas', '2014-05-15', 113, 150, '2014-04-30', 'N'),
(468, 'Tan Lim Hi', 'ktanlh@yahoo.com.sg', '6567943364', 'MCC/RSYC', '2014-05-02', 117, 120, '2014-04-15', 'N'),
(367, 'SONG JUNWEI KELVIN', 'kelvin_song@hotmail.com', '6596169250', 'MCC/RSYC', '2014-04-08', 95, 240, '2014-03-26', 'N'),
(469, 'Vincent Sim', 'simyongsheng628@gmail.com', '6592723392', 'MCC/RSYC', '2014-05-22', 110, 120, '2014-04-15', 'N'),
(3815, 'Richard Liau', 'richardliau@yahoo.com.sg', '6590089652', 'MCC/RSYC', '2017-06-15', 113, 80, '2017-06-12', 'N'),
(471, 'OH CHUIN HAN TERRENCE', 'len77oh@yahoo.com.sg', '657641399', 'MCC/RSYC', '2014-04-25', 121, 120, '2014-04-15', 'N'),
(373, 'RAHAMAN BIN SUMAN', 'rahamansuman@hotmail.com', '6591182446', 'Other Marinas', '2014-04-10', 112, 150, '2014-03-27', 'N'),
(374, 'Wynn Wong', 'wynnwongkl@gmail.com', '6582280715', 'MCC/RSYC', '2014-04-26', 123, 120, '2014-03-27', 'N'),
(3795, 'Raymond', 'Raymondtanzw@gmail.com', '98586695', 'MCC/RSYC', '2017-06-23', 118, 80, '2017-06-03', 'N'),
(926, 'Pauline Ee', 'ee.pauline@yahoo.com', '6598380708', 'MCC/RSYC', '2014-09-14', 103, 240, '2014-08-12', 'N'),
(377, 'Andrea', 'andreakuo@gmail.com', '6597524707', 'MCC/RSYC', '2014-04-26', 125, 120, '2014-03-27', 'N'),
(378, 'Andrea', 'andreakuo@gmail.com', '6597524707', 'MCC/RSYC', '2014-04-26', 125, 120, '2014-03-27', 'N'),
(4052, 'Block', 'system@block.com', '6565644866', 'MCC/RSYC', '2018-06-28', 111, 120, '2018-06-18', 'Y'),
(4053, 'Block', 'system@block.com', '6565644866', 'MCC/RSYC', '2018-06-28', 112, 120, '2018-06-18', 'Y'),
(537, 'Shingo Miyamoto', 'shingo.miyamoto@barclaysasia.com', '6597806331', 'MCC/RSYC', '2014-05-24', 124, 120, '2014-05-02', 'N'),
(467, 'Tan Lim Hi', 'ktanlh@yahoo.com.sg', '6567943364', 'MCC/RSYC', '2014-05-09', 117, 120, '2014-04-15', 'N'),
(614, 'christine lim', 'songfct_chris@hotmail.com', '6590069509', 'Other Marinas', '2014-07-03', 115, 150, '2014-05-23', 'N'),
(555, 'Darren Choy', '1darrenchoy@gmail.com', '6598223325', 'MCC/RSYC', '2014-05-15', 111, 120, '2014-05-10', 'N'),
(4077, 'TEST', 'hiebert@singnet.com.sg', '65', 'MCC/RSYC', '2018-06-07', 108, 80, '2018-06-27', 'N'),
(530, 'Lee Hsiiao Ning', 'hsiaoning@gmail.com', '6593373323', 'MCC/RSYC', '2014-06-15', 103, 240, '2014-05-02', 'N'),
(531, 'Lee Hsiao Ning', 'hsiaoning@gmail.com', '6593373323', 'MCC/RSYC', '2014-06-20', 116, 120, '2014-05-02', 'N'),
(756, 'CHENG KIM HAN STANLEY', 'atco22@gmail.com', '6594750022', 'MCC/RSYC', '2014-08-02', 124, 120, '2014-07-01', 'N'),
(757, 'Lee Pih Peng', 'leepihpeng@leenlee.com.sg', '6598192029', 'MCC/RSYC', '2014-07-03', 108, 120, '2014-07-01', 'N'),
(543, 'Kwang Yee Theng', 'shinshingg@yahoo.com', '6596521643', 'MCC/RSYC', '2014-06-19', 108, 120, '2014-05-05', 'N'),
(447, 'Alfred Lau', 'alfred_lau@yahoo.com', '93660999', 'MCC/RSYC', '2014-04-12', 127, 120, '2014-04-10', 'N'),
(4107, 'Block', 'system@block.com', '6565644866', 'MCC/RSYC', '2018-08-18', 126, 120, '2018-08-07', 'Y'),
(526, 'Desmond Tan', 'desmond036@hotmail.com', '6590679362', 'MCC/RSYC', '2014-06-13', 118, 120, '2014-05-01', 'N'),
(487, 'Dr Gabriele Galdi', 'mike.phua@ymail.com', '93851226', 'MCC/RSYC', '2014-05-16', 118, 120, '2014-04-22', 'N'),
(773, 'Chia Ling Ling', 'Liling_13@yahoo.com.sg', '6594354408', 'MCC/RSYC', '2014-07-05', 125, 120, '2014-07-03', 'N'),
(452, 'Tan HIANG wee', 'Dtan5335@yahoo.com.sg', '6590299693', 'MCC/RSYC', '2014-05-15', 111, 120, '2014-04-10', 'N'),
(453, 'Miyamoto Shingo', 'shingo.miyamoto@barclaysasia.com', '6597806331', 'MCC/RSYC', '2014-04-27', 107, 240, '2014-04-11', 'N'),
(454, 'Alfred Lau', 'alfred_lau@yahoo.com', '65', 'MCC/RSYC', '2014-04-13', 104, 240, '2014-04-11', 'N'),
(455, 'Hoe Hong Jun', 'taz10me@yahoo.com', '6598290133', 'MCC/RSYC', '2014-04-19', 128, 120, '2014-04-12', 'N'),
(456, 'Hoe Hong Jun', 'taz10me@yahoo.com', '6598290133', 'MCC/RSYC', '2014-04-19', 128, 120, '2014-04-12', 'N'),
(4049, 'Block', 'system@block.com', '6565644866', 'MCC/RSYC', '2018-06-28', 108, 120, '2018-06-18', 'Y'),
(4050, 'Block', 'system@block.com', '6565644866', 'MCC/RSYC', '2018-06-28', 109, 120, '2018-06-18', 'Y'),
(871, 'Razali', 'razali.mastapa@harvest.sg', '6598269511', 'MCC/RSYC', '2014-08-25', 85, 240, '2014-07-21', 'N'),
(3829, 'Tan Pin Wei', 'deadlyroyal@hotmail.com', '6594595651', 'MCC/RSYC', '2017-06-22', 108, 80, '2017-06-19', 'N'),
(861, 'Kevin', 'Genderstar@hotmail.com', '6598294965', 'MCC/RSYC', '2014-07-25', 116, 120, '2014-07-18', 'N'),
(460, 'Muhamad Haidi Bin Hussin', 'mdwish4001@yahoo.com.sg', '6593370704', 'MCC/RSYC', '2014-05-07', 100, 240, '2014-04-14', 'N'),
(4082, 'hilbert F', 'hiebert@sinet.com.sg', '6596155546', 'MCC/RSYC', '2018-07-11', 99, 160, '2018-07-11', 'N'),
(779, 'Roy Dass', 'roy.dass@hotmail.com', '+6594569486', 'MCC/RSYC', '2014-07-26', 125, 120, '2014-07-04', 'N'),
(523, 'Chia Ling Ling', 'Liling_13@yahoo.com.sg', '6594354408', 'MCC/RSYC', '2014-05-22', 111, 120, '2014-04-30', 'N'),
(574, 'Tan Chet Siang Mark', 'takumi7186@yahoo.com.sg', '6596979483', 'MCC/RSYC', '2014-06-14', 127, 120, '2014-05-15', 'N'),
(900, 'M.Vishnu Raj', 'sunlandraj@yahoo.com.sg', '006583105285', 'MCC/RSYC', '2014-08-14', 112, 120, '2014-08-02', 'N'),
(625, 'GARY GOH POH SENG', 'GARY_SKID@HOTMAIL.COM', '6584888988', 'MCC/RSYC', '2014-06-08', 104, 240, '2014-05-26', 'N'),
(4061, 'Block', 'system@block.com', '6565644866', 'MCC/RSYC', '2018-07-06', 117, 120, '2018-06-22', 'Y'),
(4062, 'Block', 'system@block.com', '6565644866', 'MCC/RSYC', '2018-07-06', 118, 120, '2018-06-22', 'Y'),
(628, 'Tan Chet Siang Mark', 'takumi7186@yahoo.com.sg', '6596979483', 'MCC/RSYC', '2014-07-18', 116, 120, '2014-05-27', 'N'),
(504, 'Wang Nan Feng', 'wang_nan_feng@hotmail.com', '6590237266', 'MCC/RSYC', '2014-05-23', 122, 120, '2014-04-24', 'N'),
(505, 'Wang Nan Feng', 'wang_nan_feng@hotmail.com', '6590237266', 'MCC/RSYC', '2014-05-22', 113, 120, '2014-04-24', 'N'),
(3794, 'Lim Say Onn', 'arzoponic@gmail.com', '6598569409', 'MCC/RSYC', '2017-06-03', 126, 80, '2017-05-31', 'N'),
(4076, 'test', 'gh.foo.sg.@gpp.com', '6581913630', 'MCC/RSYC', '2018-06-25', 85, 160, '2018-06-22', 'N'),
(621, 'Emmanuel Yeo', 'emmanuel.yeo@gmail.com', '6598186974', 'MCC/RSYC', '2014-06-15', 104, 240, '2014-05-25', 'N'),
(544, 'Kwang Yee Theng', 'shinshingg@yahoo.com', '6596521643', 'MCC/RSYC', '2014-06-20', 117, 120, '2014-05-05', 'N'),
(512, 'vynesh kumar', 'vynesh@gmail.com', '6596573845', 'MCC/RSYC', '2014-06-13', 121, 120, '2014-04-25', 'N'),
(513, 'Nur Nadira Binte Abdul Latiff', 'nadiralatiff@yahoo.com', '6597289145', 'MCC/RSYC', '2014-05-04', 103, 240, '2014-04-27', 'N'),
(613, 'Jerilee Leong', 'jerileeleong@gmail.com', '6597248078', 'MCC/RSYC', '2014-06-24', 98, 240, '2014-05-23', 'N'),
(515, 'POH HUI JIE', 'poh.huijie@hotmail.com', '6596829927', 'MCC/RSYC', '2014-04-30', 99, 240, '2014-04-28', 'N'),
(769, 'Toh Pei Xuan', 'Taekwondo.peixuan@gmail.com', '6581820250', 'MCC/RSYC', '2014-08-15', 116, 120, '2014-07-02', 'N'),
(571, 'TAN WEE CHONG', 'wee-chong.tan@teradyne.com', '6597999099', 'MCC/RSYC', '2014-05-19', 92, 240, '2014-05-14', 'N'),
(541, 'Samar Wadia', 'samwadia@gmail.com', '6581265310', 'MCC/RSYC', '2014-05-05', 85, 240, '2014-05-03', 'N'),
(557, 'Abdullah Othman', 'abdullah@andalus.com.sg', '6598424747', 'MCC/RSYC', '2014-06-14', 124, 120, '2014-05-11', 'N'),
(558, 'Abdullah Othman', 'abdullah@andalus.com.sg', '6598424747', 'MCC/RSYC', '2014-06-14', 125, 120, '2014-05-11', 'N'),
(559, 'Abdullah Othman', 'abdulah@andalus.com.sg', '6598424747', 'MCC/RSYC', '2014-06-21', 126, 120, '2014-05-11', 'N'),
(560, 'tee wilson', 'wilson_wst@hotmail.com', '6597956845', 'MCC/RSYC', '2014-06-07', 124, 120, '2014-05-11', 'N'),
(616, 'Kenneth zhang', 'jfken88@yahoo.com', '6596689678', 'MCC/RSYC', '2014-05-30', 116, 120, '2014-05-24', 'N'),
(563, 'Alcan Ng', 'alcan_ng@hotmail.com', '6597568868', 'MCC/RSYC', '2014-05-22', 108, 120, '2014-05-12', 'N'),
(3856, 'Toh You Jing', 'tohyoujing@gmail.com', '6591529156', 'MCC/RSYC', '2017-07-15', 124, 80, '2017-07-12', 'N'),
(760, 'TAN WEE CHONG', 'wee-chong.tan@teradyne.com', '6597999099', 'MCC/RSYC', '2014-08-15', 121, 120, '2014-07-01', 'N'),
(913, 'Toh Pei Xuan', 'Taekwondo.peixuan@gmail.com', '6581820250', 'MCC/RSYC', '2014-08-08', 116, 120, '2014-08-06', 'N'),
(4093, 'Block', 'system@block.com', '6565644866', 'MCC/RSYC', '2018-08-11', 124, 120, '2018-08-07', 'Y'),
(697, 'Joseph Goh', 'jogohsw@yahoo.com', '6581811129', 'MCC/RSYC', '2014-07-04', 120, 120, '2014-06-14', 'N'),
(4081, 'junhao', 'junhao911.loh@gmail.com', '6582283409', 'MCC/RSYC', '2018-07-12', 108, 80, '2018-07-10', 'Y'),
(582, 'LENA LEONG', 'LENA_2129@HOTMAIL.COM', '6591772929', 'MCC/RSYC', '2014-07-05', 123, 120, '2014-05-17', 'N'),
(872, 'Goh Kok Beng', 'danny.goh@harvest.sg', '6591118858', 'MCC/RSYC', '2014-08-28', 108, 120, '2014-07-21', 'N'),
(4084, 'Lua Wei Ming', 'gbr_mersi@hotmail.com', '92706267', 'MCC/RSYC', '2018-08-10', 117, 80, '2018-07-21', 'Y'),
(4038, 'Dgukanraj (11-12pm)', 'system@phone.com', '6594521200', 'MCC/RSYC', '2018-06-10', 104, 240, '2018-06-08', 'Y'),
(588, 'CHYAN SHIANG CHIEN', 'ducklich@hotmail.com', '+6590108581', 'MCC/RSYC', '2014-05-21', 100, 240, '2014-05-19', 'N'),
(755, 'Andrew Ong Wei Hao', 'ongweihao82@Hotmail.com', '6590119549', 'MCC/RSYC', '2014-08-02', 127, 120, '2014-07-01', 'N'),
(591, 'Foo Fong Lin', 'thimberwolf101@yahoo.com.sg', '6596869205', 'MCC/RSYC', '2014-06-12', 114, 120, '2014-05-19', 'N'),
(592, 'Yeo Chian Yuen', 'thimberwolf101@yahoo.com.sg', '6598363796', 'MCC/RSYC', '2014-06-12', 115, 120, '2014-05-19', 'N'),
(4074, 'Block', 'system@block.com', '6565644866', 'MCC/RSYC', '2018-07-08', 103, 240, '2018-06-22', 'Y'),
(594, 'christine lim', 'songfct_chris@hotmail.com', '90069509', 'MCC/RSYC', '2014-07-04', 122, 120, '2014-05-21', 'N'),
(595, 'tet', 'test@tesrt.com', '651234567', 'MCC/RSYC', '2014-05-29', 108, 120, '2014-05-22', 'N'),
(4078, 'Stewart Hine', 'stewart.hine@gmail.com', '90227856', 'MCC/RSYC', '1970-01-01', 112, 80, '2018-07-03', 'N'),
(4079, 'Stewart Hine', 'stewart.hine@gmail.com', '90227856', 'MCC/RSYC', '2018-07-05', 112, 80, '2018-07-03', 'N'),
(599, 'Lee Seng Hee John', 'sodapop1999@hotmail.com', '6593650231', 'MCC/RSYC', '2014-06-07', 123, 120, '2014-05-22', 'N'),
(603, 'christine lim', 'songfct_chris@hotmail.com', '6590069509', 'MCC/RSYC', '2014-07-04', 122, 120, '2014-05-22', 'N'),
(4083, 'Lua Wei Ming', 'gbr_mersi@hotmail.com', '65 92706267', 'MCC/RSYC', '2018-08-10', 116, 80, '2018-07-21', 'Y'),
(605, 'christine lim', 'songfct_chris@hotmail.com', '6590069509', 'MCC/RSYC', '2014-07-03', 115, 120, '2014-05-22', 'N'),
(606, 'christine lim', 'songfct_chris@hotmail.com', '6590069509', 'MCC/RSYC', '2014-07-03', 115, 120, '2014-05-22', 'N'),
(607, 'Chong Keng Han', 'Genghan@gmail.com', '657707277', 'MCC/RSYC', '2014-06-21', 126, 120, '2014-05-22', 'N'),
(873, 'test', 'test@frg.com', '651234567', 'MCC/RSYC', '2014-07-23', 102, 240, '2014-07-21', 'N'),
(639, 'Chong Keng Han', 'genghan@gmail.com', '657707277', 'MCC/RSYC', '2014-06-21', 127, 120, '2014-05-28', 'N'),
(640, 'Chong Keng Han', 'genghan@gmail.com', '657707277', 'MCC/RSYC', '2014-06-28', 127, 120, '2014-05-28', 'N'),
(843, 'Felicia', 'felicia_yee@yahoo.com.sg', '6592735382', 'MCC/RSYC', '2014-07-16', 102, 240, '2014-07-14', 'N'),
(747, 'Perpillou', 'dperpillou@gmail.com', '6596721032', 'MCC/RSYC', '2014-07-10', 115, 120, '2014-06-30', 'N'),
(643, 'dawn', 'dawn_csm@hotmail.com', '65', 'MCC/RSYC', '2014-06-06', 116, 120, '2014-05-29', 'N'),
(927, 'Andrea Kuo', 'andreakuo@gmail.com', '6597524707', 'MCC/RSYC', '2014-08-21', 108, 120, '2014-08-12', 'N'),
(928, 'Ryan tan', 'Yantan66666@live.com', '6598765431', 'MCC/RSYC', '2014-09-14', 107, 240, '2014-08-12', 'N'),
(4051, 'Block', 'system@block.com', '6565644866', 'MCC/RSYC', '2018-06-28', 110, 120, '2018-06-18', 'Y'),
(647, 'Kow Khee Tgeeng', 'justkt@singnet.com.sg', '6597624878', 'MCC/RSYC', '2014-07-07', 91, 240, '2014-05-29', 'N'),
(864, 'Leslie Tay', 'lesliecktay@gmail.com', '67494209', 'MCC/RSYC', '2014-07-24', 112, 120, '2014-07-18', 'N'),
(745, 'Justin', 'jiaxian85@gmail.com', '6591830383', 'MCC/RSYC', '2014-07-20', 104, 240, '2014-06-29', 'N'),
(4048, 'Block', 'system@block.com', '6565644866', 'MCC/RSYC', '2018-06-27', 102, 240, '2018-06-18', 'Y'),
(652, 'Kevin Hwa', 'genderstar@hotmail.com', '98294965', 'MCC/RSYC', '2014-06-14', 129, 120, '2014-06-01', 'N'),
(653, 'Kevin Hwa', 'genderstar@hotmail.com', '98294965', 'MCC/RSYC', '2014-06-20', 120, 120, '2014-06-01', 'N'),
(744, 'wmsd weerakoon', 'sujithd1981@gmai.com', '+6587274562', 'MCC/RSYC', '2014-07-11', 121, 120, '2014-06-29', 'N'),
(743, 'wmsd weerakoon', 'sujithd1981@gmai.com', '+6587274562', 'MCC/RSYC', '2014-07-11', 121, 120, '2014-06-29', 'N'),
(4110, 'Block', 'system@block.com', '6565644866', 'MCC/RSYC', '2018-08-18', 129, 120, '2018-08-07', 'Y'),
(4109, 'Block', 'system@block.com', '6565644866', 'MCC/RSYC', '2018-08-18', 128, 120, '2018-08-07', 'Y'),
(741, 'Shaun Tan', 'Shaun.tan@rocketmail.com', '6581886116', 'MCC/RSYC', '2014-07-15', 94, 240, '2014-06-28', 'N'),
(4112, 'Abdullah Tawfiq', 'fiq.hope@gmail.com', '6581342327', 'MCC/RSYC', '2018-08-17', 116, 80, '2018-08-11', 'Y'),
(4111, 'Block', 'system@block.com', '6565644866', 'MCC/RSYC', '2018-08-18', 130, 120, '2018-08-07', 'Y'),
(662, 'LEE CHEOW HIN', 'andy@esctservice.com', '98308866', 'MCC/RSYC', '2014-06-10', 95, 240, '2014-06-02', 'N'),
(663, 'LEE CHEOW HIN', 'andy@esctservice.com', '98308866', 'MCC/RSYC', '2014-06-19', 108, 120, '2014-06-02', 'N'),
(664, 'LEE CHEOW HIN', 'andy@esctservice.com', '98308866', 'MCC/RSYC', '2014-06-12', 108, 120, '2014-06-02', 'N'),
(739, 'Sherman Lo', 'sherman.lo@marinabaysands.com', '6583280682', 'MCC/RSYC', '2014-08-15', 116, 120, '2014-06-27', 'N'),
(667, 'Kenneth Chia', 'kennethchia7@gmail.com', '82826029', 'MCC/RSYC', '2014-06-05', 114, 120, '2014-06-03', 'N'),
(4090, 'Liang Yunfeng', 'briceliang@hotmail.com', '6596605766', 'MCC/RSYC', '2018-08-23', 114, 80, '2018-07-26', 'N'),
(669, 'Elson Chia', 'ctselson@gmail.com', '81139938', 'MCC/RSYC', '2014-06-05', 115, 120, '2014-06-03', 'N'),
(672, 'New Zheng Lei', 'zl.2004@gmail.com', '6581610242', 'MCC/RSYC', '2014-06-12', 110, 120, '2014-06-05', 'N'),
(736, 'tan kok wee', 'dennistan_rich@yahoo.com.sg', '6597500826', 'MCC/RSYC', '2014-07-11', 122, 120, '2014-06-25', 'N'),
(3780, 'Kelvin Tay', 'kelvin089@hotmail.com', '+6592474226', 'MCC/RSYC', '2017-05-29', 93, 160, '2017-05-23', 'N'),
(897, 'razali', 'razali.mastapa@harvest.sg', '6598269511', 'MCC/RSYC', '2014-08-20', 99, 240, '2014-08-01', 'N'),
(733, 'Kevin Hwa', 'genderstar@hotmail.com', '6598294965', 'MCC/RSYC', '2014-07-11', 122, 120, '2014-06-25', 'N'),
(732, 'tan kok wee', 'dennistan_rich@yahoo.com.sg', '6597500826', 'MCC/RSYC', '2014-07-06', 104, 240, '2014-06-25', 'N'),
(4041, 'Block', 'system@block.com', '6565644866', 'MCC/RSYC', '2018-06-26', 94, 240, '2018-06-18', 'Y'),
(4042, 'Block', 'system@block.com', '6565644866', 'MCC/RSYC', '2018-06-26', 95, 240, '2018-06-18', 'Y'),
(4043, 'Block', 'system@block.com', '6565644866', 'MCC/RSYC', '2018-06-26', 96, 240, '2018-06-18', 'Y'),
(681, 'Chia Kang Cheng', 'chia.kang.cheng@gmail.com', '97552239', 'MCC/RSYC', '2014-07-11', 120, 120, '2014-06-09', 'N'),
(682, 'Chia Kang Cheng', 'chia.kang.cheng@gmail.com', '97552239', 'MCC/RSYC', '2014-07-11', 120, 120, '2014-06-09', 'N'),
(683, 'Chia Kang Cheng', 'chia.kang.cheng@gmail.com', '6597552239', 'MCC/RSYC', '2014-07-12', 129, 120, '2014-06-09', 'N'),
(684, 'Chia Kang Cheng', 'chia.kang.cheng@gmail.com', '6597552239', 'MCC/RSYC', '2014-07-12', 128, 120, '2014-06-09', 'N'),
(685, 'Chia Kang Cheng', 'chia.kang.cheng@gmail.com', '97552239', 'MCC/RSYC', '2014-07-11', 120, 120, '2014-06-09', 'N'),
(852, 'Max Woon', 'ducatistrada@gmail.com', '6590034806', 'MCC/RSYC', '2014-08-29', 122, 120, '2014-07-15', 'N'),
(687, 'Jonathan', 'jonathan.lee.kane@gmail.com', '6586612905', 'MCC/RSYC', '2014-06-12', 108, 120, '2014-06-10', 'N'),
(4080, 'Felicia', 'system@phone.com', '6596261210', 'MCC/RSYC', '2018-07-13', 118, 120, '2018-07-03', 'Y'),
(730, 'Alex Poh', 'Jxlex@yahoo.com.au', '6596545599', 'MCC/RSYC', '2014-07-18', 120, 120, '2014-06-24', 'N'),
(4047, 'Block', 'system@block.com', '6565644866', 'MCC/RSYC', '2018-06-27', 101, 240, '2018-06-18', 'Y'),
(4039, 'Block', 'system@block.com', '6565644866', 'MCC/RSYC', '2018-06-21', 108, 120, '2018-06-18', 'Y'),
(4040, 'Block', 'system@block.com', '6565644866', 'MCC/RSYC', '2018-06-21', 109, 120, '2018-06-18', 'Y'),
(696, 'vynesh kumar', 'vyneshk@HOTMAIL.COM', '6596573845', 'MCC/RSYC', '2014-06-18', 99, 240, '2014-06-13', 'N'),
(4088, 'Abdullah Tawfiq Abdul Rahman', 'fiq.hope@gmail.com', '81342327', 'MCC/RSYC', '2018-08-01', 99, 160, '2018-07-25', 'Y'),
(699, 'Ada Chia', 'yiyin.ada@gmail.com', '81331513', 'MCC/RSYC', '2014-06-27', 117, 120, '2014-06-16', 'N'),
(700, 'Ada Chia', 'yiyin.ada@gmail.com', '81331513', 'MCC/RSYC', '2014-06-27', 117, 120, '2014-06-16', 'N'),
(858, 'Mohammad Khalid', 'raihan2@singnet.com.sg', '6591171501', 'Other Marinas', '2014-07-19', 128, 150, '2014-07-17', 'N'),
(4089, 'Lim Wan Ting', 'limwanting1991@gmail.com', '6590170991', 'MCC/RSYC', '2018-08-01', 100, 160, '2018-07-25', 'Y'),
(845, 'Felicia', 'felicia_yee@yahoo.com.sg', '6592735382', 'MCC/RSYC', '2014-07-18', 117, 120, '2014-07-15', 'N'),
(4063, 'Block', 'system@block.com', '6565644866', 'MCC/RSYC', '2018-07-06', 120, 120, '2018-06-22', 'Y'),
(705, 'Julia Lee', 'jleecl@gmail.com', '6597299918', 'Other Marinas', '2014-07-17', 113, 150, '2014-06-17', 'N'),
(3858, 'Toh You Jing', 'tohyoujing@gmail.com', '6591529156', 'MCC/RSYC', '2017-07-21', 116, 80, '2017-07-15', 'N'),
(4087, 'Coroline', 'system@phone.com', '6596923381', 'MCC/RSYC', '2018-07-26', 114, 120, '2018-07-24', 'Y'),
(726, 'George Heuer', 'georgeh@microgaming.co.uk', '6597713602', 'MCC/RSYC', '2014-07-27', 104, 240, '2014-06-24', 'N'),
(936, 'TAN WEI HUA', 'weiihuaa@gmail.com', '6591090415', 'Other Marinas', '2014-08-27', 101, 300, '2014-08-15', 'N'),
(935, 'RAHMAT BIN ISMAIL (MALAY)', 'mat_dash87@yahoo.com.sg', '6594870194', 'MCC/RSYC', '2014-09-06', 124, 120, '2014-08-15', 'N'),
(4044, 'Block', 'system@block.com', '6565644866', 'MCC/RSYC', '2018-06-26', 98, 240, '2018-06-18', 'Y'),
(4045, 'Block', 'system@block.com', '6565644866', 'MCC/RSYC', '2018-06-27', 99, 240, '2018-06-18', 'Y'),
(714, 'Roy Dass', 'roy.dass@hotmail.com', '+6594569486', 'MCC/RSYC', '2014-07-24', 113, 120, '2014-06-20', 'N'),
(849, 'Ernest Tan', 'ernie.tango@gmail.com', '6593867480', 'MCC/RSYC', '2014-07-25', 118, 120, '2014-07-15', 'N'),
(716, 'Tan Boon Teck', 'jay_tbt@hotmail.com', '6590685816', 'MCC/RSYC', '2014-07-11', 121, 120, '2014-06-21', 'N'),
(717, 'Tan Boon Teck', 'jay_tbt@hotmail.com', '6590685816', 'MCC/RSYC', '2014-07-12', 125, 120, '2014-06-21', 'N'),
(876, 'Goh Kok Beng', 'danny.goh@harvest.sg', '6591118858', 'MCC/RSYC', '2014-08-28', 108, 120, '2014-07-21', 'N'),
(877, 'Goh Kok Beng', 'danny.goh@harvest.sg', '6591118858', 'MCC/RSYC', '2014-08-28', 108, 120, '2014-07-21', 'N'),
(878, 'Muhammad Razali', 'razali.mastapa@harvest.sg', '6598269511', 'MCC/RSYC', '2014-08-25', 85, 240, '2014-07-21', 'N'),
(4113, 'Lim Wan Ting', 'limwanting1991@gmail.com', '6590170991', 'MCC/RSYC', '2018-08-17', 117, 80, '2018-08-11', 'Y'),
(722, 'Tan Kee Lin', 'tkl.tankeelin@gmail.com', '6594232388', 'MCC/RSYC', '2014-06-28', 123, 120, '2014-06-23', 'N'),
(723, 'Tay Cheow Khoon', 'lesliecktay@gmail.com', '657494209', 'MCC/RSYC', '2014-07-24', 112, 120, '2014-06-23', 'N'),
(724, 'Roy Dass', 'roy.dass@hotmail.com', '+6594569486', 'MCC/RSYC', '2014-07-26', 123, 120, '2014-06-23', 'N'),
(4046, 'Block', 'system@block.com', '6565644866', 'MCC/RSYC', '2018-06-27', 100, 240, '2018-06-18', 'Y'),
(786, 'Tan Kee Lin', 'tkl.tankeelin@gmail.com', '6594232388', 'MCC/RSYC', '2014-07-12', 124, 120, '2014-07-07', 'N'),
(787, 'Tan Kee Lin', 'tkl.tankeelin@gmail.com', '6594232388', 'MCC/RSYC', '2014-07-12', 124, 120, '2014-07-07', 'N'),
(788, 'Tan Kee Lin', 'tkl.tankeelin@gmail.com', '6594232388', 'MCC/RSYC', '2014-07-12', 124, 120, '2014-07-07', 'N'),
(789, 'Tan Kee Lin', 'tkl.tankeelin@gmail.com', '6594232388', 'MCC/RSYC', '2014-07-12', 124, 120, '2014-07-07', 'N'),
(833, 'Pauline Ee', 'pauline.ee@yahoo.com', '6598380708', 'MCC/RSYC', '2014-08-23', 127, 120, '2014-07-14', 'N'),
(791, 'Rafiuddin Zakaria', 'rafimariam@hotmail.sg', '6597260746', 'MCC/RSYC', '2014-07-26', 129, 120, '2014-07-07', 'N'),
(792, 'Rafiuddin Zakaria', 'rafimariam@hotmail.sg', '6597260746', 'MCC/RSYC', '2014-07-26', 129, 120, '2014-07-07', 'N'),
(4101, 'Block', 'system@block.com', '6565644866', 'MCC/RSYC', '2018-08-12', 104, 240, '2018-08-07', 'Y'),
(4102, 'Block', 'system@block.com', '6565644866', 'MCC/RSYC', '2018-08-12', 105, 240, '2018-08-07', 'Y'),
(795, 'Toh Wee Ling Christina', 'kristinato@yahoo.com', '6598664557', 'MCC/RSYC', '2014-07-30', 101, 240, '2014-07-07', 'N'),
(796, 'roy.dass', 'roy.dass@hotmail.com', '6594569486', 'MCC/RSYC', '2014-07-26', 125, 120, '2014-07-07', 'N'),
(4060, 'Block', 'system@block.com', '6565644866', 'MCC/RSYC', '2018-07-06', 116, 120, '2018-06-22', 'Y'),
(915, 'Chong Chee Weng', 'marktow22@hotmail.com', '6597692231', 'MCC/RSYC', '2014-08-22', 121, 120, '2014-08-06', 'N'),
(799, 'Aaron Teo', 'aaron54088@hotmail.com', '6591732517', 'MCC/RSYC', '2014-07-20', 105, 240, '2014-07-08', 'N'),
(3819, 'Thor Chang Ghee', 'alvisthor@yahoo.com.sg', '6590284480', 'MCC/RSYC', '2017-06-22', 115, 80, '2017-06-16', 'N'),
(4100, 'Block', 'system@block.com', '6565644866', 'MCC/RSYC', '2018-08-12', 103, 240, '2018-08-07', 'Y'),
(802, 'ABDUL HALIM BIN ADAM', 'drancos666@hotmail.com', '6592205470', 'MCC/RSYC', '2014-08-22', 118, 120, '2014-07-09', 'N'),
(4099, 'Block', 'system@block.com', '6565644866', 'MCC/RSYC', '2018-08-11', 130, 120, '2018-08-07', 'Y'),
(805, 'Vincent Raj Hanson', 'kristallox@yahoo.co.uk', '6598501775', 'MCC/RSYC', '2014-08-14', 108, 120, '2014-07-09', 'N'),
(806, 'Tan Si Ying Kristy', 'tsiying@hotmail.com', '6590015445', 'MCC/RSYC', '2014-08-16', 129, 120, '2014-07-09', 'N'),
(4055, 'Block', 'system@block.com', '6565644866', 'MCC/RSYC', '2018-06-28', 114, 120, '2018-06-18', 'Y'),
(4054, 'Block', 'system@block.com', '6565644866', 'MCC/RSYC', '2018-06-28', 113, 120, '2018-06-18', 'Y'),
(923, 'Jerry Phee', 'J3rrybol@hotmail.com', '6596266196', 'MCC/RSYC', '2014-08-14', 111, 120, '2014-08-12', 'N'),
(924, 'WONG HAO NIAN', 'haonianian@yahoo.com.sg', '6581283842', 'MCC/RSYC', '2014-08-14', 112, 120, '2014-08-12', 'N'),
(4059, 'Dgkanraj', 'system@phone.com', '6594521200', 'MCC/RSYC', '2018-06-22', 117, 120, '2018-06-20', 'Y'),
(814, 'Darren Choy', '1darrenchoy@gmail.com', '6598223325', 'MCC/RSYC', '2014-07-17', 114, 120, '2014-07-10', 'N'),
(4098, 'Block', 'system@block.com', '6565644866', 'MCC/RSYC', '2018-08-11', 129, 120, '2018-08-07', 'Y'),
(817, 'Tan Li Chien', 'tan_li_chien@hotmail.com', '6597616065', 'MCC/RSYC', '2014-08-23', 123, 120, '2014-07-10', 'N'),
(4056, 'Block', 'system@block.com', '6565644866', 'MCC/RSYC', '2018-06-28', 115, 120, '2018-06-18', 'Y'),
(4057, 'Gukanraj', 'dgukanraj29@yahoo.com.sg', '65 94521200', 'MCC/RSYC', '2018-06-22', 117, 80, '2018-06-20', 'N'),
(4058, 'Gukanraj', 'dgukanraj29@yahoo.com.sg', '65', 'MCC/RSYC', '2018-06-22', 117, 80, '2018-06-20', 'N'),
(3805, 'Thor Chang Ghee', 'alvisthor@yahoo.com.sg', '6590284480', 'MCC/RSYC', '2017-06-23', 122, 80, '2017-06-11', 'N'),
(3806, 'Thor Chang Ghee', 'alvisthor@yahoo.com.sg', '6590284480', 'MCC/RSYC', '2017-06-22', 115, 80, '2017-06-11', 'N'),
(4097, 'Block', 'system@block.com', '6565644866', 'MCC/RSYC', '2018-08-11', 128, 120, '2018-08-07', 'Y'),
(4096, 'Block', 'system@block.com', '6565644866', 'MCC/RSYC', '2018-08-11', 127, 120, '2018-08-07', 'Y'),
(4094, 'Block', 'system@block.com', '6565644866', 'MCC/RSYC', '2018-08-11', 125, 120, '2018-08-07', 'Y'),
(4095, 'Block', 'system@block.com', '6565644866', 'MCC/RSYC', '2018-08-11', 126, 120, '2018-08-07', 'Y'),
(828, 'Emmanuel Yeo', 'emmanuel.yeo@gmail.com', '6598186974', 'MCC/RSYC', '2014-08-02', 128, 120, '2014-07-13', 'N'),
(829, 'Omar bin Hitam', 'omar97313@yahoo.com.sg', '6598715432', 'MCC/RSYC', '2014-08-16', 124, 120, '2014-07-13', 'N'),
(941, 'M.VISHNU RAJ', 'sunlandraj@yahoo.com.sg', '83105285', 'MCC/RSYC', '2014-08-20', 99, 240, '2014-08-18', 'N'),
(885, 'test', 'test@gmail.com', '65213255453', 'MCC/RSYC', '2014-07-31', 111, 120, '2014-07-24', 'N'),
(4073, 'Block', 'system@block.com', '6565644866', 'MCC/RSYC', '2018-07-07', 130, 120, '2018-06-22', 'Y'),
(4066, 'Block', 'system@block.com', '6565644866', 'MCC/RSYC', '2018-07-07', 123, 120, '2018-06-22', 'Y'),
(4067, 'Block', 'system@block.com', '6565644866', 'MCC/RSYC', '2018-07-07', 124, 120, '2018-06-22', 'Y'),
(4068, 'Block', 'system@block.com', '6565644866', 'MCC/RSYC', '2018-07-07', 125, 120, '2018-06-22', 'Y'),
(4069, 'Block', 'system@block.com', '6565644866', 'MCC/RSYC', '2018-07-07', 126, 120, '2018-06-22', 'Y'),
(890, 'gabrielle', 'gabriellewong89@gmail.com', '6596184384', 'MCC/RSYC', '2014-09-13', 123, 120, '2014-07-29', 'N'),
(892, 'gabrielle', 'gabriellewong89@gmail.com', '6596184384', 'MCC/RSYC', '2014-09-13', 124, 120, '2014-07-29', 'N'),
(893, 'Sharon Chiang', 'sharon_tingx2@yahoo.com', '6597854395', 'MCC/RSYC', '2014-09-11', 109, 120, '2014-07-30', 'N'),
(894, 'RAJA SEKHAR MATHAKANTI', 'MRAJA@SINGNET.COM.SG', '6596772352', 'MCC/RSYC', '2014-09-04', 114, 120, '2014-07-30', 'N'),
(4072, 'Block', 'system@block.com', '6565644866', 'MCC/RSYC', '2018-07-07', 129, 120, '2018-06-22', 'Y'),
(4071, 'Block', 'system@block.com', '6565644866', 'MCC/RSYC', '2018-07-07', 128, 120, '2018-06-22', 'Y'),
(4070, 'Block', 'system@block.com', '6565644866', 'MCC/RSYC', '2018-07-07', 127, 120, '2018-06-22', 'Y'),
(3851, 'Brandon Lim', 'brandonlws4@gmail.com', '6592735995', 'Other Marinas', '2017-07-08', 123, 100, '2017-07-05', 'N'),
(945, 'Chris Lister', 'listerc@hotmail.com', '6597709430', 'MCC/RSYC', '2014-09-20', 125, 120, '2014-08-18', 'N'),
(946, 'Leslie Chong', 'salchong@hotmail.com', '6596945042', 'MCC/RSYC', '2014-09-01', 85, 240, '2014-08-18', 'N'),
(3879, 'Tan Pin Wei', 'deadlyroyal@hotmail.com', '6594595651', 'MCC/RSYC', '2017-07-29', 123, 80, '2017-07-27', 'N'),
(3880, 'Tan Pin Wei', 'deadlyroyal@hotmail.com', '6594595651', 'MCC/RSYC', '2017-07-29', 123, 80, '2017-07-27', 'N'),
(3881, 'Tan Pin Wei', 'deadlyroyal@hotmail.com', '6594595651', 'MCC/RSYC', '2017-07-29', 123, 80, '2017-07-27', 'Y'),
(951, 'Priscilla Gwee Lay Keet', 'priscillagwee@hotmail.com', '6597770079', 'MCC/RSYC', '2014-09-26', 118, 120, '2014-08-20', 'N'),
(3883, 'Block', 'system@block.com', '6565644866', 'MCC/RSYC', '2017-08-06', 104, 240, '2017-07-31', 'Y'),
(3882, 'Block', 'system@block.com', '6565644866', 'MCC/RSYC', '2017-08-06', 103, 240, '2017-07-31', 'Y'),
(3884, 'Block', 'system@block.com', '6565644866', 'MCC/RSYC', '2017-08-06', 105, 240, '2017-07-31', 'Y'),
(955, 'Desmond Goh', 'desmond@boxfishstudio.com', '6596885009', 'MCC/RSYC', '2014-09-20', 125, 120, '2014-08-21', 'N'),
(3885, 'Block', 'system@block.com', '6565644866', 'MCC/RSYC', '2017-08-06', 107, 240, '2017-07-31', 'Y'),
(3886, 'Keith Stevens', 'system@phone.com', '6584137642', 'MCC/RSYC', '2017-08-05', 123, 120, '2017-07-31', 'Y'),
(958, 'Siow Yong Seng', 'alvinmacross@gmail.com', '6593372455', 'MCC/RSYC', '2014-09-14', 103, 240, '2014-08-22', 'N'),
(959, 'Lum Wei Phang', 'lum.weiphang@gmail.com', '6597960716', 'MCC/RSYC', '2014-09-14', 103, 240, '2014-08-22', 'N'),
(960, 'Sharon Chiang', 'sharon_tingx2@yahoo.com', '6597854395', 'MCC/RSYC', '2014-09-11', 110, 120, '2014-08-22', 'N'),
(3887, 'Darius Lim', 'dariuslimjq@yahoo.com.sg', '6581212958', 'MCC/RSYC', '2017-08-13', 107, 160, '2017-08-02', 'N'),
(971, 'Linda Tan', 'lindatan18@yahoo.com', '6598527798', 'MCC/RSYC', '2014-09-06', 127, 120, '2014-08-25', 'N'),
(963, 'Max Woon', 'ducatistrada@gmail.com', '6590034806', 'MCC/RSYC', '2014-08-27', 99, 240, '2014-08-23', 'N'),
(3889, 'Loo Ngiap Khong', 'daveloo@singnet.com.sg', '91731211', 'MCC/RSYC', '2017-08-15', 94, 160, '2017-08-07', 'Y'),
(3888, 'Darius Lim', 'dariuslimjq@yahoo.com.sg', '6581212958', 'MCC/RSYC', '2017-09-03', 107, 160, '2017-08-02', 'Y'),
(3890, 'Syed Faizzal', 'sfaizzal@yahoo.com.sg', '6581987879', 'MCC/RSYC', '2017-08-11', 117, 80, '2017-08-08', 'Y'),
(967, 'Roy Dass', 'roy.dass@hotmail.com', '6594569486', 'MCC/RSYC', '2014-09-03', 101, 240, '2014-08-24', 'N'),
(968, 'Roy Dass', 'roy.dass@hotmail.com', '6594569486', 'MCC/RSYC', '2014-09-05', 120, 120, '2014-08-24', 'N'),
(969, 'Ng Yuankai', 'ngyuankai@gmail.com', '6594783897', 'MCC/RSYC', '2014-09-26', 116, 120, '2014-08-25', 'N'),
(3892, 'Loo Ngiap Khong', 'daveloo@singnet.com.sg', '6591731211', 'MCC/RSYC', '2017-08-25', 117, 80, '2017-08-11', 'Y'),
(3891, 'Low Kimberly Frances', 'frances_8087@yahoo.com.sg', '6591905494', 'MCC/RSYC', '2017-08-11', 121, 80, '2017-08-09', 'N'),
(973, 'Roy Dass', 'reoy.dass@hotmail.com', '6594569486', 'MCC/RSYC', '2014-09-03', 101, 240, '2014-08-26', 'N'),
(974, 'WONG HAO NIAN', 'haonianian@yahoo.com.sg', '6581283842', 'MCC/RSYC', '2014-09-01', 85, 240, '2014-08-26', 'N'),
(3919, 'Tan Shao Chen Eric', 'information16@gmail.com', '6598336816', 'MCC/RSYC', '2017-09-21', 109, 80, '2017-09-15', 'Y'),
(3920, 'Tan Shao Chen Eric', 'information16@gmail.com', '6598336816', 'MCC/RSYC', '2017-09-21', 110, 80, '2017-09-15', 'Y'),
(3921, 'SAW HSA THAW  SEIN DWE', 'choon.yee@megaway.com.sg', '6591733003', 'MCC/RSYC', '2017-10-06', 117, 80, '2017-09-20', 'Y'),
(3918, 'Tan Shao Chen Eric', 'information16@gmail.com', '6598336816', 'MCC/RSYC', '2017-09-21', 109, 80, '2017-09-15', 'N'),
(980, 'Raymond leong', 'Lynchgate@yahoo.com', '97981686', 'MCC/RSYC', '2014-09-24', 101, 240, '2014-08-27', 'N'),
(3909, 'Block', 'system@block.com', '6565644866', 'MCC/RSYC', '2017-09-10', 103, 240, '2017-09-04', 'Y'),
(3910, 'Block', 'system@block.com', '6565644866', 'MCC/RSYC', '2017-09-10', 104, 240, '2017-09-04', 'Y'),
(3911, 'Block', 'system@block.com', '6565644866', 'MCC/RSYC', '2017-09-10', 105, 240, '2017-09-04', 'Y'),
(3912, 'Block', 'system@block.com', '6565644866', 'MCC/RSYC', '2017-09-10', 107, 240, '2017-09-04', 'Y'),
(3913, 'Leong Yan Hoi', 'leongyh@mac.com', '6596788875', 'MCC/RSYC', '2017-10-01', 103, 160, '2017-09-04', 'N'),
(3914, 'Steven Goh', 'Steven260383@gmail.com', '6591280883', 'MCC/RSYC', '2017-09-06', 99, 160, '2017-09-04', 'N'),
(986, 'TAN BOON HANG DOMINIC', 'dominic_23@msn.com', '6598353933', 'MCC/RSYC', '2014-10-03', 116, 120, '2014-08-28', 'N');
INSERT INTO `refresher_training_schedules` (`booking_id`, `name`, `email`, `phone`, `course_to_attend`, `booking_date`, `refresher_training_id`, `amount`, `created_date`, `booking_status`) VALUES
(3915, 'Dr Leong', 'system@phone.com', '6596788875', 'MCC/RSYC', '2017-10-01', 103, 240, '2017-09-04', 'Y'),
(3916, 'Goh Zhixiang', 'steven260383@gmail.com', '6591280883', 'MCC/RSYC', '2017-09-09', 123, 80, '2017-09-04', 'Y'),
(989, 'Chan I-Harn, Alvin', 'chaniharn@mail.com', '6592768118', 'MCC/RSYC', '2014-10-06', 85, 240, '2014-08-28', 'N'),
(3992, 'Block', 'system@block.com', '6565644866', 'MCC/RSYC', '2017-11-26', 103, 240, '2017-11-16', 'Y'),
(991, 'ADAM BIN MOHAMED RAIS', 'adamfishman2@gmail.com', '65', 'MCC/RSYC', '2014-09-06', 123, 120, '2014-08-28', 'N'),
(992, 'ADAM BIN MOHAMED RAIS', 'adamfishman2@gmail.com', '6584085339', 'MCC/RSYC', '2014-09-06', 123, 120, '2014-08-28', 'N'),
(3917, 'Tan Shao Chen Eric', 'information16@gmail.com', '6598336816', 'MCC/RSYC', '2017-09-22', 117, 80, '2017-09-15', 'N'),
(3908, 'Toh You Jing', 'tohyoujing@gmail.com', '6591529156', 'MCC/RSYC', '2017-08-25', 116, 80, '2017-08-21', 'Y'),
(995, 'Felicia', 'felicia_yee@yahoo.com.sg', '6592735382', 'MCC/RSYC', '2014-09-04', 113, 120, '2014-08-30', 'N'),
(997, 'KHENG WEE ANG', 'Khengwee.ang@gmail.com', '6591555818', 'MCC/RSYC', '2014-09-03', 100, 240, '2014-08-31', 'N'),
(998, 'ANG KHENG WEE', 'khengwee.ang@gmail.com', '6591555818', 'MCC/RSYC', '2014-09-03', 100, 240, '2014-08-31', 'N'),
(999, 'Tan Bin Soon', 'tanbinsoon@hotmail.com', '6590183855', 'MCC/RSYC', '2014-09-19', 122, 120, '2014-09-01', 'N'),
(1000, 'TOH KANG CHONG', 'erictoh@meyer-mhs.sg', '91016693', 'MCC/RSYC', '2014-10-04', 123, 120, '2014-09-01', 'N'),
(1001, 'TOH KANG CHONG', 'erictoh@meyer-mhs.sg', '91016693', 'MCC/RSYC', '2014-10-09', 108, 120, '2014-09-01', 'N'),
(3922, 'SAW HSA THAW  SEIN DWE', 'choon.yee@megaway.com.sg', '6591733003', 'MCC/RSYC', '2017-10-06', 118, 80, '2017-09-20', 'Y'),
(1003, 'Tan Bin Soon', 'tanbinsoon@hotmail.com', '6590183855', 'MCC/RSYC', '2014-09-19', 122, 120, '2014-09-01', 'N'),
(1004, 'Lim Cheng wei', 'egiewcw@hotmail.com', '6590255425', 'MCC/RSYC', '2014-10-03', 120, 120, '2014-09-01', 'N'),
(1005, 'Lim Wei Jian', 'lim.wj8787@gmail.com', '6590479413', 'MCC/RSYC', '2014-09-08', 91, 240, '2014-09-01', 'N'),
(3931, 'Block', 'system@block.com', '6565644866', 'MCC/RSYC', '2017-09-27', 102, 240, '2017-09-22', 'Y'),
(3923, 'Raj Singh Sidhu', 'rajsingh_hs@yahoo.com.sg', '+6597603209', 'MCC/RSYC', '2017-09-23', 124, 80, '2017-09-21', 'N'),
(3924, 'Block', 'system@block.com', '6565644866', 'MCC/RSYC', '2017-09-26', 94, 240, '2017-09-22', 'Y'),
(3925, 'Block', 'system@block.com', '6565644866', 'MCC/RSYC', '2017-09-26', 95, 240, '2017-09-22', 'Y'),
(3926, 'Block', 'system@block.com', '6565644866', 'MCC/RSYC', '2017-09-26', 96, 240, '2017-09-22', 'Y'),
(3927, 'Block', 'system@block.com', '6565644866', 'MCC/RSYC', '2017-09-26', 98, 240, '2017-09-22', 'Y'),
(3928, 'Block', 'system@block.com', '6565644866', 'MCC/RSYC', '2017-09-27', 99, 240, '2017-09-22', 'Y'),
(3929, 'Block', 'system@block.com', '6565644866', 'MCC/RSYC', '2017-09-27', 100, 240, '2017-09-22', 'Y'),
(3930, 'Block', 'system@block.com', '6565644866', 'MCC/RSYC', '2017-09-27', 101, 240, '2017-09-22', 'Y'),
(1017, 'yeong siang phong', 'xiang_fong@hotmail.com', '6592952027', 'MCC/RSYC', '2014-09-09', 96, 240, '2014-09-02', 'N'),
(3932, 'Block', 'system@block.com', '6565644866', 'MCC/RSYC', '2017-09-28', 108, 120, '2017-09-22', 'Y'),
(3933, 'Block', 'system@block.com', '6565644866', 'MCC/RSYC', '2017-09-28', 109, 120, '2017-09-22', 'Y'),
(3934, 'Block', 'system@block.com', '6565644866', 'MCC/RSYC', '2017-09-28', 110, 120, '2017-09-22', 'Y'),
(3935, 'Block', 'system@block.com', '6565644866', 'MCC/RSYC', '2017-09-28', 111, 120, '2017-09-22', 'Y'),
(1022, 'Oon Siew Kuan', 'ohayosam@yahoo.com', '6597546695', 'MCC/RSYC', '2014-09-20', 129, 120, '2014-09-03', 'N'),
(1023, 'Ernest Tan', 'ernie.tango@gmail.com', '6593867480', 'MCC/RSYC', '2014-09-06', 125, 120, '2014-09-03', 'N'),
(3936, 'Block', 'system@block.com', '6565644866', 'MCC/RSYC', '2017-09-28', 112, 120, '2017-09-22', 'Y'),
(3938, 'Block', 'system@block.com', '6565644866', 'MCC/RSYC', '2017-09-28', 113, 120, '2017-09-22', 'Y'),
(3939, 'Block', 'system@block.com', '6565644866', 'MCC/RSYC', '2017-09-28', 114, 120, '2017-09-22', 'Y'),
(3940, 'Block', 'system@block.com', '6565644866', 'MCC/RSYC', '2017-09-28', 115, 120, '2017-09-22', 'Y'),
(3941, 'Block', 'system@block.com', '6565644866', 'MCC/RSYC', '2017-10-08', 103, 240, '2017-09-29', 'Y'),
(1029, 'James Harayda', 'harayda@hotmail.com', '6581689280', 'MCC/RSYC', '2014-09-17', 102, 240, '2014-09-05', 'N'),
(1030, 'sritharan', 'oceaners@hotmail.com', '6594245801', 'MCC/RSYC', '2014-09-22', 85, 240, '2014-09-05', 'N'),
(1031, 'sritharan', 'oceaners@hotmail.com', '6594245801', 'MCC/RSYC', '2014-09-22', 85, 240, '2014-09-05', 'N'),
(1032, 'Yuxuan', 'genius_hybrid@yahoo.com.sg', '6584440006', 'MCC/RSYC', '2014-10-04', 123, 120, '2014-09-06', 'N'),
(3943, 'Block', 'system@block.com', '6565644866', 'MCC/RSYC', '2017-10-08', 105, 240, '2017-09-29', 'Y'),
(3942, 'Block', 'system@block.com', '6565644866', 'MCC/RSYC', '2017-10-08', 104, 240, '2017-09-29', 'Y'),
(3944, 'Block', 'system@block.com', '6565644866', 'MCC/RSYC', '2017-10-08', 107, 240, '2017-09-29', 'Y'),
(3945, 'Dr Leong', 'system@phone.com', '6596788875', 'MCC/RSYC', '2017-10-06', 120, 120, '2017-10-04', 'Y'),
(3946, 'Dr Leong', 'system@phone.com', '6596788875', 'MCC/RSYC', '2017-10-06', 121, 120, '2017-10-04', 'Y'),
(3947, 'Block', 'system@block.com', '6565644866', 'MCC/RSYC', '2017-10-14', 127, 120, '2017-10-06', 'Y'),
(3948, 'Block', 'system@block.com', '6565644866', 'MCC/RSYC', '2017-10-14', 128, 120, '2017-10-06', 'Y'),
(3949, 'Block', 'system@block.com', '6565644866', 'MCC/RSYC', '2017-10-14', 129, 120, '2017-10-06', 'Y'),
(3950, 'Block', 'system@block.com', '6565644866', 'MCC/RSYC', '2017-10-14', 130, 120, '2017-10-06', 'Y'),
(3951, 'Bryan', 'leeyongchuen@hotmail.com', '6590400382', 'MCC/RSYC', '2017-10-13', 118, 120, '2017-10-08', 'Y'),
(3952, 'William', 'lee_wee_liam@hotmail.com', '6596787545', 'MCC/RSYC', '2017-10-13', 117, 80, '2017-10-11', 'Y'),
(1043, 'Yuxuan', 'genius_hybrid@yahoo.com.sg', '6584440006', 'MCC/RSYC', '2014-10-17', 120, 120, '2014-09-10', 'N'),
(1044, 'Yuxuan', 'genius_hybrid@yahoo.com.sg', '6584440006', 'MCC/RSYC', '2014-10-17', 121, 120, '2014-09-10', 'N'),
(3953, 'ZAHARI JAIS', 'zaharijais@yahoo.com.sg', '+6590062295', 'MCC/RSYC', '2017-10-26', 108, 80, '2017-10-12', 'N'),
(3954, 'Bertrand Tellier', 'Btellier59@gmail.com', '6591507273', 'MCC/RSYC', '2017-10-26', 109, 80, '2017-10-12', 'N'),
(1048, 'chong ming liang', 'ohmgoshybrox@gmail.com', '6597555580', 'MCC/RSYC', '2014-10-05', 104, 240, '2014-09-10', 'N'),
(3955, 'ZAHARI BIN JAIS', 'zaharijais@yahoo.com.sg', '6590062295', 'MCC/RSYC', '2017-10-26', 108, 80, '2017-10-14', 'Y'),
(1051, 'Lim chiah chew', 'Sebaslcc@yahoo.com.sg', '6581028299', 'MCC/RSYC', '2014-10-12', 103, 240, '2014-09-11', 'N'),
(1052, 'Lim chiah chew', 'Sebaslcc@yahoo.com.sg', '+6581028299', 'MCC/RSYC', '2014-10-12', 103, 240, '2014-09-11', 'N'),
(1053, 'Lim chiah chew', 'Sebaslcc@yahoo.com.sg', '+6581028299', 'MCC/RSYC', '2014-10-11', 130, 120, '2014-09-11', 'N'),
(1054, 'Lim chiah chew', 'Sebaslcc@yahoo.com.sg', '+6581028299', 'MCC/RSYC', '2014-10-12', 107, 240, '2014-09-11', 'N'),
(3963, 'Block', 'system@block.com', '6565644866', 'MCC/RSYC', '2017-11-12', 104, 240, '2017-10-30', 'Y'),
(3956, 'Bryan', 'leeyongchuen@hotmail.com', '6590400382', 'MCC/RSYC', '2017-10-20', 122, 80, '2017-10-15', 'Y'),
(3957, 'Bertrand Tellier', 'btellier59@gmail.com', '6591507273', 'MCC/RSYC', '2017-10-26', 109, 80, '2017-10-20', 'Y'),
(3958, 'Bertrand Tellier', 'btellier59@gmail.com', '6591507273', 'MCC/RSYC', '2017-10-31', 94, 160, '2017-10-20', 'Y'),
(3959, 'Mohamad Riduan', 'system@phone.com', '6586712452', 'MCC/RSYC', '2017-11-02', 108, 120, '2017-10-23', 'Y'),
(3960, 'Franck Espinosa', 'franck@espinosa.eu', '6585900258', 'MCC/RSYC', '2017-10-28', 125, 80, '2017-10-25', 'N'),
(3961, 'Amanda', 'amanda@aosbath.com', '6597933960', 'MCC/RSYC', '2017-11-11', 125, 80, '2017-10-28', 'Y'),
(3962, 'Block', 'system@block.com', '6565644866', 'MCC/RSYC', '2017-11-12', 103, 240, '2017-10-30', 'Y'),
(1063, 'Justin Ng', 'tin87@hotmail.com', '6591714472', 'MCC/RSYC', '2014-09-17', 102, 240, '2014-09-13', 'N'),
(3964, 'Block', 'system@block.com', '6565644866', 'MCC/RSYC', '2017-11-12', 105, 240, '2017-10-30', 'Y'),
(1065, 'Phey Song Wei', 'pheysongwei.95@gmail.com', '6590054708', 'MCC/RSYC', '2014-10-18', 126, 120, '2014-09-14', 'N'),
(1066, 'Phey Song Wei', 'pheysongwei.95@gmail.com', '6590054708', 'MCC/RSYC', '2014-10-18', 126, 120, '2014-09-14', 'N'),
(3971, 'Bertrand Tellier', 'system@phone.com', '6591507273', 'MCC/RSYC', '2017-11-23', 108, 120, '2017-11-14', 'Y'),
(3965, 'Block', 'system@block.com', '6565644866', 'MCC/RSYC', '2017-11-12', 107, 240, '2017-10-30', 'Y'),
(3966, 'Ridwan', 'email@sgmaxi.cab', '91251981', 'MCC/RSYC', '2017-11-03', 116, 80, '2017-10-31', 'Y'),
(3967, 'Bryan', 'leeyongchuen@hotmail.com', '6590400382', 'MCC/RSYC', '2017-11-10', 122, 80, '2017-11-05', 'Y'),
(3968, 'Ang Kian Hwee Albert', 'albertang@hotmail.sg', '6591260632', 'Other Marinas', '2017-11-09', 108, 100, '2017-11-07', 'N'),
(3969, 'Ferhad', 'system@phone.com', '6596945390', 'MCC/RSYC', '2017-12-01', 116, 120, '2017-11-13', 'Y'),
(3970, 'Franck Espinosa (11-1pm)', 'system@phone.com', '6585900258', 'MCC/RSYC', '2017-11-16', 110, 120, '2017-11-14', 'Y'),
(1073, 'terrance thien', 'terrance.thien@thomsonreuters.com', '65', 'MCC/RSYC', '2014-10-18', 130, 120, '2014-09-16', 'N'),
(3972, 'Bertrand Tellier', 'system@phone.com', '6591507273', 'MCC/RSYC', '2017-11-24', 116, 120, '2017-11-14', 'Y'),
(1076, 'Desmond Goh', 'desmond@boxfishstudio.com', '65', 'MCC/RSYC', '2014-09-27', 125, 120, '2014-09-16', 'N'),
(3974, 'Block', 'system@block.com', '6565644866', 'MCC/RSYC', '2017-11-19', 103, 240, '2017-11-14', 'Y'),
(3978, 'Block', 'system@block.com', '6565644866', 'MCC/RSYC', '2017-11-21', 94, 240, '2017-11-15', 'Y'),
(3975, 'Block', 'system@block.com', '6565644866', 'MCC/RSYC', '2017-11-19', 104, 240, '2017-11-14', 'Y'),
(3976, 'Block', 'system@block.com', '6565644866', 'MCC/RSYC', '2017-11-19', 105, 240, '2017-11-14', 'Y'),
(3977, 'Block', 'system@block.com', '6565644866', 'MCC/RSYC', '2017-11-19', 107, 240, '2017-11-14', 'Y'),
(3980, 'Block', 'system@block.com', '6565644866', 'MCC/RSYC', '2017-11-21', 95, 240, '2017-11-15', 'Y'),
(3981, 'Block', 'system@block.com', '6565644866', 'MCC/RSYC', '2017-11-21', 96, 240, '2017-11-15', 'Y'),
(3982, 'Block', 'system@block.com', '6565644866', 'MCC/RSYC', '2017-11-21', 98, 240, '2017-11-15', 'Y'),
(1085, 'Gabriele Galdi', 'gabrielegaldi@gmail.com', '6593851226', 'MCC/RSYC', '2014-10-02', 112, 120, '2014-09-29', 'N'),
(3983, 'Block', 'system@block.com', '6565644866', 'MCC/RSYC', '2017-11-25', 123, 120, '2017-11-16', 'Y'),
(3984, 'Block', 'system@block.com', '6565644866', 'MCC/RSYC', '2017-11-25', 124, 120, '2017-11-16', 'Y'),
(3985, 'Block', 'system@block.com', '6565644866', 'MCC/RSYC', '2017-11-25', 125, 120, '2017-11-16', 'Y'),
(3986, 'Block', 'system@block.com', '6565644866', 'MCC/RSYC', '2017-11-25', 126, 120, '2017-11-16', 'Y'),
(1090, 'Rendall Marcus Wong', 'Rendall@live.com.sg', '6593802428', 'MCC/RSYC', '2014-10-02', 115, 120, '2014-09-30', 'N'),
(4034, 'loh jun hao', 'junhao911.loh@gmail.com', '6582283409', 'MCC/RSYC', '2018-01-13', 130, 80, '2018-01-10', 'N'),
(4033, 'loh junhao', 'junhao911.loh@gmail.com', '6582283409', 'MCC/RSYC', '2018-01-13', 130, 80, '2018-01-10', 'N'),
(1143, 'Henry Tan', 'henrytgg@gmail.com', '6581891316', 'MCC/RSYC', '2014-11-01', 129, 120, '2014-10-16', 'N'),
(3988, 'Block', 'system@block.com', '6565644866', 'MCC/RSYC', '2017-11-25', 128, 120, '2017-11-16', 'Y'),
(1095, 'Henry Tan', 'henrytgg@gmail.com', '6581891316', 'MCC/RSYC', '2014-11-08', 124, 120, '2014-10-02', 'N'),
(3987, 'Block', 'system@block.com', '6565644866', 'MCC/RSYC', '2017-11-25', 127, 120, '2017-11-16', 'Y'),
(1099, 'Henry Tan', 'henrytgg@gmail.com', '6581891316', 'MCC/RSYC', '2014-11-01', 124, 120, '2014-10-02', 'N'),
(3991, 'Block', 'system@block.com', '6565644866', 'MCC/RSYC', '2017-11-25', 130, 120, '2017-11-16', 'Y'),
(3989, 'Block', 'system@block.com', '6565644866', 'MCC/RSYC', '2017-11-25', 129, 120, '2017-11-16', 'Y'),
(3996, 'Toh Beng Chye', 'tohbengchye@yahoo.com', '6598409534', 'MCC/RSYC', '2017-12-02', 128, 80, '2017-11-18', 'N'),
(1106, 'Tan Chee Kiat', 'cheekiat.tan@yahoo.com.sg', '6598451153', 'MCC/RSYC', '2014-10-17', 116, 120, '2014-10-08', 'N'),
(3993, 'Block', 'system@block.com', '6565644866', 'MCC/RSYC', '2017-11-26', 104, 240, '2017-11-16', 'Y'),
(3994, 'Block', 'system@block.com', '6565644866', 'MCC/RSYC', '2017-11-26', 105, 240, '2017-11-16', 'Y'),
(3995, 'Block', 'system@block.com', '6565644866', 'MCC/RSYC', '2017-11-26', 107, 240, '2017-11-16', 'Y'),
(3997, 'Toh Beng Chye', 'tohbengchye@yahoo.com', '6598409534', 'MCC/RSYC', '2017-12-02', 128, 80, '2017-11-18', 'Y'),
(1111, 'Tan Chee Kiat', 'cheekiat.tan@yahoo.com.sg', '6598451153', 'MCC/RSYC', '2014-10-16', 108, 120, '2014-10-09', 'N'),
(3998, 'Toh Beng Chye', 'tohbengchye@yahoo.com', '6598409534', 'MCC/RSYC', '2017-12-02', 129, 80, '2017-11-18', 'Y'),
(3999, 'Block', 'system@block.com', '6565644866', 'MCC/RSYC', '2017-12-10', 103, 240, '2017-11-30', 'Y'),
(1114, 'Kaylee Kwihyun Lee', 'home.by.kaylee@gmail.com', '6590053275', 'MCC/RSYC', '2014-10-24', 121, 120, '2014-10-10', 'N'),
(1115, 'Jo Rae Jin', 'home.by.kaylee@gmail.com', '6590053275', 'MCC/RSYC', '2014-10-24', 121, 120, '2014-10-10', 'N'),
(4000, 'Block', 'system@block.com', '6565644866', 'MCC/RSYC', '2017-12-10', 104, 240, '2017-11-30', 'Y'),
(1117, 'Jeff Kwan', 'kwanjef@gmail.com', '6581331906', 'MCC/RSYC', '2014-10-31', 117, 120, '2014-10-11', 'N'),
(4002, 'Block', 'system@block.com', '6565644866', 'MCC/RSYC', '2017-12-10', 107, 240, '2017-11-30', 'Y'),
(4001, 'Block', 'system@block.com', '6565644866', 'MCC/RSYC', '2017-12-10', 105, 240, '2017-11-30', 'Y'),
(4003, 'ANG KIAN HWEE ALBERT', 'albertang@hotmail.sg', '6591260632', 'MCC/RSYC', '2018-01-12', 118, 120, '2017-12-01', 'Y'),
(4004, 'Block', 'system@block.com', '6565644866', 'MCC/RSYC', '2017-12-19', 94, 240, '2017-12-11', 'Y'),
(4005, 'Block', 'system@block.com', '6565644866', 'MCC/RSYC', '2017-12-19', 95, 240, '2017-12-11', 'Y'),
(4006, 'Block', 'system@block.com', '6565644866', 'MCC/RSYC', '2017-12-19', 96, 240, '2017-12-11', 'Y'),
(1123, 'Chang Peter C', 'chang.peterc@hotmail.com', '6596740809', 'MCC/RSYC', '2014-10-16', 111, 120, '2014-10-13', 'N'),
(1144, 'Ang Boon Peng', 'angboonpeng79@gmail.com', '6597934279', 'MCC/RSYC', '2014-10-28', 95, 240, '2014-10-17', 'N'),
(1126, 'Andreas Autenrieth', 'andreasautenrieth@yahoo.de', '6594523744', 'MCC/RSYC', '2014-11-01', 126, 120, '2014-10-13', 'N'),
(1127, 'Andreas Autenrieth', 'andreasautenrieth@yahoo.de', '6594523744', 'MCC/RSYC', '2014-11-01', 126, 120, '2014-10-13', 'N'),
(1128, 'Andreas Autenrieth', 'andreasautenrieth@yahoo.de', '6594523744', 'MCC/RSYC', '2014-11-01', 126, 120, '2014-10-13', 'N'),
(4007, 'Block', 'system@block.com', '6565644866', 'MCC/RSYC', '2017-12-19', 98, 240, '2017-12-11', 'Y'),
(1130, 'Andreas Autenrieth', 'andreasautenrieth@yahoo.de', '6594523744', 'MCC/RSYC', '2014-11-01', 127, 120, '2014-10-13', 'N'),
(4008, 'Toh Beng Chye', 'tohbengchye@yahoo.com', '+6598409534', 'MCC/RSYC', '2017-12-15', 122, 80, '2017-12-11', 'Y'),
(1132, 'ISMAIL BIN YAHYA', 'loggnop_12@yahoo.com.sg', '6592284051', 'MCC/RSYC', '2014-11-07', 117, 120, '2014-10-14', 'N'),
(4010, 'Block', 'system@block.com', '6565644866', 'MCC/RSYC', '2017-12-17', 104, 240, '2017-12-15', 'Y'),
(4009, 'Block', 'system@block.com', '6565644866', 'MCC/RSYC', '2017-12-17', 103, 240, '2017-12-15', 'Y'),
(4011, 'Block', 'system@block.com', '6565644866', 'MCC/RSYC', '2017-12-17', 105, 240, '2017-12-15', 'Y'),
(1136, 'Koong Chee Weng', 'zhirong80@yahoo.com.sg', '6598570859', 'MCC/RSYC', '2014-11-28', 117, 120, '2014-10-15', 'N'),
(1137, 'ISMAIL BIN YAHYA', 'loggnop_12@yahoo.com.sg', '6592284051', 'MCC/RSYC', '2014-11-07', 117, 120, '2014-10-15', 'N'),
(1138, 'ISMAIL BIN YAHYA', 'loggnop_12@yahoo.com.sg', '6592284051', 'MCC/RSYC', '2014-11-07', 117, 120, '2014-10-15', 'N'),
(4012, 'Block', 'system@block.com', '6565644866', 'MCC/RSYC', '2017-12-17', 107, 240, '2017-12-15', 'Y'),
(1140, 'Henry Tan', 'henrytgg@gmail.com', '6581891316', 'MCC/RSYC', '2014-11-01', 129, 120, '2014-10-15', 'N'),
(4013, 'Block', 'system@block.com', '6565644866', 'MCC/RSYC', '2018-01-11', 108, 120, '2017-12-18', 'Y'),
(4014, 'Block', 'system@block.com', '6565644866', 'MCC/RSYC', '2018-01-11', 109, 120, '2017-12-18', 'Y'),
(4028, 'Muhammad Zulfiqar Bin Ab Azis', 'Kai_qad@yahoo.com', '6583383027', 'MCC/RSYC', '2018-01-13', 124, 80, '2017-12-20', 'Y'),
(4015, 'Block', 'system@block.com', '6565644866', 'MCC/RSYC', '2018-01-11', 110, 120, '2017-12-18', 'Y'),
(4016, 'Block', 'system@block.com', '6565644866', 'MCC/RSYC', '2018-01-11', 111, 120, '2017-12-18', 'Y'),
(4017, 'Block', 'system@block.com', '6565644866', 'MCC/RSYC', '2018-01-11', 112, 120, '2017-12-18', 'Y'),
(4018, 'Block', 'system@block.com', '6565644866', 'MCC/RSYC', '2018-01-11', 113, 120, '2017-12-18', 'Y'),
(4019, 'Block', 'system@block.com', '6565644866', 'MCC/RSYC', '2018-01-11', 114, 120, '2017-12-18', 'Y'),
(4020, 'Block', 'system@block.com', '6565644866', 'MCC/RSYC', '2018-01-11', 115, 120, '2017-12-18', 'Y'),
(4023, 'Block', 'system@block.com', '6565644866', 'MCC/RSYC', '2018-01-12', 117, 120, '2017-12-18', 'Y'),
(4022, 'Block', 'system@block.com', '6565644866', 'MCC/RSYC', '2018-01-12', 116, 120, '2017-12-18', 'Y'),
(4024, 'Block', 'system@block.com', '6565644866', 'MCC/RSYC', '2018-01-12', 120, 120, '2017-12-18', 'Y'),
(4025, 'Block', 'system@block.com', '6565644866', 'MCC/RSYC', '2018-01-12', 121, 120, '2017-12-18', 'Y'),
(4026, 'Block', 'system@block.com', '6565644866', 'MCC/RSYC', '2018-01-12', 122, 120, '2017-12-18', 'Y'),
(4027, 'Muhammad Zulfiqar Bin Ab Azis', 'Kai_qad@yahoo.com', '6583383027', 'MCC/RSYC', '2018-01-13', 123, 80, '2017-12-20', 'N'),
(1158, 'LEE KWI HYUN', 'home.by.kaylee@gmail.com', '6590053275', 'MCC/RSYC', '2014-10-26', 103, 240, '2014-10-24', 'N'),
(4032, 'Mohd Ferhad (10-11am)', 'system@phone.com', '6596945390', 'MCC/RSYC', '2018-01-10', 99, 240, '2018-01-02', 'Y'),
(4029, 'Block (Albert)', 'system@block.com', '6565644866', 'MCC/RSYC', '2018-01-05', 117, 120, '2017-12-22', 'Y'),
(4030, 'Block', 'system@block.com', '6565644866', 'MCC/RSYC', '2018-01-10', 101, 240, '2018-01-02', 'Y'),
(4031, 'Block', 'system@block.com', '6565644866', 'MCC/RSYC', '2018-01-10', 102, 240, '2018-01-02', 'Y'),
(1165, 'thien chee wee', 'cwthien@gmail.com', '6597775477', 'MCC/RSYC', '2014-11-27', 112, 120, '2014-10-29', 'N'),
(1292, 'Jeremy Chew', 'jeremy_chew80@yahoo.com', '6597947301', 'MCC/RSYC', '2015-01-16', 116, 120, '2014-12-01', 'N'),
(1291, 'Jeremy Chew', 'joannekam@hcdesign.com', '6597947301', 'MCC/RSYC', '2015-01-16', 122, 120, '2014-12-01', 'N'),
(1168, 'thien chee wee', 'cwthien@gmail.com', '6597775477', 'MCC/RSYC', '2014-11-27', 111, 120, '2014-10-30', 'N'),
(4035, 'Loh junhao', 'Junhao911.loh@gmail.com', '6582283409', 'MCC/RSYC', '2018-01-20', 130, 80, '2018-01-12', 'Y'),
(1170, 'test', 'tktok82@gmail.com', '6597947301', 'MCC/RSYC', '2014-11-03', 85, 240, '2014-10-30', 'N'),
(1171, 'test', 'tktok82@gmail.com', '6597947301', 'MCC/RSYC', '2014-11-07', 118, 120, '2014-10-30', 'N'),
(1172, 'test', 'tktok82@gmail.com', '6597947301', 'MCC/RSYC', '2014-11-07', 118, 120, '2014-10-30', 'N'),
(1176, 'Sheldon', 'Shelths@hotmail.com', '6598316888', 'MCC/RSYC', '2014-11-01', 123, 120, '2014-10-30', 'N'),
(1178, 'kerry goh', 'kerry.goh@juliusbaer.com', '6596904868', 'MCC/RSYC', '2014-11-20', 110, 120, '2014-10-30', 'N'),
(1186, 'Chester Chen', 'email@chesterchen.com', '6592437837', 'MCC/RSYC', '2014-11-22', 129, 120, '2014-11-03', 'N'),
(1190, 'Tan chee keong', 'ckt7713@yahoo.com.sg', '6590990978', 'MCC/RSYC', '2014-11-28', 121, 120, '2014-11-04', 'N'),
(1193, 'JASMINE XIE', 'jasminexie8@gmail.com', '6594568246', 'MCC/RSYC', '2014-12-06', 124, 120, '2014-11-04', 'N'),
(1197, 'Shaik Shahul Hameed', 'Coolshahul@hotmail.com', '6581334737', 'MCC/RSYC', '2014-11-21', 120, 120, '2014-11-06', 'N'),
(1198, 'Andreas Autenrieth', 'andreasautenrieth@yahoo.de', '6594523744', 'MCC/RSYC', '2014-11-14', 121, 120, '2014-11-06', 'N'),
(1199, 'Tan chee keong', 'ckt7713@yahoo.com.sg', '6590990978', 'MCC/RSYC', '2014-11-28', 121, 120, '2014-11-06', 'N'),
(1202, 'Felyncia Ng', 'felyncia_ng@yahoo.com.sg', '6593686048', 'MCC/RSYC', '2014-11-28', 116, 120, '2014-11-07', 'N'),
(1203, 'Lee Kin Yun', 'herkin2014@hotmail.com', '6598168102', 'MCC/RSYC', '2014-11-29', 126, 120, '2014-11-07', 'N'),
(1206, 'tan chee keong', 'ckt7713@yahoo.com.sg', '6590990978', 'MCC/RSYC', '2014-11-27', 114, 120, '2014-11-07', 'N'),
(1210, 'JO RAE JIN', 'jjilrae@gmail.com', '6591170340', 'MCC/RSYC', '2014-11-12', 99, 0, '2014-11-10', 'N'),
(1211, 'JO RAE JIN', 'jjilrae@gmail.com', '6591170340', 'MCC/RSYC', '2014-11-12', 99, 240, '2014-11-10', 'N'),
(1213, 'Joshua Chia', 'cch_josh@hotmail.com', '6596613844', 'MCC/RSYC', '2014-11-29', 123, 120, '2014-11-10', 'N'),
(1214, 'megahwati', 'megahwati@gmail.com', '6597596755', 'MCC/RSYC', '2014-11-12', 100, 240, '2014-11-10', 'N'),
(1216, 'Megahwati Megahwati', 'megahwati@gmail.com', '6597596755', 'MCC/RSYC', '2014-11-15', 124, 120, '2014-11-11', 'N'),
(1218, 'Felyncia Ng', 'felyncia_ng@yahoo.com.sg', '6593686048', 'MCC/RSYC', '2014-11-21', 120, 120, '2014-11-11', 'N'),
(1219, 'CHEAH CHZE NEE DEBBIE', 'debbie94_cheah@yahoo.com', '6591680704', 'MCC/RSYC', '2014-12-13', 123, 120, '2014-11-11', 'N'),
(3770, 'Tay Yang Han', 'tyanghan@hotmail.com', '6581380815', 'MCC/RSYC', '2017-05-13', 129, 80, '2017-05-11', 'N'),
(4176, 'Block', 'system@block.com', '6565644866', 'MCC/RSYC', '2018-10-30', 96, 240, '2018-10-25', 'Y'),
(4116, 'Karamjit (10-11am)', 'system@phone.com', '6593874368', 'MCC/RSYC', '2018-08-27', 85, 240, '2018-08-15', 'Y'),
(1223, 'kerry goh', 'kerry.goh@juliusbaer.com', '6596904868', 'MCC/RSYC', '2014-11-20', 110, 120, '2014-11-11', 'N'),
(4115, 'Karamjit (11-12pm)', 'system@phone.com', '6593874368', 'MCC/RSYC', '2018-08-20', 91, 240, '2018-08-15', 'Y'),
(1227, 'Lee Kin Yun', 'herkin2014@hotmail.com', '6598168102', 'Other Marinas', '2014-11-15', 128, 150, '2014-11-12', 'N'),
(1230, 'Lau Kah Eng', 'lau.kaheng@hotmail.com', '6593673845', 'MCC/RSYC', '2014-12-06', 123, 120, '2014-11-12', 'N'),
(1231, 'Lau Kah Eng', 'lau.kaheng@hotmail.com', '6593673845', 'MCC/RSYC', '2014-12-12', 118, 120, '2014-11-12', 'N'),
(1235, 'Megahwati Megahwati', 'megahwati@gmail.com', '6597596755', 'MCC/RSYC', '2014-12-08', 93, 240, '2014-11-14', 'N'),
(1237, 'Megahwati Megahwati', 'megahwati@gmail.com', '6597596755', 'MCC/RSYC', '2014-12-08', 93, 240, '2014-11-14', 'N'),
(1242, 'thien chee wee', 'cwthien@gmail.com', '6597775477', 'MCC/RSYC', '2014-12-04', 110, 120, '2014-11-17', 'N'),
(1245, 'Lim Tee Yong', 'lty94@hotmail.com', '6594845034', 'MCC/RSYC', '2015-01-02', 118, 120, '2014-11-18', 'N'),
(1247, 'Shaun Chan', 'dj24storm@gmail.com', '6586616235', 'MCC/RSYC', '2014-11-22', 127, 120, '2014-11-18', 'N'),
(1254, 'Tang Wai Leong', 'hunterick23@hotmail.com', '6593838722', 'MCC/RSYC', '2014-11-23', 104, 240, '2014-11-18', 'N'),
(1264, 'Sharon De Castro', 'sharondc@gmail.com', '96889667', 'MCC/RSYC', '2014-12-11', 112, 120, '2014-11-21', 'N'),
(1259, 'Lau Kah Eng', 'lau.kaheng@hotmail.com', '6593673845', 'MCC/RSYC', '2014-11-30', 105, 240, '2014-11-19', 'N'),
(1265, 'Sharon De Castro', 'sharondc@gmail.com', '+6596889667', 'MCC/RSYC', '2014-11-25', 96, 240, '2014-11-21', 'N'),
(1272, 'Xu Zhengqian', 'him_16@hotmail.com', '6590260320', 'MCC/RSYC', '2015-01-16', 122, 120, '2014-11-22', 'N'),
(1273, 'Xu Zhengqian', 'him_16@hotmail.com', '6590260320', 'MCC/RSYC', '2015-01-16', 122, 120, '2014-11-22', 'N'),
(1276, 'Lai Yan Ping', 'yanping13@gmail.com', '6596371479', 'MCC/RSYC', '2014-11-26', 99, 240, '2014-11-24', 'N'),
(1277, 'Lai Yan Ping', 'yanping13@gmail.com', '6596371479', 'MCC/RSYC', '2014-11-26', 99, 240, '2014-11-24', 'N'),
(1278, 'Janet Ching', 'jcac_22@hotmail.com', '6596892002', 'MCC/RSYC', '2014-11-26', 100, 240, '2014-11-24', 'N'),
(1281, 'Ng Mong Khoon Christopher', 'm0_ng@hotmail.com', '6593672079', 'MCC/RSYC', '2015-01-10', 123, 120, '2014-11-24', 'N'),
(1284, 'Ethan Tan', 'zaostone@gmail.com', '6596901675', 'MCC/RSYC', '2014-12-04', 111, 120, '2014-11-25', 'N'),
(1290, 'Xu Zhengqian', 'him_16@hotmail.com', '6590260320', 'MCC/RSYC', '2015-01-16', 122, 120, '2014-11-30', 'N'),
(1297, 'Joseph Lim', 'bizjoelim@gmail.com', '65', 'MCC/RSYC', '2014-12-06', 125, 120, '2014-12-03', 'N'),
(1299, 'Neo Soun Chow', 'sounchow@explomo.com.sg', '6590096739', 'MCC/RSYC', '2015-01-17', 123, 120, '2014-12-04', 'N'),
(1300, 'Eric Tan', 'eric_oes@explomo.com.sg', '6594314553', 'MCC/RSYC', '2015-01-17', 125, 120, '2014-12-04', 'N'),
(1303, 'Loo Wei Teck', 'looweiteck@hotmail.com', '6598347825', 'MCC/RSYC', '2014-12-10', 102, 240, '2014-12-04', 'N'),
(1305, 'Siow Yong Seng', 'alvinmacross@gmail.com', '6593372455', 'MCC/RSYC', '2014-12-09', 94, 240, '2014-12-05', 'N'),
(1306, 'Siow Yong Seng', 'alvinmacross@gmail.com', '6593372455', 'MCC/RSYC', '2014-12-10', 99, 240, '2014-12-05', 'N'),
(1310, 'Lim Beng Tuan Allan', 'allanlim99@ymail.com', '6591099475', 'MCC/RSYC', '2015-01-09', 118, 120, '2014-12-09', 'N'),
(1314, 'Jenny Tan', 'cailing76@hotmail.com', '6592995589', 'MCC/RSYC', '2014-12-27', 127, 120, '2014-12-12', 'N'),
(1316, 'Sim Pei Shan', 'simpeishan@hotmail.com', '6597949551', 'MCC/RSYC', '2015-01-24', 125, 120, '2014-12-13', 'N'),
(1319, 'Andreas Autenrieth', 'andreasautenrieth@yahoo.de', '6594523744', 'MCC/RSYC', '2015-01-16', 120, 120, '2014-12-15', 'N'),
(1321, 'Benjamin Teo Wei Yong', 'theteos1@gmail.com', '+65989854349', 'MCC/RSYC', '2015-01-10', 124, 120, '2014-12-16', 'N'),
(1325, 'Elke Malleier', 'elke.malleier@gmx.net', '6590506892', 'MCC/RSYC', '2015-01-23', 118, 120, '2014-12-17', 'N'),
(1326, 'Elke Malleier', 'elke.malleier@gmx.net', '6590506892', 'MCC/RSYC', '2015-01-23', 116, 120, '2014-12-17', 'N'),
(1327, 'Jean Seah', 'icejean88@hotmail.com', '6593360851', 'MCC/RSYC', '2015-01-23', 120, 120, '2014-12-17', 'N'),
(1330, 'leong siew loon', 'siew.loon.leong@merck.com', '6593629203', 'MCC/RSYC', '2014-12-24', 99, 240, '2014-12-21', 'N'),
(1333, 'Lynette Khoo', 'nette_khoo@yahoo.co.uk', '6597803677', 'MCC/RSYC', '2014-12-27', 123, 120, '2014-12-22', 'N'),
(1335, 'Joseph Lim', 'bizjoelim@gmail.com', '6596738926', 'MCC/RSYC', '2014-12-26', 116, 120, '2014-12-24', 'N'),
(1336, 'Joseph Lim', 'bizjoelim@gmail.com', '6596738926', 'MCC/RSYC', '2014-12-27', 123, 120, '2014-12-24', 'N'),
(1338, 'Sia BoonLeong', 'siaboonleong@hotmail.com', '6591468727', 'Other Marinas', '2015-01-23', 121, 150, '2014-12-24', 'N'),
(1339, 'Xu Zhengqian', 'him_16@hotmail.com', '6590260320', 'MCC/RSYC', '2015-01-14', 102, 240, '2014-12-24', 'N'),
(1341, 'Shaun Chew', 'chew_shaun@hotmail.com', '6597775693', 'MCC/RSYC', '2015-01-15', 112, 120, '2014-12-25', 'N'),
(1343, 'Xu Zhengqian', 'him_16@hotmail.com', '6590260320', 'MCC/RSYC', '2015-01-13', 98, 240, '2014-12-25', 'N'),
(1345, 'Sia BoonLeong', 'siaboonleong@hotmail.com', '6591468727', 'MCC/RSYC', '2015-01-23', 121, 120, '2014-12-25', 'N'),
(1347, 'Ruby Tan', 'rubytanhy@gmail.com', '6591457799', 'MCC/RSYC', '2015-01-10', 125, 120, '2014-12-26', 'N'),
(1350, 'reavathi d/o gunasekaran', 'vayuputra_dolly@hotmail.sg', '6581275544', 'MCC/RSYC', '2014-12-30', 94, 240, '2014-12-28', 'N'),
(1352, 'Ruby Tan', 'rubytanhy@gmail.com', '6591457799', 'MCC/RSYC', '2015-01-10', 125, 120, '2014-12-29', 'N'),
(1353, 'Ruby Tan', 'rubytanhy@gmail.com', '6591457799', 'MCC/RSYC', '2015-01-10', 124, 120, '2014-12-29', 'N'),
(1355, 'ISMAIL BIN SULAIMAN', 'championized@gmail.com', '6594238856', 'MCC/RSYC', '2015-02-04', 99, 240, '2014-12-30', 'N'),
(1357, 'Joel Tan', 'jtanym@yahoo.com', '6593832420', 'MCC/RSYC', '2015-01-01', 113, 120, '2014-12-30', 'N'),
(1360, 'Ruby Tan', 'rubytanhy@gmail.com', '6591457799', 'MCC/RSYC', '2015-01-10', 124, 120, '2014-12-30', 'N'),
(1361, 'Ruby Tan', 'rubytanhy@gmail.com', '6591457799', 'MCC/RSYC', '2015-01-10', 125, 120, '2014-12-30', 'N'),
(1362, 'Huang Guoliang', 'ngkeith18@gmail.com', '6581235461', 'MCC/RSYC', '2015-01-09', 122, 120, '2014-12-30', 'N'),
(1363, 'LEE CHAI MENG', 'jlchaimeng@yahoo.com.sg', '65', 'MCC/RSYC', '2015-01-18', 105, 240, '2014-12-30', 'N'),
(1364, 'NG KUEE HOCK', 'ngkueehock@gmail.com', '65', 'MCC/RSYC', '2015-01-18', 104, 240, '2014-12-30', 'N'),
(1367, 'LEE CHAI MENG', 'jlchaimeng@yahoo.com.sg', '6597975819', 'MCC/RSYC', '2015-02-06', 120, 120, '2014-12-30', 'N'),
(1368, 'lee chai meng', 'jlchaimeng@yahoo.com.sg', '6597975819', 'MCC/RSYC', '2015-02-06', 120, 120, '2014-12-30', 'N'),
(1369, 'LEE CHAI MENG', 'jlchaimeng@yahoo.com.sg', '6597975819', 'MCC/RSYC', '2015-02-06', 120, 120, '2014-12-30', 'N'),
(1373, 'Lynette Khoo', 'nette_khoo@yahoo.co.uk', '6597803677', 'MCC/RSYC', '2015-01-09', 122, 120, '2014-12-31', 'N'),
(1383, 'M. RAJ', 'SUNLANDRAJ@YAHOO.COM.SG', '006583105285', 'MCC/RSYC', '2015-01-08', 109, 120, '2015-01-04', 'N'),
(1384, 'Lau Kah HEe', 'laukahhee@hotmail.com', '6590269602', 'MCC/RSYC', '2015-01-30', 121, 120, '2015-01-05', 'N'),
(1386, 'ZAINAL BIN MAHAT', 'zmtcoon1@gmail.com', '6594246992', 'MCC/RSYC', '2015-01-08', 109, 120, '2015-01-05', 'N'),
(1387, 'ZAINAL BIN MAHAT', 'sunlandraj@yahoo.com.sg', '6594246992', 'MCC/RSYC', '2015-01-08', 109, 120, '2015-01-05', 'N'),
(1389, 'SERENA ORTEGA', 'LIM_PELATOK@HOTMAIL.COM', '6596936373', 'MCC/RSYC', '2015-01-07', 99, 240, '2015-01-05', 'N'),
(1390, 'SERENA ORTEGA', 'LIM_PELATOK@HOTMAIL.COM', '6596936373', 'MCC/RSYC', '2015-02-01', 103, 240, '2015-01-05', 'N'),
(1391, 'SERENA ORTEGA', 'LIM_PELATOK@HOTMAIL.COM', '6596936373', 'MCC/RSYC', '2015-02-01', 103, 240, '2015-01-05', 'N'),
(1392, 'SERENA ORTEGA', 'LIM_PELATOK@HOTMAIL.COM', '6596936373', 'MCC/RSYC', '2015-02-01', 103, 240, '2015-01-05', 'N'),
(1393, 'SERENA ORTEGA', 'LIM_PELATOK@HOTMAIL.COM', '6596936373', 'MCC/RSYC', '2015-02-05', 108, 120, '2015-01-05', 'N'),
(1396, 'reavathi d/o gunasekaran', 'vayuputra_dolly@hotmail.sg', '6581275544', 'MCC/RSYC', '2015-02-07', 123, 0, '2015-01-06', 'N'),
(1397, 'reavathi d/o gunasekaran', 'vayuputra_dolly@hotmail.sg', '6581275544', 'MCC/RSYC', '2015-02-07', 123, 120, '2015-01-06', 'N'),
(1398, 'alex', 'him_16@hotmail.com', '6590260320', 'MCC/RSYC', '2015-02-24', 98, 240, '2015-01-06', 'N'),
(1417, 'James Leong', 'leongkyj@gmail.com', '6596330760', 'MCC/RSYC', '2015-01-15', 108, 120, '2015-01-12', 'N'),
(1421, 'Ang sy kai', 'shikai_sky@yahoo.com.sg', '6590010201', 'MCC/RSYC', '2015-02-14', 126, 120, '2015-01-15', 'N'),
(1424, 'LIM WILFRED', 'wilfred@orientalmotoe.com.sg', '6590707799', 'MCC/RSYC', '2015-02-13', 117, 120, '2015-01-17', 'N'),
(1426, 'Andreas Autenrieth', 'andreasautenrieth@yahoo.de', '6594523744', 'MCC/RSYC', '2015-01-22', 115, 120, '2015-01-18', 'N'),
(1432, 'Lee Chai Meng', 'jlchaimeng@yahoo.com.sg', '6597975819', 'MCC/RSYC', '2015-02-06', 122, 120, '2015-01-19', 'N'),
(1442, 'Yong Kuat Kam', 'yongkuat2002@hotmail.com', '65', 'MCC/RSYC', '2015-02-08', 103, 240, '2015-01-20', 'N'),
(1447, 'Kelly Seow', 'k3llyseow@gmail.com', '81010336', 'MCC/RSYC', '2015-02-15', 103, 240, '2015-01-21', 'N'),
(1452, 'Aaron Teo', 'aarontzy@gmail.com', '6590194513', 'MCC/RSYC', '2015-02-07', 126, 120, '2015-01-24', 'N'),
(1453, 'Tee Kai Yang', 'teekaiyang94@gmail.com', '6596439744', 'MCC/RSYC', '2015-02-21', 123, 120, '2015-01-24', 'N'),
(1458, 'Ong Jian Chun Matthew', 'Halfeatenpotato@gmail.com', '6596421369', 'MCC/RSYC', '2015-02-05', 115, 120, '2015-01-27', 'N'),
(1462, 'Jessica', 'jessica.shiyun@gmail.com', '+659088116', 'MCC/RSYC', '2015-02-20', 117, 120, '2015-01-28', 'N'),
(1466, 'Ong Ching Er Corinne', 'corinne.ong@sportshub.com.sg', '+6581384837', 'MCC/RSYC', '2015-02-27', 117, 120, '2015-01-28', 'N'),
(1471, 'EileenHe', 'hesu916@gmail.com', '6591862521', 'MCC/RSYC', '2015-02-09', 85, 240, '2015-01-30', 'N'),
(1472, 'Elke Malleier', 'elke.malleier@gmx.net', '6590506892', 'MCC/RSYC', '2015-02-05', 110, 120, '2015-01-30', 'N'),
(1474, 'Ng Aik Lan', 'may_nal@yahoo.comm.sg', '6594311004', 'MCC/RSYC', '2015-02-27', 117, 120, '2015-02-02', 'N'),
(1475, 'Ng Aik Lan', 'may_nal@yahoo.comm.sg', '6594311004', 'MCC/RSYC', '2015-02-13', 120, 120, '2015-02-02', 'N'),
(1477, 'Jeremy Chew', 'jeremy_chew80@yahoo.com', '6597947301', 'MCC/RSYC', '2015-02-04', 99, 240, '2015-02-02', 'N'),
(1479, 'muhamad lutfi aqil bin muhamad haidi', 'skateraqil@gmail.com', '6597586336', 'MCC/RSYC', '2015-02-12', 115, 120, '2015-02-02', 'N'),
(1480, 'Siow Yong Seng', 'alvinmacross@gmail.com', '6593372455', 'MCC/RSYC', '2015-02-11', 99, 240, '2015-02-02', 'N'),
(1483, 'Abdul Nasir Bin Habib Nooh', 'abdulnasirbinhabibnooh@gmail.com', '6591092697', 'MCC/RSYC', '2015-02-12', 113, 120, '2015-02-03', 'N'),
(1484, 'Abdul Nasir Bin Habib Nooh', 'abdulnasirbinhabibnooh@gmail.com', '6591092697', 'Other Marinas', '2015-02-12', 113, 150, '2015-02-03', 'N'),
(1486, 'Abdul Nasir Bin Habib Nooh', 'abdulnasirbinhabibnooh@gmail.com', '6591092697', 'MCC/RSYC', '2015-02-11', 101, 240, '2015-02-03', 'N'),
(1493, 'TEO TECK CHIM', 'mugen53@yahoo.com', '6583333753', 'MCC/RSYC', '2015-02-12', 115, 120, '2015-02-08', 'N'),
(1494, 'TEO TECK CHIM', 'mugen53@yahoo.com', '6583333753', 'MCC/RSYC', '2015-02-12', 115, 120, '2015-02-08', 'N'),
(1495, 'TEO TECK CHIM', 'mugen53@yahoo.com', '6583333753', 'MCC/RSYC', '2015-02-12', 115, 120, '2015-02-08', 'N'),
(1496, 'asdf', 'asdf@asdf.com', '65', 'MCC/RSYC', '2015-03-13', 120, 120, '2015-02-08', 'N'),
(1499, 'Lee Siew Chong', 'joannelee@mailpuppy.com', '6596448183', 'MCC/RSYC', '2015-02-27', 118, 120, '2015-02-09', 'N'),
(1500, 'Lee Siew Chong', 'joannelee@mailpuppy.com', '6596448183', 'MCC/RSYC', '2015-02-25', 100, 240, '2015-02-09', 'N'),
(1505, 'Ng Shu Ling', 'shuling.ng.11@gmail.com', '6596851391', 'MCC/RSYC', '2015-02-14', 124, 120, '2015-02-10', 'N'),
(1509, 'Yeo Wee Song', 'cornelius_lionel@yahoo.com', '6593363300', 'MCC/RSYC', '2015-02-18', 101, 240, '2015-02-10', 'N'),
(1512, 'AMOS', 'jeremy_chew80@yahoo.com', '6597947301', 'MCC/RSYC', '2015-02-14', 124, 120, '2015-02-11', 'N'),
(1518, 'Yeo Wee Song', 'cornelius_lionel@yahoo.com', '6593363300', 'MCC/RSYC', '2015-02-18', 100, 240, '2015-02-13', 'N'),
(1520, 'Tan Kok Yam', 'kokyam123@gmail.com', '65', 'MCC/RSYC', '2015-02-17', 94, 240, '2015-02-15', 'N'),
(1530, 'mohammed fahmi', 'nonimili@gmail.com', '6593830614', 'MCC/RSYC', '2015-03-02', 85, 240, '2015-02-23', 'N'),
(1547, 'Abel Thai', 'Abelthai@hotmail.com', '6596666232', 'MCC/RSYC', '2015-03-26', 109, 120, '2015-02-28', 'N'),
(1549, 'mohammed fahmi', 'nonimili@gmail.com', '6593830614', 'MCC/RSYC', '2015-03-21', 124, 120, '2015-03-02', 'N'),
(1551, 'mohammed fahmi', 'nonimili@gmail.com', '6593830614', 'MCC/RSYC', '2015-03-21', 123, 120, '2015-03-02', 'N'),
(1552, 'John Zwinck', 'jzwinck@gmail.com', '6590291830', 'MCC/RSYC', '2015-03-06', 120, 120, '2015-03-02', 'N'),
(1559, 'Renee Foo Si Xuan', 'reybu-reneeloveyou@hotmail.com', '6596904680', 'MCC/RSYC', '2015-03-16', 91, 240, '2015-03-03', 'N'),
(1560, 'Renee Foo Si Xuan', 'reybu-reneeloveyou@hotmail.com', '6596904680', 'MCC/RSYC', '2015-03-16', 91, 240, '2015-03-03', 'N'),
(1561, 'Renee Foo Si Xuan', 'reybu-reneeloveyou@hotmail.com', '6596904680', 'MCC/RSYC', '2015-03-16', 85, 240, '2015-03-03', 'N'),
(1564, 'Adriel Ang', 'tyrian55@yahoo.com.sg', '6591154281', 'MCC/RSYC', '2015-03-14', 124, 120, '2015-03-04', 'N'),
(1565, 'Adriel Ang', 'tyrian55@yahoo.com.sg', '6591154281', 'MCC/RSYC', '2015-03-14', 123, 120, '2015-03-04', 'N'),
(1570, 'Tan Kee Lin', 'tkl.tankeelin@gmail.com', '6594232388', 'MCC/RSYC', '2015-03-08', 107, 240, '2015-03-05', 'N'),
(1571, 'Tan Kee Lin', 'tkl.tankeelin@gmail.com', '6594232388', 'MCC/RSYC', '2015-03-08', 107, 240, '2015-03-05', 'N'),
(1574, 'John Zwinck', 'jzwinck@gmail.com', '65', 'MCC/RSYC', '2015-03-08', 103, 240, '2015-03-06', 'N'),
(1575, 'CHNG WEI HENG', 'chngweiheng@yahoo.com.sg', '6598160769', 'MCC/RSYC', '2015-04-11', 123, 120, '2015-03-06', 'N'),
(1576, 'Heng Gek Siang', 'wangjiahui77@hotmail.com', '6597695379', 'MCC/RSYC', '2015-03-12', 114, 120, '2015-03-06', 'N'),
(1578, 'YEW JUN YI', 'pengky23@gmail.com', '6594875387', 'MCC/RSYC', '2015-03-29', 104, 240, '2015-03-08', 'N'),
(1579, 'YEW JUN YI', 'pengky23@gmail.com', '6594875387', 'MCC/RSYC', '2015-03-29', 104, 240, '2015-03-08', 'N'),
(1582, 'Tan Siew Peng', 'darrentan@ocbc.com', '6597818375', 'MCC/RSYC', '2015-03-28', 124, 120, '2015-03-10', 'N'),
(1583, 'Cassandra', 'cassandra.ee@rsyc.org.sg', '96434854', 'MCC/RSYC', '2015-03-28', 124, 120, '2015-03-10', 'N'),
(1584, 'Tan Siew Peng', 'darrentan@ocbc.com', '6597817375', 'MCC/RSYC', '2015-03-28', 124, 120, '2015-03-10', 'N'),
(1587, 'Chuan Shuhui', 'shuhui_21@hotmail.com', '6594785468', 'MCC/RSYC', '2015-04-10', 116, 120, '2015-03-10', 'N'),
(1588, 'shuhui_21@hotmail.com', 'shuhui_21@hotmail.com', '6594785468', 'MCC/RSYC', '2015-04-09', 109, 120, '2015-03-10', 'N'),
(1591, 'Darren Sze', 'darrensze@live.com', '6582886700', 'MCC/RSYC', '2015-03-25', 101, 240, '2015-03-11', 'N'),
(1593, 'xfgf', 'fg@dhfh.com', '65', 'MCC/RSYC', '2015-04-09', 109, 120, '2015-03-11', 'N'),
(1594, 'vcbv', 's@sfd.com', '65', 'MCC/RSYC', '2015-04-08', 100, 240, '2015-03-11', 'N'),
(1596, 'Ismail Bin Sulaiman', 'championized@gmail.com', '6594238856', 'MCC/RSYC', '2015-03-15', 107, 240, '2015-03-12', 'N'),
(1599, 'wong boon fuei', 'lawrence_wbf@yahoo.com', '+6590269424', 'MCC/RSYC', '2015-03-29', 103, 240, '2015-03-13', 'N'),
(1603, 'Renee Foo Si Xuan', 'reybu-reneeloveyou@hotmail.com', '6596904680', 'MCC/RSYC', '2015-03-19', 109, 120, '2015-03-15', 'N'),
(1610, 'Phang Kok Chiang', 'g0270121@yahoo.com.sg', '6596631860', 'MCC/RSYC', '2015-04-17', 117, 120, '2015-03-17', 'N'),
(1611, 'Phang Kok Chiang', 'g0270121@yahoo.com.sg', '6596631860', 'MCC/RSYC', '2015-04-17', 117, 120, '2015-03-17', 'N'),
(1615, 'LAI YONG LIANG', 'YONGLIANG.LAI@OUTLOOK.COM', '6591120174', 'MCC/RSYC', '2015-03-24', 94, 240, '2015-03-17', 'N'),
(1617, 'LAI YONG LIANG', 'YONGLIANG.LAI@OUTLOOK.COM', '6591120174', 'MCC/RSYC', '2015-03-24', 94, 240, '2015-03-20', 'N'),
(1618, 'LAI YONG LIANG', 'YONGLIANG.LAI@OUTLOOK.COM', '6591120174', 'MCC/RSYC', '2015-03-24', 94, 240, '2015-03-20', 'N'),
(1620, 'Jeremy Chew', 'jeremy_chew80@yahoo.com', '6597947301', 'MCC/RSYC', '2015-03-22', 103, 240, '2015-03-20', 'N'),
(1624, 'Brian Lim', 'Rain82@hotmail.com', '6590606224', 'MCC/RSYC', '2015-04-04', 124, 120, '2015-03-22', 'N'),
(1632, 'Tan Kok Yam', 'kokyam123@gmail.com', '65', 'MCC/RSYC', '2015-04-17', 122, 120, '2015-03-23', 'N'),
(1633, 'Tan Kok Yam', 'kokyam123@gmail.com', '6593875388', 'MCC/RSYC', '2015-04-24', 120, 120, '2015-03-23', 'N'),
(1634, 'Tan Kok Yam', 'kokyam123@gmail.com', '6593875388', 'MCC/RSYC', '2015-04-30', 108, 120, '2015-03-23', 'N'),
(1636, 'Kelvin', 'Kelvin.c.2007@smu.edu.sg', '6592980197', 'MCC/RSYC', '2015-04-25', 124, 120, '2015-03-23', 'N'),
(1644, 'CHUA YEE HERN', 'yhchua_sg@hotmail.com', '6597572120', 'MCC/RSYC', '2015-04-24', 116, 120, '2015-03-26', 'N'),
(1650, 'Appasamy Thirugnanasambanthamoorthi', 't.appasamy@yahoo.com', '6586135709', 'MCC/RSYC', '2015-04-01', 102, 240, '2015-03-30', 'N'),
(1652, 'Ang sy kai', 'shikai_sky@yahoo.com.sg', '6590010201', 'MCC/RSYC', '2015-05-02', 123, 120, '2015-03-30', 'N'),
(1654, 'JASON', 'mugen53@yahoo.com', '6583333753', 'MCC/RSYC', '2015-04-02', 113, 120, '2015-03-31', 'N'),
(1655, 'Malik Vickland', 'vm.malik.27@gmail.com', '65', 'MCC/RSYC', '2015-04-11', 124, 120, '2015-03-31', 'N'),
(1658, 'jason', 'mugen53@yahoo.com', '6583333753', 'MCC/RSYC', '2015-04-02', 113, 120, '2015-03-31', 'N'),
(1660, 'Malik Vickland', 'vm.malik.27@gmail.com', '6591771570', 'MCC/RSYC', '2015-04-19', 103, 240, '2015-04-01', 'N'),
(1669, 'Lim Zi Gui', 'xoyamy@hotmail.com', '6598322827', 'MCC/RSYC', '2015-04-08', 100, 240, '2015-04-03', 'N'),
(1670, 'MOHD NASIR BIN RAMLI', 'aceh7610@gmail.com', '82771780', 'MCC/RSYC', '2015-04-23', 112, 120, '2015-04-04', 'N'),
(1671, 'Masardi Bin Masrikin', 'Mashiryanamasardi@gmail.com', '6582487376', 'MCC/RSYC', '2015-05-07', 112, 120, '2015-04-05', 'N'),
(1674, 'LAI YONG LIANG', 'YONGLIANG.LAI@OUTLOOK.COM', '6591120174', 'MCC/RSYC', '2015-04-15', 101, 240, '2015-04-07', 'N'),
(1684, 'Kevin Tham', 'kevin_tham@hotmail.com', '6597608844', 'MCC/RSYC', '2015-05-08', 116, 120, '2015-04-07', 'N'),
(1686, 'Jason Sin', 'luxbegonia2@gmail.com', '6591736890', 'MCC/RSYC', '2015-05-15', 116, 120, '2015-04-10', 'N'),
(1687, 'Jason Sin', 'luxbegonia2@gmail.com', '6591736890', 'MCC/RSYC', '2015-05-15', 117, 120, '2015-04-10', 'N'),
(1688, 'Jason Sin', 'luxbegonia2@gmail.com', '6591736890', 'MCC/RSYC', '2015-05-09', 129, 120, '2015-04-10', 'N'),
(1690, 'Jason Sin', 'luxbegonia2@gmail.com', '6591736890', 'MCC/RSYC', '2015-05-09', 130, 120, '2015-04-10', 'N'),
(1693, 'Mohamad Fazly Bin Abdul Rahman', 'crashncollide_88@yahoo.com.sg', '6591691653', 'MCC/RSYC', '2015-05-08', 121, 120, '2015-04-14', 'N'),
(1694, 'Mohamad Fazly Bin Abdul Rahman', 'crashncollide_88@yahoo.com.sg', '6591691653', 'MCC/RSYC', '2015-05-08', 121, 120, '2015-04-14', 'N'),
(1695, 'Lim Ja Yee', 'jayeetmc@hotmail.com', '6590733633', 'MCC/RSYC', '2015-04-25', 124, 120, '2015-04-14', 'N'),
(1700, 'Quek JunHao', 'softylights@live.com.sg', '6582336278', 'MCC/RSYC', '2015-05-15', 120, 120, '2015-04-18', 'N'),
(1701, 'Chng Wei Heng', 'chngweiheng@yahoo.com.sg', '6598160769', 'MCC/RSYC', '2015-05-21', 109, 120, '2015-04-18', 'N'),
(1703, 'Heng Gek Siang', 'wangjiahui77@hotmail.com', '6597695379', 'MCC/RSYC', '2015-04-23', 113, 120, '2015-04-21', 'N'),
(1704, 'Heng Gek Siang', 'wangjiahui77@hotmail.com', '6597695379', 'MCC/RSYC', '2015-04-23', 113, 120, '2015-04-21', 'N'),
(1705, 'Kevin Lee', 'Klmw_kevin@hotmail.com', '6594740956', 'MCC/RSYC', '2015-05-15', 120, 120, '2015-04-21', 'N'),
(1708, 'vishnu chandran', 'vishnu_ncc@hotmail.com', '+6590089127', 'MCC/RSYC', '2015-05-02', 125, 120, '2015-04-21', 'N'),
(1709, 'Vishnu Chandran', 'vishnu_ncc@hotmail.com', '+6590089127', 'MCC/RSYC', '2015-05-02', 125, 120, '2015-04-22', 'N'),
(1721, 'Sean Bai', 'seanbaibingyi@gmail.com', '6598509066', 'MCC/RSYC', '2015-04-30', 110, 120, '2015-04-24', 'N'),
(1724, 'Josephine Tan', 'josephine@jemetier.com', '6591471818', 'MCC/RSYC', '2015-05-23', 123, 120, '2015-04-27', 'N'),
(1729, 'Chua Xing Da', 'chua@stars.com.sg', '6598523205', 'MCC/RSYC', '2015-05-09', 127, 120, '2015-04-27', 'N'),
(1732, 'CHUA XING DA', 'chua@stars.com.sg', '6598523205', 'MCC/RSYC', '2015-05-02', 128, 120, '2015-04-29', 'N'),
(1733, 'Abdullah bin Zainal Abidin', 'hanabdullah123@gmail.com', '6591853382', 'MCC/RSYC', '2015-05-17', 103, 240, '2015-04-29', 'N'),
(1742, 'Daniel Teo', 'daniel_teo@hotmail.com', '6590908371', 'MCC/RSYC', '2015-05-16', 130, 120, '2015-05-02', 'N'),
(1746, 'Chng Wei Heng', 'chngweiheng@yahoo.com.sg', '6598160769', 'MCC/RSYC', '2015-05-22', 120, 120, '2015-05-04', 'N'),
(1750, 'STEVEN YIK', 'stevenyiktp@gmail.com', '6598450946', 'MCC/RSYC', '2015-05-28', 108, 120, '2015-05-05', 'N'),
(1751, 'Frederick Chan', 'fcymster@gmail.com', '+6597621772', 'MCC/RSYC', '2015-06-05', 122, 120, '2015-05-05', 'N'),
(1757, 'Rachel Yang', 'lifesolo@gmail.com', '6591169249', 'MCC/RSYC', '2015-06-19', 122, 120, '2015-05-08', 'N'),
(1759, 'Zoey Lim', 'ZOEYlze@gmail.com', '6582442041', 'MCC/RSYC', '2015-05-17', 104, 240, '2015-05-08', 'N'),
(1761, 'Jocelyn Wun', 'jocelynwun@gmail.com', '6582233605', 'MCC/RSYC', '2015-05-13', 99, 240, '2015-05-09', 'N'),
(1765, 'Feroz Khan', 'ferozkhan_77@hotmail.com', '6594761178', 'MCC/RSYC', '2015-06-12', 116, 120, '2015-05-09', 'N'),
(1767, 'Jerilee Leong', 'jerileeleong@gmail.com', '6597248078', 'MCC/RSYC', '2015-05-11', 91, 240, '2015-05-09', 'N'),
(1769, 'Jerilee Leong', 'jerileeleong@gmail.com', '6597248078', 'MCC/RSYC', '2015-06-13', 125, 120, '2015-05-09', 'N'),
(1774, 'Teo Yen Shing Daniel', 'daniel_teo@hotmail.com', '6590908371', 'MCC/RSYC', '2015-06-20', 130, 120, '2015-05-11', 'N'),
(1776, 'Fong Siew Ping', 'onnfsp@singnet.com.sg', '6594559929', 'Other Marinas', '2015-06-19', 116, 150, '2015-05-11', 'N'),
(1780, 'Lorimer Yong', 'lorimery@yahoo.com', '6597440957', 'MCC/RSYC', '2015-05-14', 110, 120, '2015-05-12', 'N'),
(1782, 'Lorimer Yong', 'lorimery@yahoo.com', '6597440957', 'MCC/RSYC', '2015-05-20', 99, 240, '2015-05-14', 'N'),
(1783, 'GARY GOH POH SENG', 'GARY_SKID@HOTMAIL.COM', '6584888988', 'MCC/RSYC', '2015-05-17', 104, 240, '2015-05-14', 'N'),
(1784, 'GARY GOH POH SENG', 'GARY_SKID@HOTMAIL.COM', '6584888988', 'MCC/RSYC', '2015-05-17', 104, 240, '2015-05-14', 'N'),
(1790, 'Simon Chong', 'simonpschong@gmail.com', '6596882214', 'MCC/RSYC', '2015-06-19', 122, 120, '2015-05-19', 'N'),
(1792, 'GARY GOH POH SENG', 'GARY_SKID@HOTMAIL.COM', '6584888988', 'MCC/RSYC', '2015-05-26', 95, 240, '2015-05-20', 'N'),
(1794, 'Simon Chong', 'simonpschong@gmail.com', '6596882214', 'MCC/RSYC', '2015-06-12', 122, 120, '2015-05-21', 'N'),
(1796, 'Seow Hui Ching', 'chingseow@gmail.com', '6596228251', 'MCC/RSYC', '2015-06-05', 121, 120, '2015-05-23', 'N'),
(1798, 'Chia Yi Min Matthew', 'chiayimin@gmail.com', '6590613327', 'MCC/RSYC', '2015-05-30', 124, 120, '2015-05-23', 'N'),
(1804, 'Cara Quinn', 'caraquinn@gmail.com', '6597867491', 'Other Marinas', '2015-06-10', 99, 300, '2015-05-25', 'N'),
(1805, 'Cara Quinn', 'caraquinn@gmail.com', '6597867491', 'MCC/RSYC', '2015-06-05', 121, 120, '2015-05-26', 'N'),
(1810, 'Christopher Phong', 'phongss@singnet.com.sg', '6596785102', 'MCC/RSYC', '2015-06-25', 109, 120, '2015-05-26', 'N'),
(1812, 'Sim yong nian', 'syns88@gmail.com', '6582011020', 'MCC/RSYC', '2015-06-05', 120, 120, '2015-05-27', 'N'),
(1813, 'aw yong chan keong', 'awyongck@yahoo.com.sg', '6596823121', 'MCC/RSYC', '2015-06-26', 122, 120, '2015-05-27', 'N'),
(1820, 'Christopher Phong', 'phongss@singnet.com.sg', '96785102', 'MCC/RSYC', '2015-06-25', 109, 120, '2015-05-28', 'N'),
(1822, 'Sharina', 'Crashingstarlights@hotmail.com', '6592742794', 'MCC/RSYC', '2015-06-02', 98, 240, '2015-05-31', 'N'),
(1824, 'Ben Bingham', 'binghamb@gmail.com', '6597118353', 'MCC/RSYC', '2015-06-04', 108, 120, '2015-06-02', 'N'),
(1825, 'Teo Zhe Han', 'tzhehan@gmail.com', '6597897103', 'MCC/RSYC', '2015-06-18', 109, 120, '2015-06-02', 'N'),
(1829, 'Clarence Chua', 'clarencechualh@hotmail.com', '6597211881', 'MCC/RSYC', '2015-06-20', 124, 120, '2015-06-02', 'N'),
(1830, 'Ang sy kai', 'shikai_sky@yahoo.com.sg', '6590010201', 'MCC/RSYC', '2015-06-04', 111, 120, '2015-06-02', 'N'),
(1836, 'Raymond', 'cheokr99@yahoo.com.sg', '6593890999', 'MCC/RSYC', '2015-06-11', 108, 120, '2015-06-06', 'N'),
(1837, 'Gwyneth Calista Cheok', 'cheokr99@yahoo.com.sg', '6593890999', 'MCC/RSYC', '2015-06-09', 94, 240, '2015-06-07', 'N'),
(1838, 'Gwyneth Calista Cheok', 'cheokr99@yahoo.com.sg', '6593890999', 'MCC/RSYC', '2015-06-11', 108, 120, '2015-06-07', 'N'),
(1839, 'oozie koo', 'oozandnic@gmail.com', '90473047', 'MCC/RSYC', '2015-06-20', 124, 120, '2015-06-07', 'N'),
(1840, 'Macs Goh', 'macsgoh7@hotnail.com', '6592282379', 'MCC/RSYC', '2015-06-25', 110, 120, '2015-06-07', 'N'),
(1841, 'Ong Ding Sheng', '1305527B@student.tp.edu.sg', '6593795233', 'MCC/RSYC', '2015-06-09', 94, 240, '2015-06-07', 'N'),
(1847, 'tay ngee teck', 'tayngeeteck@gmail.com', '6590885538', 'MCC/RSYC', '2015-06-16', 94, 240, '2015-06-09', 'N'),
(1848, 'tay ngee teck', 'tayngeeteck@gmail.com', '6590885538', 'MCC/RSYC', '2015-06-20', 123, 120, '2015-06-09', 'N'),
(1850, 'Marie Trepanier', 'mjtrepan@gmail.com', '6590685654', 'MCC/RSYC', '2015-06-19', 117, 120, '2015-06-09', 'N'),
(1851, 'Dominik Wiener-Silva', 'dominikwiener@yahoo.de', '6597250138', 'MCC/RSYC', '2015-07-04', 123, 120, '2015-06-09', 'N'),
(1852, 'Wiener-Silva Dominik', 'dominikwiener@yahoo.de', '6597250138', 'MCC/RSYC', '2015-07-04', 124, 120, '2015-06-09', 'N'),
(1857, 'NG ENG HWEE', 'hercules_ng@hotmail.com', '6596659624', 'MCC/RSYC', '2015-07-03', 117, 120, '2015-06-10', 'N'),
(1864, 'Hisyamuddin Bin Senan', 'hisyamsenan@outlook.com', '+6598284316', 'MCC/RSYC', '2015-07-16', 113, 120, '2015-06-13', 'N'),
(1865, 'Hisyamuddin Bin Senan', 'hisyamsenan@outlook.com', '+6598284316', 'MCC/RSYC', '2015-07-16', 113, 120, '2015-06-13', 'N'),
(1867, 'Ho Hui Shan Esmeralda-Anne', 'smeraldan56@gmail.com', '93826374', 'MCC/RSYC', '2015-06-16', 95, 240, '2015-06-14', 'N'),
(1870, 'Jerilee Leong', 'jerileeleong@gmail.com', '6597248078', 'MCC/RSYC', '2015-06-17', 99, 240, '2015-06-15', 'N'),
(1872, 'Jerilee Leong', 'jerileeleong@gmail.com', '6597248078', 'MCC/RSYC', '2015-06-27', 126, 120, '2015-06-15', 'N'),
(1874, 'Jerilee Leong', 'jerileeleong@gmail.com', '6597248078', 'MCC/RSYC', '2015-07-02', 113, 120, '2015-06-15', 'N'),
(1875, 'Jerilee Leong', 'jerileeleong@gmail.com', '6597248078', 'MCC/RSYC', '2015-07-02', 113, 120, '2015-06-15', 'N'),
(1884, 'Kelly Seow', 'k311ys30w@gmail.com', '81010336', 'MCC/RSYC', '2015-06-25', 113, 120, '2015-06-18', 'N'),
(1888, 'Tham Lai leng', 'tll.mipl@gmail.com', '6596252284', 'Other Marinas', '2015-06-27', 124, 150, '2015-06-20', 'N'),
(1893, 'Rabiatul Adawiya Binhan', 'rabiatuladawiya@gmail.com', '6597511940', 'MCC/RSYC', '2015-06-26', 116, 120, '2015-06-23', 'N'),
(1890, 'Marilyn Pei Yin Kang', 'marilynkang@yahoo.com', '6591806024', 'MCC/RSYC', '2015-07-09', 110, 120, '2015-06-22', 'N'),
(1892, 'Raj Vignesh', 'rajvignesh97@gmail.com', '6592965858', 'MCC/RSYC', '2015-06-24', 101, 240, '2015-06-22', 'N'),
(1894, 'Rabiatul Binhan', 'rabiatuladawiya@gmail.com', '6597511940', 'MCC/RSYC', '2015-06-26', 116, 120, '2015-06-23', 'N'),
(1896, 'GARY GOH POH SENG', 'GARY_SKID@HOTMAIL.COM', '6584888988', 'MCC/RSYC', '2015-07-02', 109, 120, '2015-06-23', 'N'),
(1904, 'YIK TENG POH', 'stevenyiktp@gmail.com', '6598450946', 'MCC/RSYC', '2015-07-17', 120, 120, '2015-06-24', 'N'),
(1906, 'Yeam Wee Beng', 'yeam.wee.beng@gmail.com', '6591780381', 'MCC/RSYC', '2015-07-24', 120, 120, '2015-06-25', 'N'),
(1910, 'Ivan Tan Li Kai', 'ivan@edhome.com.sg', '6581683160', 'MCC/RSYC', '2015-07-24', 121, 120, '2015-06-26', 'N'),
(1914, 'Jerilee Leong', 'jerileeleong@gmail.com', '6597248078', 'MCC/RSYC', '2015-07-07', 95, 240, '2015-06-27', 'N'),
(1915, 'Julynn Tay', 'bluelynn07@hotmail.com', '6597896602', 'MCC/RSYC', '2015-07-24', 120, 120, '2015-06-27', 'N'),
(1916, 'Phang Kok Chiang', 'g0270121@yahoo.com.sg', '6596631860', 'MCC/RSYC', '2015-07-31', 117, 120, '2015-06-28', 'N'),
(1917, 'Phang Kok Chiang', 'g0270121@yahoo.com.sg', '6596631860', 'MCC/RSYC', '2015-07-21', 94, 240, '2015-06-28', 'N');
INSERT INTO `refresher_training_schedules` (`booking_id`, `name`, `email`, `phone`, `course_to_attend`, `booking_date`, `refresher_training_id`, `amount`, `created_date`, `booking_status`) VALUES
(1924, 'Phang Kok Chiang', 'g0270121@yahoo.com.sg', '6596631860', 'MCC/RSYC', '2015-07-28', 94, 240, '2015-06-29', 'N'),
(1926, 'Crystal', 'crysgoggle@gmail.com', '6581007898', 'MCC/RSYC', '2015-07-24', 120, 120, '2015-06-29', 'N'),
(1928, 'STEVEN YIK', 'stevenyiktp@gmail.com', '6598450946', 'MCC/RSYC', '2015-07-17', 120, 120, '2015-06-29', 'N'),
(1929, 'YIK TENG POH', 'stevenyiktp@gmail.com', '6598450946', 'MCC/RSYC', '2015-07-17', 120, 120, '2015-06-29', 'N'),
(1930, 'YIK TENG POH', 'stevenyiktp@gmail.com', '6598450946', 'MCC/RSYC', '2015-07-17', 120, 120, '2015-06-29', 'N'),
(1940, 'Bernard Goh', 'paddlefaster@gmail.com', '6590079234', 'MCC/RSYC', '2015-07-19', 103, 240, '2015-07-02', 'N'),
(1945, 'Crystal Goh Shiyun', 'crysgoggle@gmail.com', '6581007898', 'MCC/RSYC', '2015-07-31', 120, 120, '2015-07-03', 'N'),
(1949, 'Tham Lai Leng', 'tll.mipl@yahoo.com.sg', '6596252284', 'MCC/RSYC', '2015-08-31', 92, 240, '2015-07-04', 'N'),
(1953, 'CHOO CHOON HAUT PETER', 'peter@gennal.com', '6597998362', 'MCC/RSYC', '2015-08-14', 117, 120, '2015-07-06', 'N'),
(1955, 'CHOO CHOON HAUT PETER', 'peter@gennal.com', '6597998362', 'MCC/RSYC', '2015-08-14', 117, 120, '2015-07-06', 'N'),
(1961, 'Cheoh Pin', 'jbreef13@yahoo.com.sg', '6591126727', 'MCC/RSYC', '2015-08-13', 115, 120, '2015-07-07', 'N'),
(1964, 'Ong ding sheng', '1305527B@student.tp.edu.sg', '6593795233', 'MCC/RSYC', '2015-07-18', 123, 120, '2015-07-07', 'N'),
(1965, 'lim hooi jin', 'hooijin@yahoo.com', '6596660889', 'MCC/RSYC', '2015-08-02', 104, 240, '2015-07-08', 'N'),
(1966, 'Teo Yen Shing Daniel', 'daniel_teo@hotmail.com', '6590908371', 'MCC/RSYC', '2015-07-25', 129, 120, '2015-07-08', 'N'),
(1967, 'Teo Yen Shing Daniel', 'daniel_teo@hotmail.com', '6590908371', 'MCC/RSYC', '2015-07-25', 130, 120, '2015-07-08', 'N'),
(1968, 'Frank Thomas', 'tfranks@gmx.net', '+6586607585', 'MCC/RSYC', '2015-08-07', 122, 120, '2015-07-09', 'N'),
(1969, 'Teo Yen Shing Daniel', 'daniel_teo@hotmail.com', '6590908371', 'MCC/RSYC', '2015-07-25', 129, 120, '2015-07-10', 'N'),
(1971, 'Muhammad salleh bin hamid', 'Muhammadsalleh17@gmail.com', '6597976246', 'MCC/RSYC', '2015-08-14', 121, 120, '2015-07-11', 'N'),
(1975, 'Th', 'tll.mipl@yahoo.com.sg', '6596252284', 'MCC/RSYC', '2015-07-27', 91, 240, '2015-07-12', 'N'),
(1980, 'Lucy McCabe', 'lucy.mccabe@bwoffshore.com', '6597723759', 'MCC/RSYC', '2015-08-23', 105, 240, '2015-07-13', 'N'),
(1991, 'Wee Jimmie', 'jimmiewee@gmail.com', '97307805', 'MCC/RSYC', '2015-07-25', 126, 120, '2015-07-20', 'N'),
(1993, 'Douchnirenko Dmitri Vladimirovitch', 'dimitri.kouchnirenko@gmail.com', '6583184107', 'MCC/RSYC', '2015-08-13', 114, 120, '2015-07-21', 'N'),
(1994, 'Lim Hyee Shynn', 'paradis.de.reve@gmail.com', '+6594881695', 'MCC/RSYC', '2015-08-28', 120, 120, '2015-07-21', 'N'),
(1999, 'SIA HAN YUNG', 'SIA380@HOTMAIL.COM', '6594241826', 'MCC/RSYC', '2015-08-16', 105, 240, '2015-07-23', 'N'),
(2006, 'de l\'Epine', 'hugues.delepine@anz.com', '6596393416', 'MCC/RSYC', '2015-07-27', 85, 240, '2015-07-25', 'N'),
(2009, 'Rachelle Yeo', 'rachellelau@yahoo.com', '6596831130', 'MCC/RSYC', '2015-08-02', 107, 240, '2015-07-27', 'N'),
(2010, 'Rachelle Yeo', 'rachellelau@yahoo.com', '6596831130', 'MCC/RSYC', '2015-08-02', 107, 240, '2015-07-27', 'N'),
(2015, 'awdeasd', 'sabhar@gmail.com', '6598355569', 'MCC/RSYC', '2015-07-29', 99, 240, '2015-07-27', 'N'),
(2026, 'SIA HAN YUNG', 'sia380@hotmail.com', '6594241826', 'MCC/RSYC', '2015-08-07', 118, 120, '2015-07-30', 'N'),
(2027, 'SIA HAN YUNG', 'sia380@hotmail.com', '6594241826', 'MCC/RSYC', '2015-08-15', 127, 120, '2015-07-30', 'N'),
(2028, 'SIA HAN YUNG', 'sia380@hotmail.com', '6594241826', 'MCC/RSYC', '2015-08-15', 127, 120, '2015-07-30', 'N'),
(2030, 'Goh Cheng Siang', 'kieftygoh@yahoo.com.sg', '6596525321', 'MCC/RSYC', '2015-08-16', 105, 240, '2015-08-01', 'N'),
(2031, 'Shahid Sahari', 'sshahid13@yahoo.com', '6596345317', 'MCC/RSYC', '2015-08-24', 91, 240, '2015-08-03', 'N'),
(2035, 'David Tan', 'cheewee21@hotmail.com', '6591137068', 'MCC/RSYC', '2015-08-07', 117, 120, '2015-08-05', 'N'),
(2039, 'Stella Toh Xue Er', 'stellatxe@gmail.com', '6597993482', 'MCC/RSYC', '2015-08-15', 129, 120, '2015-08-06', 'N'),
(2057, 'Muhammad Yazid Bin Haron', 'ajidrxzee@gmail.com', '6597278145', 'MCC/RSYC', '2015-09-01', 96, 240, '2015-08-20', 'N'),
(2058, 'Muhammad Yazid Bin Haron', 'ajidrxzee@gmail.com', '6597278145', 'MCC/RSYC', '2015-09-05', 127, 120, '2015-08-20', 'N'),
(2059, 'uthcdg', 'fr@com.com', '6548526587', 'MCC/RSYC', '2015-08-27', 111, 120, '2015-08-20', 'N'),
(2060, 'Lai Tiam Poh', 'jerallai@gmail.com', '6596820420', 'MCC/RSYC', '2015-09-10', 108, 120, '2015-08-20', 'N'),
(2087, 'LIM CLIVE', 'clivelim@yahoo.com', '6591711222', 'MCC/RSYC', '2015-09-19', 125, 120, '2015-08-26', 'N'),
(2090, 'Sarah Howell', 'srahmh@gmail.com', '6584970153', 'MCC/RSYC', '2015-09-19', 124, 120, '2015-08-26', 'N'),
(2122, 'Dexter Teo', 'wolfy3769@yahoo.com.sg', '6597488921', 'MCC/RSYC', '2015-09-18', 117, 120, '2015-08-26', 'N'),
(4145, 'Block', 'system@block.com', '6565644866', 'MCC/RSYC', '2018-09-17', 91, 240, '2018-09-05', 'Y'),
(2128, 'Wan Ding Yao', 'DYWAN@live.com.SG', '6596693377', 'MCC/RSYC', '2015-09-06', 104, 240, '2015-08-28', 'N'),
(2130, 'Johnny Heng', 'Tinoabel@gmail.com', '6598228158', 'MCC/RSYC', '2015-09-01', 98, 240, '2015-08-29', 'N'),
(2132, 'Yeo Wee Lee', 'weeleeyeo@hotmail.com', '659740111', 'MCC/RSYC', '2015-09-19', 123, 120, '2015-08-29', 'N'),
(2142, 'Abraham Jalbout', 'drajalbout@gmail.com', '6596739768', 'MCC/RSYC', '2015-09-04', 122, 120, '2015-09-01', 'N'),
(2150, 'Jens Wallevik', 'walleco@yaoo.com.sg', '6585515017', 'MCC/RSYC', '2015-09-12', 125, 120, '2015-09-01', 'N'),
(2153, 'Fang Ming Keong', 'jamesfangmk@yahoo.com', '6598899049', 'MCC/RSYC', '2015-09-26', 123, 120, '2015-09-02', 'N'),
(2155, '989889', '5545@dfe.wdw', '6598988', 'MCC/RSYC', '2015-09-04', 121, 120, '2015-09-02', 'N'),
(2156, 'Alexander Makarov', 'amsilf@gmail.com', '6597204638', 'Other Marinas', '2015-09-25', 122, 150, '2015-09-02', 'N'),
(2161, 'Royce Yeo Meng Hea', 'royceyang738@gmail.com', '6581187588', 'MCC/RSYC', '2015-09-25', 116, 120, '2015-09-03', 'N'),
(2171, 'Ng Kok Poo', 'ngkokpoo@gmail.com', '6596931663', 'MCC/RSYC', '2015-09-26', 125, 120, '2015-09-05', 'N'),
(2174, 'Ng Kok Poo', 'ngkokpoo@gmail.com', '6596931663', 'MCC/RSYC', '2015-09-25', 120, 120, '2015-09-06', 'N'),
(2175, 'Koh Lin Zhi', 'lz.regine@gmail.com', '6581214188', 'MCC/RSYC', '2015-09-25', 120, 120, '2015-09-06', 'N'),
(2176, 'hilbert', 'hlbert@mets1.sg', '6596155546', 'MCC/RSYC', '2015-09-08', 96, 240, '2015-09-06', 'N'),
(2177, 'Wan Ding Yao', 'DYWAN@live.com.SG', '6596693377', 'MCC/RSYC', '2015-09-11', 121, 120, '2015-09-07', 'N'),
(2178, 'Wan Ding Yao', 'DYWAN@live.com.SG', '6596693377', 'MCC/RSYC', '2015-09-11', 121, 120, '2015-09-07', 'N'),
(2180, 'Wan Ding Yao', 'DYWAN@live.com.SG', '6596693377', 'MCC/RSYC', '2015-09-11', 121, 120, '2015-09-07', 'N'),
(4127, 'Boby', 'system@phone.com', '6597511009', 'MCC/RSYC', '2018-08-30', 113, 120, '2018-08-28', 'Y'),
(2182, 'ambrose yung', 'ambroseyung@hotmail.com', '65', 'MCC/RSYC', '2015-09-13', 103, 240, '2015-09-07', 'N'),
(3756, 'Tan Pin Wei', 'deadlyroyal@hotmail.com', '6594595651', 'MCC/RSYC', '2017-05-01', 85, 160, '2017-04-29', 'N'),
(2184, 'Wan Ding Yao', 'DYWAN@live.com.SG', '6596693377', 'MCC/RSYC', '2015-09-11', 121, 120, '2015-09-07', 'N'),
(4118, 'Abdullah Tawfiq Abdul Rahman', 'fiq.hope@gmail.com', '6581342327', 'MCC/RSYC', '2018-09-07', 117, 80, '2018-08-22', 'Y'),
(4119, 'Jeremy Loh Yin Jun', 'jeremyloh@live.com.sg', '6597974809', 'MCC/RSYC', '2018-08-31', 118, 80, '2018-08-23', 'N'),
(2188, 'Karyne Shuanne Huang', 'karyne_ng@yahoo.com', '6597568256', 'MCC/RSYC', '2015-09-25', 116, 120, '2015-09-07', 'N'),
(4128, 'Boby', 'system@phone.com', '6597511009', 'MCC/RSYC', '2018-09-06', 113, 120, '2018-08-28', 'Y'),
(4117, 'Lim Wan Ting', 'limwanting1991@gmail.com', '6590170991', 'MCC/RSYC', '2018-09-07', 116, 80, '2018-08-22', 'Y'),
(3761, 'Tan Pin Wei', 'deadlyroyal@hotmail.com', '6594595651', 'Other Marinas', '2017-05-18', 109, 100, '2017-05-06', 'N'),
(2193, 'wu yu', 'wuyu2652@sina.com', '6597725102', 'MCC/RSYC', '2015-10-03', 123, 120, '2015-09-07', 'N'),
(2194, 'George Philip', 'georgy11@gmail.com', '6596187922', 'MCC/RSYC', '2015-09-18', 121, 120, '2015-09-07', 'N'),
(2195, 'wu yu', 'dexuanchoo@gmail.com', '6583898318', 'MCC/RSYC', '2015-10-03', 124, 120, '2015-09-07', 'N'),
(3753, 'Lim Kwang Li Eddie', 'eddielim74@gmail.com', '6590494499', 'MCC/RSYC', '2017-05-19', 116, 80, '2017-04-26', 'N'),
(4126, 'Jeremy', 'system@phone.com', '6591732726', 'MCC/RSYC', '2018-09-06', 109, 120, '2018-08-28', 'Y'),
(4120, 'Jeremy Loh Yin Jun', 'jeremyloh@live.com.sg', '6597974809', 'Other Marinas', '2018-08-31', 118, 100, '2018-08-23', 'N'),
(4121, 'Jeremy Loh Yin Jun', 'jeremyloh@live.com.sg', '6597974809', 'MCC/RSYC', '2018-08-31', 118, 80, '2018-08-23', 'Y'),
(4122, 'Tom (10-11am)', 'system@phone.com', '6591146838', 'MCC/RSYC', '2018-08-26', 103, 240, '2018-08-24', 'Y'),
(4123, 'Sadish', 'system@phone.com', '6590166498', 'MCC/RSYC', '2018-08-31', 116, 120, '2018-08-24', 'Y'),
(4124, 'Sadish', 'system@phone.com', '6590166498', 'MCC/RSYC', '2018-08-31', 117, 120, '2018-08-24', 'Y'),
(4125, 'Jeremy', 'system@phine.com', '6591732726', 'MCC/RSYC', '2018-09-06', 108, 120, '2018-08-28', 'Y'),
(2212, 'Ben Au', 'lz.regine@gmail.com', '6594790493', 'MCC/RSYC', '2015-09-25', 121, 120, '2015-09-07', 'N'),
(2213, 'Alaric Yeo', 'lz.regine@gmail.com', '6597528990', 'MCC/RSYC', '2015-09-25', 122, 120, '2015-09-07', 'N'),
(2231, 'Low chin nam', 'low_cn@yahoo.com', '6596800068', 'Other Marinas', '2015-10-03', 125, 150, '2015-09-10', 'N'),
(2234, 'Berwin', 'berwin_95@hotmail.com', '6581981718', 'MCC/RSYC', '2015-09-24', 109, 120, '2015-09-10', 'N'),
(2235, 'Berwin Chua', 'berwin_95@hotmail.com', '6581981718', 'MCC/RSYC', '2015-09-24', 109, 120, '2015-09-10', 'N'),
(2238, 'olivier crespin', 'olicrespin@me.com', '6592976548', 'MCC/RSYC', '2015-09-17', 112, 120, '2015-09-11', 'N'),
(2240, 'Olivier Crespin', 'olicrespin@me.com', '6592976548', 'MCC/RSYC', '2015-09-17', 112, 120, '2015-09-11', 'N'),
(2242, 'Berwin Chua', 'berwin_95@hotmail.com', '6581981718', 'MCC/RSYC', '2015-09-24', 109, 120, '2015-09-11', 'N'),
(2244, 'CHEN ZHENG HAN,ENOCH', 'ninjaboy00790@gmail.com', '6590445400', 'MCC/RSYC', '2015-10-11', 104, 240, '2015-09-12', 'N'),
(2247, 'Abraham Jalbout', 'drajalbout@gmail.com', '65', 'MCC/RSYC', '2015-09-17', 114, 120, '2015-09-12', 'N'),
(2250, 'lars vetterlein', 'lars.vetterlein@gmail.com', '6596418092', 'MCC/RSYC', '2015-10-18', 103, 240, '2015-09-16', 'N'),
(2253, 'Lim Kai Xuan', 'squirrelsondecaf@hotmail.com', '6584846728', 'MCC/RSYC', '2015-10-09', 118, 120, '2015-09-19', 'N'),
(2274, 'Lok Min Chian', 'mclok@singnet.com.sg', '6596153629', 'MCC/RSYC', '2015-10-19', 91, 240, '2015-09-28', 'N'),
(2275, 'Sabri', 'sabhar@gmail.com', '6598355569', 'MCC/RSYC', '2015-10-10', 125, 120, '2015-09-28', 'N'),
(2276, 'Sabri', 'sabhar@gmail.com', '6598355569', 'MCC/RSYC', '2015-10-24', 124, 120, '2015-09-28', 'N'),
(2287, 'Alvin Goh Foong Guan', 'Alvingfg@yahoo.com.sg', '6597260936', 'MCC/RSYC', '2015-10-04', 103, 240, '2015-09-30', 'N'),
(2299, 'test', 'test@test.com', '65123465678', 'MCC/RSYC', '2015-10-06', 95, 240, '2015-10-01', 'N'),
(2300, 'low chin nam', 'low_cn@yahoo.com', '6596800068', 'MCC/RSYC', '2015-10-09', 122, 120, '2015-10-03', 'N'),
(2302, 'See Siew Ju', 'siewju2008@gmail.com', '6597519219', 'MCC/RSYC', '2015-10-31', 124, 120, '2015-10-03', 'N'),
(2303, 'See Siew Ju', 'siewju2008@gmail.com', '6597519219', 'MCC/RSYC', '2015-11-01', 104, 240, '2015-10-03', 'N'),
(2313, 'HENG JOHNNY', 'TINOABEL@GMAIL.COM', '6598228158', 'MCC/RSYC', '2015-10-12', 91, 240, '2015-10-06', 'N'),
(2314, 'HENG JOHNNY', 'TINOABEL@GMAIL.COM', '6598228158', 'MCC/RSYC', '2015-10-12', 92, 240, '2015-10-06', 'N'),
(2315, 'Arjun', 'arjunzv8@gmail.com', '6596587694', 'MCC/RSYC', '2015-11-07', 123, 120, '2015-10-07', 'N'),
(2320, 'calvin zhu yongwei', 'oops_calvin@hotmail.com', '6597670457', 'MCC/RSYC', '2015-11-14', 123, 120, '2015-10-08', 'N'),
(2322, 'calvin zhu yongwei', 'oops_calvin@hotmail.com', '6597670457', 'MCC/RSYC', '2015-11-14', 123, 120, '2015-10-08', 'N'),
(2323, 'Calvin zhu yongwei', 'Oops_calvin@hotmail.com', '6597670457', 'MCC/RSYC', '2015-11-14', 123, 120, '2015-10-08', 'N'),
(2354, 'Denny Chew Li Wei', 'Denny.clw94@gmail.com', '6596914375', 'MCC/RSYC', '2015-10-20', 95, 240, '2015-10-18', 'N'),
(2374, 'Lyn Arancon', 'aranconlyn@gmail.com', '6584314061', 'MCC/RSYC', '2015-11-20', 116, 120, '2015-10-26', 'N'),
(2378, 'Choo Fu Min', 'Ericchoo_82@hotmail.com', '6590479450', 'MCC/RSYC', '2015-11-27', 120, 120, '2015-10-28', 'N'),
(2384, 'Joyce', 'pmc_jk@yahoo.com.sg', '6597877927', 'MCC/RSYC', '2015-11-28', 123, 120, '2015-10-29', 'N'),
(2389, 'see siew ju', 'siewju2008@gmail.com', '6597519219', 'MCC/RSYC', '2015-11-04', 99, 240, '2015-10-31', 'N'),
(2394, 'Ong Chin Hui', 'jong@i-net.asia', '6597550132', 'MCC/RSYC', '2015-11-02', 91, 240, '2015-10-31', 'N'),
(2396, 'Jia Yi Lim', 'limjiayi23@gmail.com', '6597611333', 'MCC/RSYC', '2015-11-20', 121, 120, '2015-10-31', 'N'),
(2402, 'Pang Fei Ket', 'shawn@goodair.com.sg', '6586888555', 'MCC/RSYC', '2015-11-20', 116, 120, '2015-11-02', 'N'),
(2406, 'Ong Chin Hui', 'jong@i-net.asia', '6597550132', 'MCC/RSYC', '2015-11-04', 100, 240, '2015-11-02', 'N'),
(2411, 'see siew ju', 'siewju2008@gmail.com', '6597519219', 'MCC/RSYC', '2015-11-06', 116, 120, '2015-11-04', 'N'),
(2418, 'Ang Shi Jie', 'tj.shijie@gmail.com', '6597555761', 'MCC/RSYC', '2015-11-08', 103, 240, '2015-11-06', 'N'),
(2419, 'Carter ho', 'carterho99@gmail.com', '6591814899', 'MCC/RSYC', '2015-11-20', 117, 120, '2015-11-06', 'N'),
(2420, 'Carter ho', 'carterho99@gmail.com', '6591814899', 'MCC/RSYC', '2015-11-20', 117, 120, '2015-11-06', 'N'),
(2422, 'Chee Jun Hong', 'pipipapipo@hotmail.com', '6581007753', 'MCC/RSYC', '2015-11-19', 111, 120, '2015-11-08', 'N'),
(2423, 'Ang Shi Jie', 'tj.shijie@gmail.com', '6597555761', 'MCC/RSYC', '2015-11-11', 99, 240, '2015-11-08', 'N'),
(2424, 'Ho Sheng Mao', 'carterho99@gmail.com', '6591814899', 'MCC/RSYC', '2015-11-20', 117, 120, '2015-11-09', 'N'),
(2425, 'Andrew Yap Ching Heng', 'ayapchch@gmail.com', '6596343607', 'MCC/RSYC', '2015-11-23', 85, 240, '2015-11-09', 'N'),
(2427, 'Ho Sheng Mao', 'carterho99@gmail.com', '6591814899', 'MCC/RSYC', '2015-11-20', 117, 120, '2015-11-09', 'N'),
(2433, 'Sasha Christian', 'sashachristian@gmail.com', '+6591175354', 'MCC/RSYC', '2015-12-09', 99, 240, '2015-11-11', 'N'),
(2440, 'Andy lim', 'jedi4real@gmail.com', '6597452530', 'MCC/RSYC', '2015-11-29', 104, 240, '2015-11-12', 'N'),
(2441, 'Andy lim', 'jedi4real@gmail.com', '6597452530', 'MCC/RSYC', '2015-11-29', 104, 240, '2015-11-12', 'N'),
(2458, 'Soh Bak Haw', 'darrell_2325@hotmail.com', '6583323380', 'MCC/RSYC', '2015-11-20', 116, 120, '2015-11-13', 'N'),
(2461, 'tessa Mai Lan HO', 'tessa@balicasa.net', '6590055862', 'MCC/RSYC', '2015-12-05', 123, 120, '2015-11-14', 'N'),
(2462, 'tessa Mai Lan HO', 'tessa@balicasa.net', '6590055862', 'MCC/RSYC', '2015-12-05', 123, 120, '2015-11-14', 'N'),
(2464, 'Liang Te Shan', 'tshanliang@hotmail.com', '6593652900', 'MCC/RSYC', '2015-11-18', 101, 240, '2015-11-15', 'N'),
(2466, 'Elias Heng', 'eliashsf@gmail.com', '6597282125', 'MCC/RSYC', '2015-11-26', 111, 120, '2015-11-15', 'N'),
(2469, 'Nicholas Hong', 'nicholashong@email.com', '6596561559', 'MCC/RSYC', '2015-11-29', 103, 240, '2015-11-16', 'N'),
(2470, 'Nicholas Hong', 'nicholashong@email.com', '6596561559', 'MCC/RSYC', '2015-11-24', 98, 240, '2015-11-16', 'N'),
(2476, 'Elias Heng', 'eliashsf@gmail.com', '6597282125', 'MCC/RSYC', '2015-11-26', 111, 120, '2015-11-16', 'N'),
(2477, 'Daniel Wee', 'dan_wee@hotmail.com', '6582008881', 'MCC/RSYC', '2015-11-26', 113, 120, '2015-11-17', 'N'),
(2478, 'Daniel Wee', 'dan_wee@hotmail.com', '6582008881', 'MCC/RSYC', '2015-11-26', 113, 120, '2015-11-17', 'N'),
(2479, 'Daniel Wee', 'dan_wee@hotmail.com', '6582008881', 'MCC/RSYC', '2015-11-26', 111, 120, '2015-11-17', 'N'),
(2480, 'Daniel Wee', 'dan_wee@hotmail.com', '6582008881', 'MCC/RSYC', '2015-11-26', 111, 120, '2015-11-17', 'N'),
(2483, 'eugene', 'eugene_tay93@hotmail.com', '6581573300', 'MCC/RSYC', '2015-12-09', 102, 240, '2015-11-17', 'N'),
(2485, 'Daniel Wee', 'dan_wee@hotmail.com', '6582008881', 'MCC/RSYC', '2015-11-20', 121, 120, '2015-11-18', 'N'),
(2490, 'Joyce', 'khorjss@gmail.com', '6597877927', 'MCC/RSYC', '2015-11-25', 99, 240, '2015-11-21', 'N'),
(2491, 'Pang Kee Whee', 'kiwipang@gmail.com', '6597490549', 'MCC/RSYC', '2015-11-26', 112, 120, '2015-11-21', 'N'),
(2498, 'ridley koh', 'gaofeng_619@hotmail.com', '6596454922', 'MCC/RSYC', '2015-12-05', 126, 120, '2015-11-23', 'N'),
(2501, 'LIM JESSIE', 'dj8828@hotmail.com', '6583319367', 'MCC/RSYC', '2015-12-11', 118, 120, '2015-11-26', 'N'),
(2503, 'RIDLEY KOH HON', 'ridley_koh@live.co.uk', '6596454922', 'MCC/RSYC', '2015-12-05', 126, 120, '2015-11-26', 'N'),
(2507, 'Mabel Lim', 'mabellim91@hotmail.com', '6591394348', 'MCC/RSYC', '2016-01-01', 118, 120, '2015-11-28', 'N'),
(2508, 'Mabel Lim', 'mabellim91@hotmail.com', '6591394348', 'MCC/RSYC', '2015-12-24', 114, 120, '2015-11-28', 'N'),
(2511, 'Daniel Wee Soon Huat', 'dan_wee@hotmail.com', '6582008881', 'MCC/RSYC', '2015-12-03', 113, 120, '2015-12-01', 'N'),
(2512, 'Liang Te Shan', 'tshanliang@hotmail.com', '6593652900', 'MCC/RSYC', '2015-12-07', 85, 240, '2015-12-01', 'N'),
(2520, 'Nicholas Hong', 'nicholashong@email.com', '6596561559', 'MCC/RSYC', '2015-12-09', 102, 240, '2015-12-07', 'N'),
(2521, 'Victor Zheng', 'victor_yicuan@hotmail.com', '6583882569', 'MCC/RSYC', '2015-12-25', 118, 120, '2015-12-07', 'N'),
(2522, 'Victor Zheng', 'victor_yicuan@hotmail.com', '6583882569', 'MCC/RSYC', '2016-01-01', 117, 120, '2015-12-07', 'N'),
(2537, 'Siaw Hui', 'siawhui91@gmail.com', '6592741962', 'MCC/RSYC', '2016-01-05', 96, 240, '2015-12-09', 'N'),
(2538, 'Siaw Hui', 'siawhui91@gmail.com', '6592741962', 'MCC/RSYC', '2016-01-08', 120, 120, '2015-12-09', 'N'),
(2539, 'Siaw Hui', 'siawhui91@gmail.com', '6592741962', 'MCC/RSYC', '2016-01-09', 124, 120, '2015-12-09', 'N'),
(2545, 'Lim Jessie', 'dj8828@hotmail.com', '6583319367', 'MCC/RSYC', '2016-01-09', 125, 120, '2015-12-12', 'N'),
(2547, 'Norhayati Salleh', 'ysalleh@live.com', '6581551274', 'MCC/RSYC', '2016-01-16', 123, 120, '2015-12-14', 'N'),
(2554, 'warner gavin nils', 'gwarner@socartrading.com', '6597886775', 'MCC/RSYC', '2015-12-30', 99, 240, '2015-12-17', 'N'),
(2592, 'marc lansonneur', 'marclansonneur@yahoo.com', '6591293764', 'MCC/RSYC', '2016-01-15', 121, 120, '2015-12-19', 'N'),
(2601, 'andy tan eng ann', 'andytan@ktbusiness.com.sg', '6590030312', 'MCC/RSYC', '2016-01-08', 122, 120, '2015-12-21', 'N'),
(2615, 'Veronica Lim', 'veronica_lim88@hotmail.com', '6597100851', 'MCC/RSYC', '2016-01-23', 125, 120, '2015-12-28', 'N'),
(2616, 'Veronica Lim', 'veronica_lim88@hotmail.com', '6597100851', 'MCC/RSYC', '2016-01-23', 124, 120, '2015-12-28', 'N'),
(2617, 'Veronica Lim', 'veronica_lim88@hotmail.com', '6597100851', 'MCC/RSYC', '2016-01-23', 124, 120, '2015-12-28', 'N'),
(2618, 'Veronica Lim', 'veronica_lim88@hotmail.com', '6597100851', 'MCC/RSYC', '2016-01-23', 124, 120, '2015-12-28', 'N'),
(2619, 'Veronica Lim', 'veronica_lim88@hotmail.com', '6597100851', 'MCC/RSYC', '2016-01-23', 124, 120, '2015-12-28', 'N'),
(2622, 'gavin warner', 'gwarner@socartrading.com', '6597886775', 'MCC/RSYC', '2016-01-03', 104, 240, '2015-12-30', 'N'),
(2625, 'cj', 'ylee247@hotmail.com', '6582820666', 'MCC/RSYC', '2016-01-08', 122, 120, '2016-01-02', 'N'),
(2627, 'soh boon keong', 'sohbk8@hotmail.com', '6598572816', 'MCC/RSYC', '2016-01-16', 125, 120, '2016-01-03', 'N'),
(2628, 'soh boon keong', 'sohbk8@hotmail.com', '65', 'MCC/RSYC', '2016-01-16', 125, 120, '2016-01-03', 'N'),
(2681, 'Chua Quan En Nathaniel', 'quanennathaniel@hotmail.com', '6592952814', 'MCC/RSYC', '2016-02-06', 124, 120, '2016-01-10', 'N'),
(2684, 'Yeo Chi Wen', 'yeochiwen2002@hotmail.com', '6592964305', 'MCC/RSYC', '2016-01-15', 120, 120, '2016-01-12', 'N'),
(2687, 'Nicholas Ong', 'weiyu321@hotmail.com', '6598388378', 'MCC/RSYC', '2016-02-06', 124, 120, '2016-01-12', 'N'),
(2688, 'Alyssa Nolan', 'alyssadoyle@gmail.com', '6596551327', 'MCC/RSYC', '2016-01-15', 116, 120, '2016-01-13', 'N'),
(2689, 'Rick Wong', 'rickwtj@gmail.com', '6582283829', 'MCC/RSYC', '2016-02-05', 118, 120, '2016-01-15', 'N'),
(2695, 'Rick Wong', 'rickwtj@gmail.com', '6582283829', 'MCC/RSYC', '2016-02-05', 120, 120, '2016-01-18', 'N'),
(2696, 'Rick Wong', 'rickwtj@gmail.com', '6582283829', 'MCC/RSYC', '2016-02-05', 118, 0, '2016-01-18', 'N'),
(2701, 'ROBERT GREG SHAND', 'greg@gregshand.com', '6597733815', 'MCC/RSYC', '2016-01-21', 108, 120, '2016-01-19', 'N'),
(2704, 'anthony tan tze hao', 'ant123_1995@hotmail.com', '6593367671', 'MCC/RSYC', '2016-02-13', 124, 120, '2016-01-22', 'N'),
(2705, 'Alyssa Nolan', 'alyssadoyle@gmail.com', '96551327', 'MCC/RSYC', '2016-02-20', 123, 120, '2016-01-23', 'N'),
(2707, 'soh boon keong', 'sohbk8@hotmail.com', '6598572816', 'MCC/RSYC', '2016-02-20', 125, 120, '2016-01-25', 'N'),
(2710, 'Jerome Ng', 'NG.JEROME17@GMAIL.COM', '6591297335', 'MCC/RSYC', '2016-01-30', 125, 120, '2016-01-26', 'N'),
(2711, 'Leong Liem Cheong, Andrew', 'aleong.sg@gmail.com', '6596811117', 'MCC/RSYC', '2016-02-27', 123, 120, '2016-01-26', 'N'),
(2714, 'Jerome Ng', 'ng.jerome17@gmail.com', '91297335', 'MCC/RSYC', '2016-01-28', 109, 120, '2016-01-26', 'N'),
(2764, 'agtsadgf', 'andeft@fomdf.com', '65262356', 'MCC/RSYC', '2016-02-22', 85, 240, '2016-01-29', 'N'),
(2756, 'Paul Chen', 'paulyichen@gmail.com', '6598787290', 'MCC/RSYC', '2016-02-22', 85, 240, '2016-01-29', 'N'),
(2757, 'Paul Chen', 'paulyichen@gmail.com', '6598787290', 'MCC/RSYC', '2016-02-22', 85, 240, '2016-01-29', 'N'),
(2758, 'Paul Chen', 'paulyichen@gmail.com', '6598787290', 'MCC/RSYC', '2016-02-22', 85, 240, '2016-01-29', 'N'),
(2795, 'paul chen', 'paulyichen@gmail.com', '65', 'MCC/RSYC', '2016-02-26', 117, 120, '2016-02-22', 'N'),
(2792, 'paul chen', 'paulyichen@gmail.com', '6598787290', 'MCC/RSYC', '2016-02-24', 99, 240, '2016-02-22', 'N'),
(2767, 'Lucas Strijers', 'luuk.strijers@ssgx.com', '6592318297', 'MCC/RSYC', '2016-02-06', 125, 120, '2016-02-01', 'N'),
(2775, 'paul chen', 'paulyichen@gmail.com', '6598787290', 'MCC/RSYC', '2016-02-12', 121, 120, '2016-02-07', 'N'),
(2778, 'CHRISTOPHER CHAI', 'chris_chai@defence.gov.sg', '6597334379', 'MCC/RSYC', '2016-03-03', 108, 120, '2016-02-10', 'N'),
(2789, 'TEO HONGWEI', 'zhw_100@hotmail.com', '6598460648', 'MCC/RSYC', '2016-03-11', 118, 120, '2016-02-20', 'N'),
(2798, 'paul chen', 'paulyichen@gmail.com', '6598787290', 'MCC/RSYC', '2016-02-26', 116, 120, '2016-02-22', 'N'),
(2799, 'paul chen', 'paulyichen@gmail.com', '65', 'MCC/RSYC', '2016-02-26', 116, 120, '2016-02-23', 'N'),
(2802, 'Lee Jun Hao', 'junee@live.com.sg', '6597119280', 'MCC/RSYC', '2016-02-28', 103, 240, '2016-02-23', 'N'),
(2811, 'Elvis Neo Rui yang', 'sparghatti2202@gmail.com', '+6598236645', 'MCC/RSYC', '2016-03-13', 104, 240, '2016-02-27', 'N'),
(2834, 'elvis neo rui yang', 'sparghatti2202@gmail.com', '+6598236645', 'MCC/RSYC', '2016-03-19', 123, 120, '2016-03-05', 'N'),
(2858, 'Toru Umatani', 't.umatani@gmail.com', '6597849789', 'MCC/RSYC', '2016-03-30', 99, 240, '2016-03-08', 'N'),
(2837, 'Nicholas Ong', 'weiyu321@hotmail.com', '6598388378', 'MCC/RSYC', '2016-03-19', 123, 120, '2016-03-06', 'N'),
(2859, 'Toru Umatani', 't.umatani@gmail.com', '6597849789', 'MCC/RSYC', '2016-03-30', 99, 240, '2016-03-08', 'N'),
(2860, 'Toru Umatani', 't.umatani@gmail.com', '6597849789', 'MCC/RSYC', '2016-03-31', 111, 120, '2016-03-08', 'N'),
(2880, 'Nicholas Ong', 'weiyu321@hotmail.com', '6598388378', 'MCC/RSYC', '2016-04-03', 104, 240, '2016-03-25', 'N'),
(2883, 'Caresse Kong', 'caressekong@hotmail.com', '6583330321', 'MCC/RSYC', '2016-04-15', 116, 120, '2016-03-26', 'N'),
(2884, 'Caresse Kong', 'caressekong@hotmail.com', '6583330321', 'MCC/RSYC', '2016-04-15', 116, 120, '2016-03-26', 'N'),
(2887, 'Chris How', 'xartur80@gmail.com', '6596873654', 'MCC/RSYC', '2016-03-31', 113, 120, '2016-03-28', 'N'),
(2893, 'NG CHEE KEONG', 'nckmfg@gmail.com', '6592397668', 'MCC/RSYC', '2016-04-30', 130, 120, '2016-04-03', 'N'),
(4129, 'Boby', 'system@phone.com', '6597511009', 'MCC/RSYC', '2018-09-07', 120, 120, '2018-08-28', 'Y'),
(3751, 'Chiang Lee Pei', 'lipase_85@yahoo.com.sg', '6597588301', 'MCC/RSYC', '2017-05-05', 116, 80, '2017-04-26', 'N'),
(2924, 'Alexander Makarov', 'amsilf@gmail.com', '6597204638', 'MCC/RSYC', '2016-05-07', 125, 120, '2016-04-08', 'N'),
(2927, 'Nicholas Ong', 'weiyu321@hotmail.com', '6598388378', 'MCC/RSYC', '2016-04-24', 103, 240, '2016-04-09', 'N'),
(2928, 'Thaw Yuncai Agnes', 'agnesthaw@yahoo.com', '6598211664', 'MCC/RSYC', '2016-04-28', 109, 120, '2016-04-09', 'N'),
(2929, 'Fabio La Mola', 'flamola@yahoo.com', '6596164788', 'MCC/RSYC', '2016-05-13', 122, 120, '2016-04-11', 'N'),
(2937, 'Marie Josee Trepanier', 'mjtrepan@gmail.com', '6590685654', 'MCC/RSYC', '2016-04-22', 116, 120, '2016-04-16', 'N'),
(2938, 'marie Josee Trepanier', 'mjtrepan@gmail.com', '6590685654', 'MCC/RSYC', '2016-04-22', 117, 120, '2016-04-16', 'N'),
(2944, 'Liim Jessie', 'Dj8828@hotmail.com', '6583319367', 'MCC/RSYC', '2016-05-06', 118, 120, '2016-04-19', 'N'),
(2945, 'Lim Jessie', 'dj8828@hotmail.com', '6583319367', 'MCC/RSYC', '2016-05-06', 118, 120, '2016-04-19', 'N'),
(2946, 'Eugene Low', 'eugene@clubmarineasia.com', '6598757688', 'MCC/RSYC', '2016-05-04', 102, 240, '2016-04-19', 'N'),
(2950, 'lynda ang', 'anglynda@hotmail.com', '6598383677', 'MCC/RSYC', '2016-05-12', 113, 120, '2016-04-24', 'N'),
(2952, 'Chris How', 'xartur80@gmail.com', '6596873654', 'MCC/RSYC', '2016-04-26', 96, 240, '2016-04-24', 'N'),
(2957, 'Teo Kai Wun', 'happypolkadotmonster@gmail.com', '6590676738', 'MCC/RSYC', '2016-05-07', 124, 120, '2016-04-25', 'N'),
(2959, 'Teo Kai Wun', 'happypolkadotmonster@gmail.com', '6590676738', 'MCC/RSYC', '2016-05-06', 116, 120, '2016-04-25', 'N'),
(2971, 'Donald Shum', 'donald_shum@hotmail.com', '6582221061', 'MCC/RSYC', '2016-05-05', 112, 120, '2016-05-03', 'N'),
(2976, 'MOHAMAD OMAR BIN ABU BAKAR', 'xseara@gmail.com', '+6581806876', 'MCC/RSYC', '2016-06-05', 103, 240, '2016-05-03', 'N'),
(2992, 'Kam Chee Lee', 'cheelee_po@yahoo.com', '6592726689', 'MCC/RSYC', '2016-05-11', 102, 240, '2016-05-08', 'N'),
(2997, 'Filbert Tan', 'cityauto@live.com', '6597973602', 'MCC/RSYC', '2016-06-18', 123, 120, '2016-05-10', 'N'),
(2999, 'John', 'sys@phone.com', '6565644866', 'MCC/RSYC', '2016-05-16', 85, 240, '2016-05-11', 'N'),
(3000, 'Low Lay Ying Emily', 'emily@seagull.com.sg', '6598801071', 'MCC/RSYC', '2016-06-18', 123, 120, '2016-05-11', 'N'),
(3002, 'Yeo min brenda', 'Brendayeom@gmail.com', '6592711644', 'MCC/RSYC', '2016-05-27', 116, 120, '2016-05-11', 'N'),
(3009, 'JI YONG CHENG', 'DANIELJIYONG@HOTMAIL.COM', '6597127599', 'MCC/RSYC', '2016-05-28', 125, 120, '2016-05-13', 'N'),
(3011, 'Roland', 'Roland@me.com', '6598766557', 'MCC/RSYC', '2016-06-14', 96, 240, '2016-05-16', 'N'),
(3014, 'Riduan Goh', 'gohriduan@gmail.com', '6581190010', 'MCC/RSYC', '2016-06-18', 124, 120, '2016-05-17', 'N'),
(3015, 'RIDUAN GOH', 'gohriduan@gmail.com', '+6581190010', 'MCC/RSYC', '2016-06-11', 124, 120, '2016-05-17', 'N'),
(3018, 'Adam Oh', 'adam.oh@hotmail.com', '98389946', 'MCC/RSYC', '2016-06-25', 123, 120, '2016-05-19', 'N'),
(3019, 'Hanifah Marican bin Shaik Ibrahim', 'hanimarican@gmail.com', '6593808866', 'MCC/RSYC', '2016-05-21', 125, 120, '2016-05-19', 'N'),
(3021, 'lynda ang', 'anglynda@hotmail.com', '6598383677', 'MCC/RSYC', '2016-06-16', 108, 120, '2016-05-19', 'N'),
(3026, 'Low Lay Ying Emily', 'emily@seagull.com.sg', '6598801071', 'MCC/RSYC', '2016-06-10', 117, 120, '2016-05-20', 'N'),
(3027, 'Low Lay Ying Emily', 'emily@seagull.com.sg', '6598801071', 'MCC/RSYC', '2016-06-10', 117, 120, '2016-05-20', 'N'),
(3031, 'Arthur Chionh', 'arthur95chionh@gmail.com', '6596544182', 'MCC/RSYC', '2016-06-03', 116, 120, '2016-05-20', 'N'),
(3033, 'elvis neo', 'sparghatti2202@gmail.com', '6598236645', 'MCC/RSYC', '2016-06-18', 124, 120, '2016-05-22', 'N'),
(3038, 'kayo Tsukakoshi', 'kayoco.1129@hotmail.com', '6594249817', 'MCC/RSYC', '2016-05-26', 108, 120, '2016-05-24', 'N'),
(3039, 'kayo Tsukakoshi', 'kayoco.1129@hotmail.com', '6594249817', 'MCC/RSYC', '2016-05-26', 108, 120, '2016-05-24', 'N'),
(3046, 'Bill Lee', 'lwlbill@gmail.com', '6596964133', 'MCC/RSYC', '2016-06-28', 95, 240, '2016-05-26', 'N'),
(3047, 'Alexander Makarov', 'amsilf@gmail.com', '6597204638', 'MCC/RSYC', '2016-06-17', 116, 120, '2016-05-29', 'N'),
(3052, 'Ng Fong Leng', 'fong_leng_ng@yahoo.com', '6591120183', 'MCC/RSYC', '2016-07-02', 123, 120, '2016-05-30', 'N'),
(3083, 'Sean Leas', 'sean.leas@dksh.com', '91774795', 'MCC/RSYC', '2016-06-17', 121, 120, '2016-06-08', 'N'),
(3088, 'Ivan', 'Ivanseo0506@gmail.com', '6591738074', 'MCC/RSYC', '2016-07-23', 123, 120, '2016-06-11', 'N'),
(3091, 'Junming and jyh tong', 'Junming88@gmail.com', '6590916396', 'MCC/RSYC', '2016-07-09', 126, 120, '2016-06-12', 'N'),
(3096, 'Tan Yen Ru', 'tanyenru@gmail.com', '65', 'MCC/RSYC', '2016-07-09', 124, 120, '2016-06-15', 'N'),
(3097, 'Tan Yen Ru', 'tanyenru@gmail.com', '6583685879', 'MCC/RSYC', '2016-07-09', 124, 120, '2016-06-15', 'N'),
(3100, 'Sanjay Patel', 'Sanjay.patel@doctors.org.uk', '6596537502', 'MCC/RSYC', '2016-07-29', 117, 120, '2016-06-15', 'N'),
(3102, 'John Lim', 'Johnbrendan@gmail.com', '6593365115', 'MCC/RSYC', '2016-06-19', 103, 240, '2016-06-17', 'N'),
(3105, 'Oi Seow Kuan', 'darren.oisk@gmail.com', '+6596881513', 'MCC/RSYC', '2016-06-23', 108, 120, '2016-06-20', 'N'),
(3109, 'Nakul Sood', 'nakul411@gmail.com', '6583616500', 'Other Marinas', '2016-06-23', 114, 150, '2016-06-21', 'N'),
(3110, 'Soh shil nie', 'Snowraly@hotmail.com', '6597931043', 'MCC/RSYC', '2016-06-24', 118, 120, '2016-06-21', 'N'),
(3113, 'nakul sood', 'nakul411@gmail.com', '6583616500', 'Other Marinas', '2016-06-25', 125, 150, '2016-06-21', 'N'),
(3114, 'nakul sood', 'nakul411@gmail.com', '6583616500', 'MCC/RSYC', '2016-06-25', 125, 120, '2016-06-21', 'N'),
(4154, 'Lim Wan Ting', 'limwanting1991@gmail.com', '6590170991', 'MCC/RSYC', '2018-10-05', 117, 80, '2018-09-11', 'N'),
(3129, 'John Wee Loon Yeo', 'John_loon@yahoo.com', '6592361967', 'MCC/RSYC', '2016-07-03', 103, 240, '2016-06-30', 'N'),
(3131, 'Samantha Neo Shi Yan', 'samanthaneoshiyan@gmail.com', '6596948163', 'MCC/RSYC', '2016-07-27', 99, 240, '2016-06-30', 'N'),
(3132, 'Samantha Neo Shi Yan', 'samanthaneoshiyan@gmail.com', '6596948163', 'MCC/RSYC', '2016-07-29', 116, 120, '2016-06-30', 'N'),
(3141, 'caresse  kong', 'caressekong@hotmail.com', '65', 'MCC/RSYC', '2016-08-20', 123, 120, '2016-07-07', 'N'),
(3143, 'Tan Yen Ru', 'tanyenru@gmail.com', '6583685879', 'MCC/RSYC', '2016-07-14', 108, 120, '2016-07-09', 'N'),
(3145, 'NICHOLAS NG SING CONG', 'nicholass.23@hotmail.co.uk', '6596413804', 'MCC/RSYC', '2016-08-25', 109, 120, '2016-07-09', 'N'),
(3146, 'NICHOLAS NG SING CONG', 'nicholass.23@hotmail.co.uk', '65964133804', 'MCC/RSYC', '2016-08-26', 117, 120, '2016-07-09', 'N'),
(3147, 'NICHOLAS NG SING CONG', 'nicholass.23@hotmail.co.uk', '6596413804', 'MCC/RSYC', '2016-08-26', 116, 120, '2016-07-09', 'N'),
(3148, 'NICHOLAS NG SING CONG', 'nicholass.23@hotmail.co.uk', '6596413804', 'MCC/RSYC', '2016-08-26', 117, 120, '2016-07-09', 'N'),
(3150, 'Saskia Groenintwoud', 'saskiagroenintwoud@gmail.com', '6587982289', 'MCC/RSYC', '2016-07-28', 113, 120, '2016-07-11', 'N'),
(3152, 'Qi En', 'hongqien@gmail.com', '6591050922', 'MCC/RSYC', '2016-07-17', 107, 240, '2016-07-11', 'N'),
(3156, 'John Lim and Joel Tay', 'Johnbrendan@gmail.com', '6593365115', 'MCC/RSYC', '2016-07-23', 125, 120, '2016-07-13', 'N'),
(3158, 'ernest', 'infuriatezun@gmail.com', '81004193', 'MCC/RSYC', '2016-07-15', 120, 120, '2016-07-13', 'N'),
(3166, 'John Yeo', 'John_Loon@yahoo.com', '6592361967', 'MCC/RSYC', '2016-07-15', 117, 120, '2016-07-13', 'N'),
(3168, 'Tan Yeow Boon', 'yb.shawn94@gmail.com', '+6591545220', 'MCC/RSYC', '2016-07-16', 124, 120, '2016-07-13', 'N'),
(3172, 'Hong Qi En', 'hongqien@gmail.com', '91050922', 'MCC/RSYC', '2016-07-21', 115, 0, '2016-07-18', 'N'),
(3183, 'Serene Ng', 'vintagebag@gmail.com', '6597422633', 'MCC/RSYC', '2016-08-26', 116, 120, '2016-07-19', 'N'),
(3185, 'SERENE NG', 'vintagebag@gmail.com', '6597422633', 'MCC/RSYC', '2016-08-25', 109, 120, '2016-07-19', 'N'),
(3187, 'Eunice Oon', 'eunice.oon@gmail.com', '6597220770', 'MCC/RSYC', '2016-08-13', 126, 120, '2016-07-19', 'N'),
(3190, 'Khairudin Bin Mohammad', 'esynoptik@gmail.com', '+6593803817', 'MCC/RSYC', '2016-07-27', 101, 240, '2016-07-21', 'N'),
(3192, 'Subramanian B', 'bsubra65@gmail.com', '6592992971', 'MCC/RSYC', '2016-07-29', 121, 120, '2016-07-23', 'N'),
(3193, 'Lalitha s', 'bsubra65@gmail.com', '6597366463', 'MCC/RSYC', '2016-07-29', 120, 120, '2016-07-23', 'N'),
(3195, 'MUHAMMAD ISMAIL BIN ROSLIq', 'muhammad_ismail_rosli@moe.edu.sg', '+6590618271', 'MCC/RSYC', '2016-08-20', 125, 120, '2016-07-23', 'N'),
(3196, 'lalitha', 'as@zxx.com', '656544333', 'MCC/RSYC', '2016-07-26', 95, 240, '2016-07-24', 'N'),
(3197, 'lalitha', 'as@zxx.com', '656544333', 'Other Marinas', '2016-07-26', 95, 300, '2016-07-24', 'N'),
(3198, 'Lalitha', 'bsubra65@gmail.com', '6597366463', 'MCC/RSYC', '2016-07-27', 101, 240, '2016-07-25', 'N'),
(3225, 'Wong Luh Chuan', 'comseco@gmail.com', '6598377037', 'MCC/RSYC', '2016-07-31', 103, 240, '2016-07-27', 'N'),
(3227, 'Tham Yao Jie', 'yjtham94@gmail.com', '84883451', 'MCC/RSYC', '2016-09-02', 116, 120, '2016-07-28', 'N'),
(3236, 'Pooja Rao', 'pooja.rao@abbvie.com', '+6594883873', 'MCC/RSYC', '2016-08-17', 99, 240, '2016-08-01', 'N'),
(3241, 'Patrick Bowers', 'tobascocat@mail.com', '6596608110', 'MCC/RSYC', '2016-08-19', 121, 120, '2016-08-01', 'N'),
(3242, 'steven kum', 'stevenkum.dr@gmail.com', '6598501060', 'MCC/RSYC', '2016-09-01', 108, 120, '2016-08-02', 'N'),
(3247, 'Desmond seah', 'Desmondseah@gmail.com', '6594894389', 'MCC/RSYC', '2016-08-13', 125, 120, '2016-08-04', 'N'),
(3248, 'Desmond seah', 'Desmondseah@gmail.com', '6594894389', 'MCC/RSYC', '2016-08-13', 125, 120, '2016-08-04', 'N'),
(3250, 'Bill Lee', 'lwlbill@gmail.com', '6596964133', 'MCC/RSYC', '2016-08-21', 103, 240, '2016-08-05', 'N'),
(3251, 'Bill Lee', 'lwlbill@gmail.com', '6596964133', 'MCC/RSYC', '2016-09-01', 110, 120, '2016-08-07', 'N'),
(3252, 'Bill Lee', 'lwlbill@gmail.com', '6596964133', 'MCC/RSYC', '2016-09-07', 99, 240, '2016-08-07', 'N'),
(3253, 'Jonathan Goh', 'gohyinrui@gmail.com', '6597496150', 'MCC/RSYC', '2016-08-27', 124, 120, '2016-08-08', 'N'),
(3259, 'Muhammad Ismail', 'muhammad_ismail_rosli@moe.edu.sg', '6590618271', 'MCC/RSYC', '2016-08-18', 111, 120, '2016-08-13', 'N'),
(3260, 'Muhammad Ismail', 'muhammad_ismail_rosli@moe.edu.sg', '6590618271', 'MCC/RSYC', '2016-08-16', 95, 240, '2016-08-13', 'N'),
(3262, 'Pooja Rao', 'Pooja.rao@abbvie.com', '6594883873', 'MCC/RSYC', '2016-08-17', 102, 240, '2016-08-14', 'N'),
(3267, 'VENIE LIM HUI YING', 'lhueying@gmail.com', '6590667011', 'MCC/RSYC', '2016-09-14', 99, 240, '2016-08-17', 'N'),
(3268, 'VENIE LIM HUI YING', 'lhueying@gmail.com', '6590667011', 'MCC/RSYC', '2016-09-15', 108, 120, '2016-08-17', 'N'),
(3276, 'C LAU', 'laulauch@gmail.com', '6596402662', 'MCC/RSYC', '2016-09-24', 123, 120, '2016-08-20', 'N'),
(3277, 'CHIN CHEE SING JONATHAN', 'solarcityenergy@gmail.com', '+6597487370', 'MCC/RSYC', '2016-08-26', 121, 120, '2016-08-20', 'N'),
(3280, 'CHUA KWANG YONG', 'jasonion69@gmail.com', '6596801696', 'MCC/RSYC', '2016-09-14', 100, 240, '2016-08-22', 'N'),
(3281, 'CHUA KWANG YONG', 'jasonion69@gmail.com', '6596801696', 'MCC/RSYC', '2016-09-14', 100, 240, '2016-08-22', 'N'),
(3288, 'low kheng how', 'wan188a@yahoo.com', '6590222380', 'MCC/RSYC', '2016-08-27', 129, 120, '2016-08-24', 'N'),
(3294, 'Harry Dogan', 'hdogan@dir.hr', '6588093371', 'MCC/RSYC', '2016-09-16', 120, 120, '2016-08-25', 'N'),
(3302, 'SERENE NG', 'vintagebag@gmail.com', '6597422633', 'MCC/RSYC', '2016-09-23', 117, 120, '2016-08-27', 'N'),
(3303, 'SERENE NG', 'vintagebag@gmail.com', '6597422633', 'MCC/RSYC', '2016-09-23', 117, 120, '2016-08-27', 'N'),
(3304, 'Eunice Oon', 'eunice.oon@gmail.com', '6597220770', 'MCC/RSYC', '2016-09-17', 126, 120, '2016-08-28', 'N'),
(3308, 'HeLen Huang Shan Shan', 'helen@freeform.sg', '6597820488', 'MCC/RSYC', '2016-08-31', 99, 240, '2016-08-29', 'N'),
(3309, 'HeLen Huang Shan Shan', 'helen@freeform.sg', '6597820488', 'MCC/RSYC', '2016-08-31', 99, 240, '2016-08-29', 'N'),
(3325, 'Gerald Tan', 'Tanyongsan@hotmail.com', '6597396714', 'MCC/RSYC', '2016-09-09', 118, 120, '2016-09-02', 'N'),
(3326, 'Gerald Tan', 'Tanyongsan@hotmail.com', '6597396714', 'MCC/RSYC', '2016-09-09', 118, 120, '2016-09-02', 'N'),
(3330, 'Hannah Lim', 'hannahlimhsiting.hl@gmail.com', '6585552574', 'MCC/RSYC', '2016-09-30', 118, 120, '2016-09-06', 'N'),
(3334, 'Wong Luh Chuan', 'comseco@gmail.com', '6598377037', 'MCC/RSYC', '2016-09-09', 116, 120, '2016-09-06', 'N'),
(3335, 'Wong Luh Chuan', 'comseco@gmail.com', '6598377037', 'MCC/RSYC', '2016-09-09', 117, 120, '2016-09-06', 'N'),
(3340, 'Jeffery Teo', 'zerojeff@hotmail.com', '6597385510', 'MCC/RSYC', '2016-09-16', 117, 120, '2016-09-09', 'N'),
(3341, 'Jeffery Teo', 'zerojeff@hotmail.com', '6597385510', 'MCC/RSYC', '2016-09-16', 117, 120, '2016-09-09', 'N'),
(3343, 'Raymond Low', 'rayslab2001@yahoo.com', '6598553276', 'MCC/RSYC', '2016-10-01', 125, 120, '2016-09-09', 'N'),
(3344, 'Raymond Low', 'rayslab2001@yahoo.com', '6598553276', 'MCC/RSYC', '2016-09-24', 126, 120, '2016-09-09', 'N'),
(3346, 'Georgeiva', 'margoira@yahoo.com', '96396404', 'MCC/RSYC', '2016-09-17', 125, 120, '2016-09-10', 'N'),
(3347, 'Kenny Tham', 'ktham.asia@gmail.com', '6598199100', 'MCC/RSYC', '2016-09-15', 115, 120, '2016-09-10', 'N'),
(4144, 'Block', 'system@block.com', '6565644866', 'MCC/RSYC', '2018-09-17', 85, 240, '2018-09-05', 'Y'),
(4143, 'Block', 'system@block.com', '6565644866', 'MCC/RSYC', '2018-09-16', 107, 240, '2018-09-05', 'Y'),
(4142, 'Block', 'system@block.com', '6565644866', 'MCC/RSYC', '2018-09-16', 105, 240, '2018-09-05', 'Y'),
(4141, 'Block', 'system@block.com', '6565644866', 'MCC/RSYC', '2018-09-16', 104, 240, '2018-09-05', 'Y'),
(3726, 'Francine Chan', 'franchan1997@hotmail.com', '96443562', 'MCC/RSYC', '2017-05-07', 107, 160, '2017-04-08', 'N'),
(3373, 'Teo Jing Ren, Ryan', 'ryanteojr@gmail.com', '+6592474033', 'MCC/RSYC', '2016-10-07', 116, 120, '2016-09-21', 'N'),
(3376, 'Noelle Seet', 'noelcclc@yahoo.com', '6594749767', 'MCC/RSYC', '2016-10-02', 104, 240, '2016-09-25', 'N'),
(3378, 'LOH YEW CHYE', 'dickson@vital-links.com.sg', '65', 'MCC/RSYC', '2016-10-21', 117, 120, '2016-09-26', 'N'),
(3380, 'Huang Yongaun', 'vinyongan@gmail.com', '+6597960761', 'Other Marinas', '2016-09-30', 120, 150, '2016-09-27', 'N'),
(3394, 'Marappan Palanisamy Arun', 'arun@mstars.com.sg', '6591443124', 'MCC/RSYC', '2016-11-03', 114, 120, '2016-09-30', 'N'),
(3406, 'Nicholas Yap', 'nicholas.leon@gmail.com', '+6597483441', 'MCC/RSYC', '2016-12-10', 123, 120, '2016-10-03', 'N'),
(4138, 'Lee Hui Min', 'leehuimin@hotmail.com', '96217609', 'MCC/RSYC', '2018-09-15', 123, 80, '2018-09-04', 'Y'),
(4137, 'Wei Ming', 'gbr_mersi@hotmail.com', '6592706267', 'MCC/RSYC', '2018-09-13', 110, 120, '2018-09-04', 'Y'),
(4136, 'Wei Ming', 'gbr_mersi@hotmail.com', '6592706267', 'MCC/RSYC', '2018-09-13', 109, 120, '2018-09-04', 'Y'),
(4135, 'Muhamad L.Afiq', 'system@phone.com', '6598254785', 'MCC/RSYC', '2018-09-06', 112, 120, '2018-09-03', 'Y'),
(4134, 'Vivienne Hu', 'system@phone.com', '6592997404', 'MCC/RSYC', '2018-09-07', 121, 120, '2018-09-03', 'Y'),
(3737, 'Tay Yang Han', 'tyanghan@hotmail.com', '6581380815', 'Other Marinas', '2017-04-20', 108, 100, '2017-04-12', 'N'),
(3738, 'Tay Yang Han', 'tyanghan@hotmail.com', '6581380815', 'MCC/RSYC', '2017-04-14', 118, 80, '2017-04-12', 'N'),
(3739, 'Tan Pin Wei', 'deadlyroyal@hotmail.com', '65', 'MCC/RSYC', '2017-04-29', 125, 80, '2017-04-13', 'N'),
(4133, 'TEST', 'hilbert@mets1.sg', '65111122222', 'MCC/RSYC', '2018-09-03', 92, 160, '2018-09-03', 'N'),
(4132, 'Muhamad Lutfi Afiq bin Muhd Haidi', 'skaterafiq619@gmail.com', '6598254785', 'MCC/RSYC', '2018-09-04', 94, 160, '2018-09-01', 'N'),
(4131, 'Muhamad Lutfi Afiq bin Muhd Haidi', 'skaterafiq619@gmail.com', '6598254785', 'MCC/RSYC', '2018-09-04', 94, 160, '2018-09-01', 'N'),
(4130, 'Vivienne Hu (10-12pm)', 'system@phone.com', '6592997404', 'MCC/RSYC', '2018-09-02', 103, 240, '2018-08-31', 'Y'),
(3747, 'Tan Pin Wei', 'deadlyroyal@hotmail.com', '6594595651', 'MCC/RSYC', '2017-04-29', 125, 80, '2017-04-17', 'N'),
(3748, 'Daniela Tragner-Kaus', 'danielatragner@gmx.de', '6590024304', 'MCC/RSYC', '2017-04-20', 114, 80, '2017-04-17', 'N'),
(3749, 'Tan Pin Wei', 'deadlyroyal@hotmail.com', '6594595651', 'MCC/RSYC', '2017-04-30', 104, 160, '2017-04-18', 'N'),
(3750, 'Tan Pin Wei', 'deadlyroyal@hotmail.com', '65', 'MCC/RSYC', '2017-04-28', 118, 80, '2017-04-20', 'N'),
(3714, 'Mohd Iskandar', 'issjal03@gmail.com', '90089051', 'MCC/RSYC', '2017-04-14', 116, 80, '2017-03-29', 'N'),
(3474, 'aaaa', 'hilbert@mets1.sg', '657777777777', 'Other Marinas', '2016-11-01', 94, 300, '2016-10-15', 'N'),
(3475, 'Noreen', 'Noreenbm92@gmail.com', '6581266562', 'MCC/RSYC', '2016-10-21', 116, 120, '2016-10-15', 'N'),
(3477, 'Shaik Shahul Hameed', 'Coolshahul@hotmail.com', '6581334737', 'MCC/RSYC', '2016-11-26', 123, 120, '2016-10-18', 'N'),
(4139, 'Lee Hui Min', 'leehuimin@hotmail.com', '96217609', 'MCC/RSYC', '2018-09-15', 124, 80, '2018-09-04', 'Y'),
(4140, 'Block', 'system@block.com', '6565644866', 'MCC/RSYC', '2018-09-16', 103, 240, '2018-09-05', 'Y'),
(3485, 'Chau Chee Lung', 'chaucheelung@gmail.com', '6593886197', 'MCC/RSYC', '2016-11-03', 108, 120, '2016-10-30', 'N'),
(3487, 'test', 'test@test.com', '6512345678', 'MCC/RSYC', '2016-11-17', 108, 80, '2016-11-01', 'N'),
(3503, 'MUHAMMAD IQBAL BIN MEMAHAT', 'iqbalpatley@gmail.com', '+6598711448', 'MCC/RSYC', '2016-11-19', 124, 80, '2016-11-07', 'N'),
(3516, 'caresse  kong', 'caressekong@hotmail.com', '6583330321', 'MCC/RSYC', '2016-11-25', 120, 80, '2016-11-12', 'N'),
(3520, 'CHAN SOO CHEE', 'celestelim@cscapital.com.sg', '6591442550', 'MCC/RSYC', '2016-12-01', 108, 80, '2016-11-14', 'N'),
(3521, 'LIM WEI-LI', 'celestelim@cscapital.com.sg', '6591442550', 'MCC/RSYC', '2016-12-01', 109, 80, '2016-11-14', 'N'),
(3528, 'Asri Sudin', 'asreesudin@gmail.com', '93882653', 'MCC/RSYC', '2016-12-08', 111, 80, '2016-11-18', 'N'),
(3530, 'Lynn', 'Duan@gmail.com', '6591819255', 'Other Marinas', '2016-12-16', 116, 100, '2016-11-21', 'N'),
(3531, 'Asri bin sudin', 'asreesudin@gmail.com', '6593882653', 'MCC/RSYC', '2016-12-14', 100, 160, '2016-11-21', 'N'),
(3532, 'Asri Sudin', 'asreesudin@gmail.com', '6593882653', 'MCC/RSYC', '2016-12-15', 109, 80, '2016-11-21', 'N'),
(3533, 'Jan Yan', 'janyan_aquarius@hotmail.com', '6598283859', 'MCC/RSYC', '2016-12-17', 123, 80, '2016-11-26', 'N'),
(3535, 'Tan Rui Liat Samuel`', 'satmuaeln@hotmail.com', '6592343271', 'MCC/RSYC', '2016-12-09', 120, 80, '2016-11-29', 'N'),
(3536, 'Tan Rui Liat Samuel', 'satmuaeln@hotmail.com', '6592343271', 'MCC/RSYC', '2016-12-09', 120, 80, '2016-11-29', 'N'),
(3537, 'lam siew har', 'krystallam8@gmail.com', '6590473753', 'MCC/RSYC', '2016-12-09', 121, 80, '2016-11-29', 'N'),
(3542, 'Giang', 'tran_huong_giang@hotmail.com', '6594382119', 'MCC/RSYC', '2016-12-16', 121, 80, '2016-12-03', 'N'),
(3545, 'Asri Sudin', 'asreesudin@gmail.com', '+6593882653', 'MCC/RSYC', '2016-12-16', 120, 80, '2016-12-08', 'N'),
(3546, 'Siaw Hui', 'siawhui91@gmail.com', '6592741962', 'MCC/RSYC', '2016-12-14', 100, 160, '2016-12-12', 'N'),
(4240, 'Coral(10-12pm)', 'system@phone.com', '6592359534', 'MCC/RSYC', '2019-03-13', 99, 240, '2019-03-11', 'Y'),
(4234, 'Gabe Koh', 'gabekohjunkai@gmail.com', '6584398588', 'MCC/RSYC', '2019-02-28', 110, 80, '2019-02-14', 'Y'),
(4227, 'Niezam (2.30-5.30pm)', 'system@phone.com', '6590028921', 'MCC/RSYC', '2018-12-07', 120, 120, '2018-12-03', 'Y'),
(4201, 'Mr Chua', 'system@phone.com', '6597206338', 'MCC/RSYC', '2018-11-29', 110, 120, '2018-11-26', 'Y'),
(4202, 'Mr Chua', 'system@phone.com', '6597206338', 'MCC/RSYC', '2018-11-30', 117, 120, '2018-11-26', 'Y'),
(4203, 'Block', 'system@block.com', '6565644866', 'MCC/RSYC', '2018-12-10', 85, 240, '2018-11-29', 'Y'),
(4204, 'Block', 'system@block.com', '6565644866', 'MCC/RSYC', '2018-12-10', 91, 240, '2018-11-29', 'Y'),
(4205, 'Block', 'system@block.com', '6565644866', 'MCC/RSYC', '2018-12-10', 92, 240, '2018-11-29', 'Y'),
(4206, 'Block', 'system@block.com', '6565644866', 'MCC/RSYC', '2018-12-10', 93, 240, '2018-11-29', 'Y'),
(4207, 'Block', 'system@block.com', '6565644866', 'MCC/RSYC', '2018-12-11', 94, 240, '2018-11-29', 'Y'),
(4208, 'Block', 'system@block.com', '6565644866', 'MCC/RSYC', '2018-12-11', 95, 240, '2018-11-29', 'Y'),
(4209, 'Block', 'system@block.com', '6565644866', 'MCC/RSYC', '2018-12-11', 96, 240, '2018-11-29', 'Y'),
(4210, 'Block', 'system@block.com', '6565644866', 'MCC/RSYC', '2018-12-11', 98, 240, '2018-11-29', 'Y'),
(4211, 'Block', 'system@block.com', '6565644866', 'MCC/RSYC', '2018-12-12', 99, 240, '2018-11-29', 'Y'),
(4212, 'Block', 'system@block.com', '6565644866', 'MCC/RSYC', '2018-12-12', 100, 240, '2018-11-29', 'Y'),
(4213, 'Block', 'system@block.com', '6565644866', 'MCC/RSYC', '2018-12-12', 101, 240, '2018-11-29', 'Y'),
(4214, 'Block', 'system@block.com', '6565644866', 'MCC/RSYC', '2018-12-12', 102, 240, '2018-11-29', 'Y'),
(4215, 'Block', 'system@block.com', '6565644866', 'MCC/RSYC', '2018-12-13', 108, 120, '2018-11-29', 'Y'),
(4216, 'Block', 'system@block.com', '6565644866', 'MCC/RSYC', '2018-12-13', 109, 120, '2018-11-29', 'Y'),
(4217, 'Block', 'system@block.com', '6565644866', 'MCC/RSYC', '2018-12-13', 110, 120, '2018-11-29', 'Y'),
(4218, 'Block', 'system@block.com', '6565644866', 'MCC/RSYC', '2018-12-13', 111, 120, '2018-11-29', 'Y'),
(4219, 'Block', 'system@block.com', '6565644866', 'MCC/RSYC', '2018-12-13', 112, 120, '2018-11-29', 'Y'),
(4220, 'Block', 'system@block.com', '6565644866', 'MCC/RSYC', '2018-12-13', 113, 120, '2018-11-29', 'Y'),
(4221, 'Block', 'system@block.com', '6565644866', 'MCC/RSYC', '2018-12-13', 114, 120, '2018-11-29', 'Y'),
(4222, 'Block', 'system@block.com', '6565644866', 'MCC/RSYC', '2018-12-13', 115, 120, '2018-11-29', 'Y'),
(4223, 'Block', 'system@block.com', '6565644866', 'MCC/RSYC', '2018-12-14', 116, 120, '2018-11-29', 'Y'),
(4224, 'Block', 'system@block.com', '6565644866', 'MCC/RSYC', '2018-12-14', 117, 120, '2018-11-29', 'Y'),
(4225, 'Block', 'system@block.com', '6565644866', 'MCC/RSYC', '2018-12-14', 118, 120, '2018-11-29', 'Y'),
(4226, 'Coral', 'system@phone.com', '6592359534', 'MCC/RSYC', '2018-12-07', 117, 120, '2018-12-03', 'Y'),
(4200, 'Mr Chua', 'system@phone.com', '6597206338', 'MCC/RSYC', '2018-11-29', 109, 120, '2018-11-26', 'Y'),
(4199, 'Mr Chua (10-12pm)', 'system@phone.com', '6597206338', 'MCC/RSYC', '2018-11-28', 99, 240, '2018-11-26', 'Y'),
(4198, 'Block', 'system@block.com', '6565644866', 'MCC/RSYC', '2018-12-09', 107, 240, '2018-11-19', 'Y'),
(4196, 'Block', 'system@block.com', '6565644866', 'MCC/RSYC', '2018-12-09', 104, 240, '2018-11-19', 'Y'),
(4197, 'Block', 'system@block.com', '6565644866', 'MCC/RSYC', '2018-12-09', 105, 240, '2018-11-19', 'Y'),
(4195, 'Block', 'system@block.com', '6565644866', 'MCC/RSYC', '2018-12-09', 103, 240, '2018-11-19', 'Y'),
(4192, 'Block', 'system@block.com', '6565644866', 'MCC/RSYC', '2018-12-08', 128, 120, '2018-11-19', 'Y'),
(4193, 'Block', 'system@block.com', '6565644866', 'MCC/RSYC', '2018-12-08', 129, 120, '2018-11-19', 'Y'),
(4194, 'Block', 'system@block.com', '6565644866', 'MCC/RSYC', '2018-12-08', 130, 120, '2018-11-19', 'Y'),
(3605, 'Asri Sudin', 'asreesudin@gmail.com', '+6593882653', 'MCC/RSYC', '2016-12-21', 99, 160, '2016-12-18', 'N'),
(4235, 'Chris', 'chongqyu@gmail.com', '93385355', 'Other Marinas', '2019-03-02', 125, 100, '2019-02-24', 'N'),
(4236, 'Chong Qing Yu (10-11am)', 'system@phone.com', '6593385335', 'MCC/RSYC', '2019-03-03', 103, 240, '2019-02-26', 'Y'),
(4237, 'Coral', 'system@phone.com', '6592359534', 'MCC/RSYC', '2019-03-09', 123, 120, '2019-03-05', 'Y'),
(3610, 'Alvin Chua', 'resp@hotmail.sg', '6586611661', 'MCC/RSYC', '2016-12-25', 103, 160, '2016-12-23', 'N'),
(4238, 'Coral', 'system@phone.com', '6592359534', 'MCC/RSYC', '2019-03-09', 124, 120, '2019-03-05', 'Y'),
(4239, 'Chong Qing Yu', 'system@phone.com', '6593385335', 'MCC/RSYC', '2019-03-09', 125, 120, '2019-03-05', 'Y'),
(3613, 'Nurriduan', 'wan_repsol@hotmail.com', '65', 'MCC/RSYC', '2017-01-13', 120, 80, '2016-12-24', 'N'),
(3614, 'Nurriduan', 'wan_repsol@hotmail.com', '65', 'MCC/RSYC', '2017-01-13', 120, 80, '2016-12-24', 'N'),
(4241, 'Poh Kia Jin', 'Pohkiajin@gmail.com', '9068 5602', 'MCC/RSYC', '2019-04-05', 121, 80, '2019-03-12', 'N'),
(4242, 'Poh Kia Jin', 'Pohkiajin@gmail.com', '9068 5602', 'MCC/RSYC', '2019-04-05', 122, 80, '2019-03-17', 'Y'),
(3617, 'Tan Fang Xian', 'fxtan93@gmail.com', '6597527459', 'MCC/RSYC', '2017-01-20', 118, 80, '2017-01-02', 'N'),
(4243, 'Poh Kia Jin', 'pohkiajin@gmail.com', '9068 5602', 'MCC/RSYC', '2019-04-04', 115, 80, '2019-03-17', 'Y'),
(4244, 'Kan Sing Wong', 'wongkansing77@gmail.com', '96975222', 'Other Marinas', '2019-08-01', 108, 100, '2019-07-18', 'Y'),
(3621, 'Andrew Koh', 'andrewkohwh@gmail.com', '65', 'MCC/RSYC', '2017-01-21', 123, 80, '2017-01-03', 'N'),
(3622, 'Andrew Koh', 'andrewkohwh@gmail.com', '6596466302', 'MCC/RSYC', '2017-01-21', 123, 80, '2017-01-03', 'N'),
(3625, 'Sivaraj Muthu', 'sivaraj7007@gmail.com', '97717315', 'MCC/RSYC', '2017-01-06', 122, 80, '2017-01-03', 'N'),
(3626, 'Sivaraj Muthu', 'sivaraj7007@gmail.com', '97717315', 'Other Marinas', '2017-01-06', 122, 100, '2017-01-03', 'N'),
(4228, 'Niezam', 'system@phone.com', '6590028921', 'MCC/RSYC', '2018-12-07', 121, 120, '2018-12-03', 'Y'),
(4229, 'Liew Kuo Feng', 'system@phone.com', '6596888569', 'MCC/RSYC', '2019-01-11', 117, 120, '2018-12-28', 'Y'),
(4230, 'Liew Kuo Feng', 'system@phone.com', '6596888569', 'MCC/RSYC', '2019-01-11', 118, 120, '2018-12-28', 'Y'),
(4231, 'Hidayat', 'system@phone.com', '6583333379', 'MCC/RSYC', '2019-01-05', 123, 120, '2019-01-02', 'Y'),
(4232, 'Hidayat', 'system@phone.com', '6583333379', 'MCC/RSYC', '2019-01-05', 124, 120, '2019-01-02', 'Y'),
(4233, 'Gabe Koh', 'gabekohjunkai@gmail.com', '65 84398588', 'MCC/RSYC', '2019-03-01', 117, 80, '2019-02-14', 'N'),
(4190, 'Block', 'system@block.com', '6565644866', 'MCC/RSYC', '2018-12-08', 126, 120, '2018-11-19', 'Y');
INSERT INTO `refresher_training_schedules` (`booking_id`, `name`, `email`, `phone`, `course_to_attend`, `booking_date`, `refresher_training_id`, `amount`, `created_date`, `booking_status`) VALUES
(4191, 'Block', 'system@block.com', '6565644866', 'MCC/RSYC', '2018-12-08', 127, 120, '2018-11-19', 'Y'),
(4189, 'Block', 'system@block.com', '6565644866', 'MCC/RSYC', '2018-12-08', 125, 120, '2018-11-19', 'Y'),
(4188, 'Block', 'system@block.com', '6565644866', 'MCC/RSYC', '2018-12-08', 124, 120, '2018-11-19', 'Y'),
(4187, 'Block', 'system@block.com', '6565644866', 'MCC/RSYC', '2018-12-08', 123, 120, '2018-11-19', 'Y'),
(3642, 'Winnie Chow', 'winnie@boxesnthings.com', '90052812', 'MCC/RSYC', '2017-02-03', 121, 80, '2017-01-10', 'N'),
(3643, 'Winnie Chow', 'winnie@boxesnthings.com', '90052812', 'MCC/RSYC', '2017-02-03', 121, 80, '2017-01-10', 'N'),
(4186, 'Ong Seok Ting', 'seokting79@gmail.com', '6596852756', 'MCC/RSYC', '2018-11-16', 116, 120, '2018-11-12', 'Y'),
(3645, 'Salman Bin Abdullah', 'Man_abdullah@hotmail.com', '6585000021', 'MCC/RSYC', '2017-01-18', 102, 160, '2017-01-11', 'N'),
(3646, 'Salman Bin Abdullah', 'Man_abdullah@hotmail.com', '658500021', 'MCC/RSYC', '2017-01-19', 113, 80, '2017-01-11', 'N'),
(4183, 'Ong Seok Ting (9-10am)', 'seokting79@gmail.com', '6596852756', 'MCC/RSYC', '2018-11-05', 85, 240, '2018-11-02', 'Y'),
(4184, 'Jeannie (Boat Cruise)', 'system@phone.com', '6596312493', 'MCC/RSYC', '2018-11-18', 103, 240, '2018-11-05', 'Y'),
(4185, 'Ong Seok Ting (9-10am)', 'seokting79@gmail.com', '6596852756', 'MCC/RSYC', '2018-11-14', 99, 240, '2018-11-12', 'Y'),
(4182, 'Ishaan', 'system@phone.com', '6591626344', 'MCC/RSYC', '2018-11-10', 125, 120, '2018-10-31', 'Y'),
(4181, 'Ong Seok Ting', 'seokting79@gmail.com', '6596852756', 'MCC/RSYC', '2018-11-02', 117, 120, '2018-10-31', 'Y'),
(3655, 'Tan Kah Wee Kevin', 'Kensingtongiants@hotmail.com', '6581215018', 'MCC/RSYC', '2017-02-26', 105, 160, '2017-01-19', 'N'),
(3656, 'Muhammad Ferrozy', 'putera.lepak@gmail.com', '6598894729', 'MCC/RSYC', '2017-02-17', 120, 80, '2017-01-26', 'N'),
(4180, 'Ong Seok Ting', 'seokting79@gmail.com', '65 96852756', 'MCC/RSYC', '2018-11-02', 116, 80, '2018-10-31', 'N'),
(4179, 'Karamjit', 'system@phone.com', '6593874368', 'MCC/RSYC', '2018-11-08', 109, 120, '2018-10-29', 'Y'),
(4178, 'Caroline Ong Heng Hui', 'carolineong_8@hotmail.com', '65 91097096', 'MCC/RSYC', '2018-11-03', 127, 80, '2018-10-27', 'N'),
(4177, 'Block', 'system@block.com', '6565644866', 'MCC/RSYC', '2018-10-30', 98, 240, '2018-10-25', 'Y'),
(3662, 'dave', 'daveluzhou@outlook.com', '6581120209', 'MCC/RSYC', '2017-02-15', 99, 160, '2017-01-27', 'N'),
(4175, 'Block', 'system@block.com', '6565644866', 'MCC/RSYC', '2018-10-30', 95, 240, '2018-10-25', 'Y'),
(4174, 'Block', 'system@block.com', '6565644866', 'MCC/RSYC', '2018-10-30', 94, 240, '2018-10-25', 'Y'),
(4173, 'Block', 'system@block.com', '6565644866', 'MCC/RSYC', '2018-10-29', 93, 240, '2018-10-24', 'Y'),
(4172, 'Block', 'system@block.com', '6565644866', 'MCC/RSYC', '2018-10-29', 92, 240, '2018-10-24', 'Y'),
(4171, 'Block', 'system@block.com', '6565644866', 'MCC/RSYC', '2018-10-29', 91, 240, '2018-10-24', 'Y'),
(3668, 'RAJENDRAN PARTHIBAN', 'arun@mstars.com.sg', '6591443124', 'MCC/RSYC', '2017-02-23', 114, 80, '2017-02-04', 'N'),
(4170, 'Block', 'system@block.com', '6565644866', 'MCC/RSYC', '2018-10-28', 107, 240, '2018-10-24', 'Y'),
(3670, 'P. M. Vadivel', 'p.m.vadivel.5@gmail.com', '6586111087', 'MCC/RSYC', '2017-02-10', 117, 80, '2017-02-05', 'N'),
(4169, 'Block', 'system@block.com', '6565644866', 'MCC/RSYC', '2018-10-28', 105, 240, '2018-10-24', 'Y'),
(3672, 'P. M. Vadivel', 'p.m.vadivel.5@gmail.com', '6586111087', 'MCC/RSYC', '2017-02-10', 117, 80, '2017-02-06', 'N'),
(4168, 'Block', 'system@block.com', '6565644866', 'MCC/RSYC', '2018-10-28', 104, 240, '2018-10-24', 'Y'),
(3675, 'Loh Yew Fatt', 'Yewloh@outlook.com', '6597676202', 'MCC/RSYC', '2017-02-16', 113, 80, '2017-02-07', 'N'),
(4167, 'Block', 'system@block.com', '6565644866', 'MCC/RSYC', '2018-10-28', 103, 240, '2018-10-24', 'Y'),
(3677, 'Chua Ru Xin', 'rx_97@hotmail.com', '94513826', 'MCC/RSYC', '2017-02-23', 109, 80, '2017-02-09', 'N'),
(4166, 'ong seok ting', 'seokting79@gmail.com', '6596852756', 'MCC/RSYC', '2018-11-02', 116, 120, '2018-10-23', 'Y'),
(4165, 'ong seok ting', 'seokting79@gmail.com', '6596852756', 'MCC/RSYC', '2018-10-29', 85, 160, '2018-10-23', 'N'),
(4164, 'Khairul Anwar Sahari', 'system@phone.com', '6581012498', 'MCC/RSYC', '2018-10-05', 118, 120, '2018-10-02', 'Y'),
(4163, 'Karamjit', 'system@phone.com', '6593874368', 'MCC/RSYC', '2018-10-05', 121, 120, '2018-10-01', 'Y'),
(4162, 'Ishaan (11-1pm)', 'system@phone.com', '6596450924', 'MCC/RSYC', '2018-10-04', 110, 120, '2018-09-25', 'Y'),
(4161, 'Karamjit', 'system@phone.com', '6593874368', 'MCC/RSYC', '2018-09-27', 109, 120, '2018-09-25', 'Y'),
(4160, 'Amanda (Boat Cruise)', 'system@phone.com', '6565644866', 'MCC/RSYC', '2018-11-04', 103, 240, '2018-09-21', 'Y'),
(4151, 'Gavin', 'system@phone.com', '6598394663', 'MCC/RSYC', '2018-09-13', 113, 120, '2018-09-10', 'Y'),
(4152, 'Gavin', 'system@phone.com', '6598394663', 'MCC/RSYC', '2018-09-13', 114, 120, '2018-09-10', 'Y'),
(4153, 'Abedin', 'system@phone.com', '6585541958', 'MCC/RSYC', '2018-09-14', 120, 120, '2018-09-10', 'Y'),
(3692, 'Ahmed Halim Siddique', 'mail_it_2halim@yahoo.com', '6591145623', 'MCC/RSYC', '2017-02-24', 120, 80, '2017-02-22', 'N'),
(4150, 'Mohamad L.Afiq', 'system@phone.com', '6598254785', 'MCC/RSYC', '2018-09-21', 120, 120, '2018-09-10', 'Y'),
(4147, 'Block', 'system@block.com', '6565644866', 'MCC/RSYC', '2018-09-17', 93, 240, '2018-09-05', 'Y'),
(4148, 'Boat Cruise', 'system@phone.com', '6597210054', 'MCC/RSYC', '2018-09-09', 104, 240, '2018-09-07', 'Y'),
(4149, 'Mohamad L.Afiq (10-11am)', 'system@phone.com', '6598254785', 'MCC/RSYC', '2018-09-18', 94, 240, '2018-09-10', 'Y'),
(4146, 'Block', 'system@block.com', '6565644866', 'MCC/RSYC', '2018-09-17', 92, 240, '2018-09-05', 'Y'),
(3699, 'Peh Jin Kai', 'pehjinkai@gmail.com', '6590113815', 'MCC/RSYC', '2017-03-31', 117, 80, '2017-03-17', 'N'),
(3700, 'Peh Jin Kai', 'pehjinkai@gmail.com', '6590113815', 'MCC/RSYC', '2017-03-31', 117, 80, '2017-03-17', 'N'),
(3701, 'Peh Jin Kai', 'pehjinkai@gmail.com', '6590113815', 'MCC/RSYC', '2017-03-31', 117, 80, '2017-03-17', 'N'),
(3702, 'Peh Jin Kai', 'Pehjinkai@gmail.com', '6590113815', 'MCC/RSYC', '2017-03-31', 117, 80, '2017-03-17', 'N'),
(4159, 'Khairul Anwar Sahari', 'World_damnation@live.com', '81012498', 'MCC/RSYC', '2018-10-02', 95, 240, '2018-09-21', 'Y'),
(4158, 'Block', 'system@block.com', '6565644866', 'MCC/RSYC', '2018-09-21', 118, 120, '2018-09-18', 'Y'),
(4157, 'Block', 'system@block.com', '6565644866', 'MCC/RSYC', '2018-09-21', 117, 120, '2018-09-18', 'Y'),
(3706, 'Ridhwan bin jonied', 'Reddboy@hotmail.sg', '6581804150', 'MCC/RSYC', '2017-03-27', 85, 160, '2017-03-19', 'N'),
(4156, 'Block', 'system@block.com', '6565644866', 'MCC/RSYC', '2018-09-21', 116, 120, '2018-09-18', 'Y'),
(4155, 'Lim Wan Ting', 'limwanting1991@gmail.com', '6590170991', 'MCC/RSYC', '2018-10-05', 120, 80, '2018-09-11', 'Y'),
(4036, 'Deep', 'DEEPESH.MS@GMAIL.COM', '65588888', 'MCC/RSYC', '2018-02-17', 126, 80, '2018-02-12', 'N'),
(4037, 'beng', 'test@test.com', '6592289854', 'MCC/RSYC', '2018-06-07', 109, 80, '2018-06-04', 'N'),
(4245, 'test', 'ba2@singtel.com', '65 98908973', 'MCC/RSYC', '2020-02-15', 123, 80, '2020-02-07', 'N');

-- --------------------------------------------------------

--
-- Table structure for table `training_schedules`
--

CREATE TABLE `training_schedules` (
  `course_training_id` int(11) NOT NULL,
  `course_id` int(11) NOT NULL,
  `start_date` date NOT NULL,
  `end_date` date NOT NULL,
  `day_type` enum('Week Days','Wk End') NOT NULL,
  `limit_stat` enum('Y','N') NOT NULL,
  `max_limit` int(11) NOT NULL,
  `no_of_sign_up` int(11) NOT NULL,
  `training_stat` enum('O','C') NOT NULL,
  `stat` enum('Y','N') NOT NULL
) ENGINE=MyISAM DEFAULT CHARSET=latin1;

--
-- Dumping data for table `training_schedules`
--

INSERT INTO `training_schedules` (`course_training_id`, `course_id`, `start_date`, `end_date`, `day_type`, `limit_stat`, `max_limit`, `no_of_sign_up`, `training_stat`, `stat`) VALUES
(1, 3, '2013-08-21', '2013-08-24', 'Week Days', 'N', 0, 0, 'C', 'N'),
(2, 3, '2013-10-09', '2013-11-07', 'Week Days', 'Y', 10, 3, 'O', 'N'),
(3, 3, '2013-09-12', '2013-09-14', 'Week Days', 'Y', 0, 0, 'C', 'N'),
(4, 3, '2013-08-30', '2013-08-31', 'Week Days', 'N', 0, 4, 'O', 'N'),
(5, 3, '2013-09-20', '2013-10-02', 'Week Days', 'N', 0, 0, 'O', 'N'),
(6, 3, '2013-08-22', '2013-08-30', 'Week Days', 'Y', 40, 1, 'C', 'N'),
(7, 2, '2013-08-29', '2013-08-31', 'Wk End', 'N', 0, 15, 'O', 'N'),
(8, 3, '2013-09-01', '2013-09-02', 'Week Days', 'N', 0, 0, 'O', 'N'),
(9, 3, '2013-09-14', '2013-09-15', 'Wk End', 'Y', 40, 0, 'C', 'N'),
(10, 2, '2013-09-30', '2013-10-01', 'Week Days', 'Y', 40, 0, 'O', 'N'),
(11, 2, '2013-10-05', '2013-10-06', 'Wk End', 'N', 40, 0, 'O', 'N'),
(12, 2, '2013-10-07', '2013-10-08', 'Week Days', 'Y', 40, 0, 'O', 'N'),
(13, 2, '2013-12-22', '2013-12-22', 'Wk End', 'Y', 10, 0, 'C', 'Y'),
(14, 2, '2013-10-14', '2013-10-15', 'Week Days', 'Y', 40, 0, 'O', 'N'),
(15, 2, '2013-10-19', '2013-10-20', 'Wk End', 'Y', 40, 0, 'O', 'N'),
(16, 2, '2013-10-21', '2013-10-22', 'Week Days', 'Y', 40, 0, 'O', 'N'),
(17, 2, '2013-10-26', '2013-10-27', 'Wk End', 'Y', 40, 0, 'O', 'N'),
(18, 2, '2013-10-28', '2013-10-29', 'Week Days', 'Y', 40, 0, 'O', 'N'),
(19, 3, '2013-10-12', '2013-10-13', 'Wk End', 'Y', 10, 0, 'O', 'N'),
(20, 3, '2013-10-19', '2013-10-20', 'Wk End', 'N', 10, 0, 'O', 'N'),
(21, 3, '2013-11-17', '2013-11-17', 'Wk End', 'Y', 10, -1, 'O', 'N'),
(22, 2, '2013-12-02', '2013-12-03', 'Week Days', 'Y', 40, 0, 'O', 'N'),
(23, 2, '2013-12-07', '2013-12-08', 'Wk End', 'Y', 40, 0, 'O', 'N'),
(24, 2, '2013-12-09', '2013-12-10', 'Week Days', 'Y', 40, 1, 'O', 'N'),
(25, 2, '2013-12-16', '2013-12-17', 'Week Days', 'Y', 40, 0, 'O', 'N'),
(26, 3, '2014-02-01', '2014-02-02', 'Wk End', 'Y', 40, 0, 'C', 'Y'),
(27, 3, '2014-03-01', '2014-03-02', 'Wk End', 'Y', 40, 0, 'C', 'Y'),
(28, 2, '2014-03-10', '2014-03-11', 'Week Days', 'Y', 40, -3, 'C', 'Y'),
(29, 3, '2014-02-10', '2014-02-11', 'Week Days', 'Y', 38, 0, 'C', 'Y'),
(30, 2, '2014-01-11', '2014-01-12', 'Wk End', 'Y', 31, 1, 'O', 'N'),
(31, 2, '2014-01-13', '2014-01-14', 'Week Days', 'Y', 36, 3, 'O', 'N'),
(32, 3, '2014-02-15', '2014-02-16', 'Wk End', 'Y', 39, 0, 'C', 'Y'),
(33, 2, '2014-03-15', '2014-03-16', 'Wk End', 'Y', 40, 26, 'C', 'Y'),
(34, 3, '2014-02-17', '2014-02-18', 'Week Days', 'Y', 40, 0, 'C', 'Y'),
(35, 2, '2014-03-17', '2014-03-18', 'Week Days', 'Y', 39, 20, 'C', 'Y'),
(36, 3, '2014-01-18', '2014-01-19', 'Wk End', 'Y', 40, 0, 'C', 'Y'),
(37, 3, '2014-01-20', '2014-01-21', 'Week Days', 'Y', 36, 0, 'C', 'Y'),
(38, 3, '2014-02-22', '2014-02-23', 'Wk End', 'Y', 35, 0, 'C', 'Y'),
(39, 2, '2014-03-22', '2014-03-23', 'Wk End', 'Y', 40, 40, 'C', 'Y'),
(40, 3, '2014-02-24', '2014-02-25', 'Week Days', 'Y', 39, 0, 'C', 'Y'),
(41, 2, '2014-03-24', '2014-03-25', 'Week Days', 'Y', 40, 15, 'C', 'Y'),
(42, 2, '2014-01-25', '2014-01-26', 'Wk End', 'Y', 34, 5, 'O', 'N'),
(43, 2, '2014-01-27', '2014-01-28', 'Week Days', 'Y', 38, 2, 'O', 'N'),
(44, 3, '2014-02-03', '2014-02-04', 'Week Days', 'Y', 40, 0, 'C', 'Y'),
(45, 3, '2014-03-03', '2014-03-04', 'Week Days', 'Y', 40, 0, 'C', 'Y'),
(46, 2, '2013-12-30', '2013-12-31', 'Week Days', 'Y', 10, 0, 'C', 'N'),
(47, 2, '2014-03-31', '2014-04-01', 'Week Days', 'Y', 40, 21, 'C', 'Y'),
(48, 2, '2014-01-04', '2014-01-05', 'Wk End', 'Y', 36, 9, 'O', 'N'),
(49, 2, '2014-01-06', '2014-01-07', 'Week Days', 'Y', 33, 5, 'O', 'N'),
(50, 2, '2014-03-08', '2014-03-09', 'Wk End', 'Y', 40, 0, 'O', 'N'),
(51, 3, '2014-02-08', '2014-02-09', 'Wk End', 'Y', 36, 27, 'C', 'Y'),
(52, 3, '2014-01-12', '2014-01-12', 'Wk End', 'Y', 10, 10, 'C', 'N'),
(53, 3, '2014-01-26', '2014-01-26', 'Wk End', 'Y', 10, 10, 'C', 'Y'),
(54, 2, '2014-02-09', '2014-02-09', 'Wk End', 'Y', 10, 0, 'C', 'N'),
(55, 2, '2014-02-23', '2014-02-23', 'Wk End', 'Y', 10, 0, 'C', 'Y'),
(56, 3, '2014-03-16', '2014-03-16', 'Wk End', 'Y', 10, 1, 'C', 'Y'),
(57, 3, '2014-03-30', '2014-03-30', 'Wk End', 'Y', 10, 0, 'C', 'Y'),
(58, 2, '2014-04-14', '2014-04-15', 'Week Days', 'Y', 40, 25, 'C', 'Y'),
(59, 2, '2014-04-28', '2014-04-29', 'Week Days', 'Y', 40, 27, 'C', 'Y'),
(60, 2, '2014-04-12', '2014-04-13', 'Wk End', 'Y', 40, 37, 'C', 'Y'),
(61, 2, '2014-04-19', '2014-04-20', 'Wk End', 'Y', 40, 38, 'C', 'Y'),
(62, 2, '2014-04-26', '2014-04-27', 'Wk End', 'Y', 40, 28, 'C', 'Y'),
(63, 2, '2014-05-12', '2014-05-13', 'Week Days', 'Y', 40, 26, 'C', 'Y'),
(64, 2, '2014-05-26', '2014-05-27', 'Week Days', 'Y', 40, 32, 'C', 'Y'),
(65, 2, '2014-05-03', '2014-05-04', 'Wk End', 'Y', 40, 23, 'C', 'Y'),
(66, 2, '2014-05-17', '2014-05-18', 'Wk End', 'Y', 40, 28, 'C', 'Y'),
(67, 2, '2014-05-24', '2014-05-25', 'Wk End', 'Y', 22, 20, 'C', 'Y'),
(68, 2, '2014-05-31', '2014-06-01', 'Wk End', 'Y', 40, 21, 'C', 'Y'),
(69, 2, '2014-06-09', '2014-06-10', 'Week Days', 'Y', 40, 28, 'C', 'Y'),
(70, 2, '2014-06-16', '2014-06-17', 'Week Days', 'Y', 28, 18, 'C', 'Y'),
(71, 2, '2014-06-23', '2014-06-24', 'Week Days', 'Y', 28, 10, 'C', 'Y'),
(72, 2, '2014-06-07', '2014-06-08', 'Wk End', 'Y', 40, 25, 'C', 'Y'),
(73, 2, '2014-06-14', '2014-06-15', 'Wk End', 'Y', 28, 26, 'C', 'Y'),
(74, 2, '2014-06-21', '2014-06-22', 'Wk End', 'Y', 28, 18, 'C', 'Y'),
(75, 2, '2014-06-28', '2014-06-29', 'Wk End', 'Y', 28, 19, 'C', 'Y'),
(76, 2, '2014-03-29', '2014-03-30', 'Wk End', 'Y', 14, 4, 'C', 'Y'),
(77, 3, '2014-05-25', '2014-05-25', 'Wk End', 'Y', 10, 1, 'C', 'Y'),
(78, 3, '2014-05-11', '2014-05-11', 'Wk End', 'Y', 10, 1, 'C', 'Y'),
(79, 2, '2014-07-05', '2014-07-06', 'Wk End', 'Y', 28, 24, 'C', 'Y'),
(80, 2, '2014-07-19', '2014-07-20', 'Wk End', 'Y', 28, 1, 'C', 'Y'),
(81, 2, '2014-07-26', '2014-07-27', 'Wk End', 'Y', 28, 27, 'C', 'Y'),
(82, 2, '2014-07-07', '2014-07-08', 'Week Days', 'Y', 28, 13, 'C', 'Y'),
(83, 2, '2014-07-21', '2014-07-22', 'Week Days', 'Y', 28, 25, 'C', 'Y'),
(84, 2, '2014-07-21', '2014-07-22', 'Week Days', 'Y', 28, 0, 'C', 'Y'),
(85, 2, '2014-08-02', '2014-08-03', 'Wk End', 'Y', 28, 23, 'C', 'Y'),
(86, 2, '2014-08-09', '2014-08-10', 'Wk End', 'Y', 28, 19, 'C', 'Y'),
(87, 2, '2014-08-16', '2014-08-17', 'Wk End', 'Y', 28, 26, 'C', 'Y'),
(88, 2, '2014-08-30', '2014-08-31', 'Wk End', 'Y', 27, 21, 'C', 'Y'),
(89, 2, '2014-08-11', '2014-08-12', 'Week Days', 'Y', 28, 28, 'C', 'Y'),
(90, 2, '2014-08-25', '2014-08-26', 'Week Days', 'Y', 28, 28, 'C', 'Y'),
(91, 2, '2014-09-06', '2014-09-07', 'Wk End', 'Y', 24, 24, 'C', 'Y'),
(92, 2, '2014-09-13', '2014-09-14', 'Wk End', 'Y', 24, 24, 'C', 'Y'),
(93, 2, '2014-09-27', '2014-09-28', 'Wk End', 'Y', 26, 26, 'C', 'Y'),
(94, 2, '2014-09-08', '2014-09-09', 'Week Days', 'Y', 28, 27, 'C', 'Y'),
(95, 2, '2014-09-22', '2014-09-23', 'Week Days', 'Y', 26, 26, 'C', 'Y'),
(96, 3, '2014-09-21', '2014-09-21', 'Wk End', 'Y', 8, 0, 'C', 'Y'),
(97, 2, '2014-10-06', '2014-10-07', 'Week Days', 'Y', 27, 17, 'C', 'Y'),
(98, 2, '2014-10-20', '2014-10-21', 'Week Days', 'Y', 24, 19, 'C', 'Y'),
(99, 2, '2014-10-04', '2014-10-05', 'Wk End', 'Y', 20, 14, 'C', 'Y'),
(100, 2, '2014-10-11', '2014-10-12', 'Wk End', 'Y', 25, 16, 'C', 'Y'),
(101, 2, '2014-10-25', '2014-10-26', 'Wk End', 'Y', 20, 15, 'C', 'Y'),
(102, 2, '2014-11-03', '2014-11-04', 'Week Days', 'Y', 13, 13, 'C', 'Y'),
(103, 2, '2014-11-24', '2014-11-25', 'Week Days', 'Y', 28, 0, 'C', 'N'),
(104, 2, '2014-11-01', '2014-11-02', 'Wk End', 'Y', 23, 23, 'C', 'Y'),
(105, 2, '2014-11-08', '2014-11-09', 'Wk End', 'Y', 15, 14, 'C', 'Y'),
(106, 2, '2014-11-15', '2014-11-16', 'Wk End', 'Y', 16, 7, 'C', 'Y'),
(107, 2, '2014-11-29', '2014-11-30', 'Wk End', 'Y', 28, 28, 'C', 'Y'),
(108, 2, '2014-12-08', '2014-12-09', 'Week Days', 'Y', 23, 23, 'C', 'Y'),
(109, 2, '2014-12-22', '2014-12-23', 'Week Days', 'Y', 27, 27, 'C', 'Y'),
(110, 2, '2014-12-06', '2014-12-07', 'Wk End', 'Y', 12, 12, 'C', 'Y'),
(111, 2, '2014-12-13', '2014-12-14', 'Wk End', 'Y', 23, 13, 'C', 'Y'),
(112, 2, '2014-12-27', '2014-12-28', 'Wk End', 'Y', 28, 23, 'C', 'Y'),
(113, 3, '2014-09-21', '2014-09-21', 'Wk End', 'Y', 8, 0, 'C', 'N'),
(114, 3, '2014-09-28', '2014-09-28', 'Wk End', 'Y', 8, 0, 'C', 'N'),
(115, 3, '2014-10-12', '2014-10-12', 'Wk End', 'Y', 8, 0, 'C', 'Y'),
(116, 3, '2014-10-19', '2014-10-19', 'Wk End', 'Y', 8, 0, 'C', 'N'),
(117, 3, '2014-10-26', '2014-10-26', 'Wk End', 'Y', 6, 5, 'C', 'Y'),
(118, 3, '2014-10-19', '2014-10-19', 'Wk End', 'Y', 6, 0, 'C', 'Y'),
(119, 3, '2014-12-21', '2014-12-21', 'Wk End', 'Y', 6, 3, 'C', 'Y'),
(120, 2, '2015-01-03', '2015-01-04', 'Wk End', 'Y', 28, 11, 'C', 'Y'),
(121, 2, '2015-01-10', '2015-01-11', 'Wk End', 'Y', 15, 11, 'C', 'Y'),
(122, 2, '2015-01-17', '2015-01-18', 'Wk End', 'Y', 28, 20, 'C', 'Y'),
(123, 2, '2015-01-31', '2015-02-01', 'Wk End', 'Y', 22, 23, 'C', 'Y'),
(124, 2, '2015-01-05', '2015-01-06', 'Week Days', 'Y', 13, 13, 'C', 'Y'),
(125, 2, '2015-01-19', '2015-01-20', 'Week Days', 'Y', 27, 26, 'C', 'Y'),
(126, 2, '2015-02-07', '2015-02-08', 'Wk End', 'Y', 26, 14, 'C', 'Y'),
(127, 2, '2015-02-14', '2015-02-15', 'Wk End', 'Y', 28, 0, 'C', 'Y'),
(128, 2, '2015-02-28', '2015-03-01', 'Wk End', 'Y', 28, 13, 'C', 'Y'),
(129, 2, '2015-02-09', '2015-02-10', 'Week Days', 'Y', 22, 22, 'C', 'Y'),
(130, 2, '2015-02-23', '2015-02-24', 'Week Days', 'Y', 13, 13, 'C', 'Y'),
(131, 2, '2015-03-07', '2015-03-08', 'Wk End', 'Y', 22, 14, 'C', 'Y'),
(132, 2, '2015-03-14', '2015-03-15', 'Wk End', 'Y', 20, 20, 'C', 'Y'),
(133, 2, '2015-03-28', '2015-03-29', 'Wk End', 'Y', 21, 21, 'C', 'Y'),
(134, 2, '2015-03-09', '2015-03-10', 'Week Days', 'Y', 28, 20, 'C', 'Y'),
(135, 2, '2015-03-23', '2015-03-24', 'Week Days', 'Y', 25, 15, 'C', 'Y'),
(136, 2, '2015-04-04', '2015-04-05', 'Wk End', 'Y', 25, 3, 'C', 'Y'),
(137, 2, '2015-04-11', '2015-04-12', 'Wk End', 'Y', 26, 19, 'C', 'Y'),
(138, 2, '2015-04-25', '2015-04-26', 'Wk End', 'Y', 26, 26, 'C', 'Y'),
(139, 2, '2015-04-06', '2015-04-07', 'Week Days', 'Y', 25, 20, 'C', 'Y'),
(140, 2, '2015-04-20', '2015-04-21', 'Week Days', 'Y', 17, 17, 'C', 'Y'),
(141, 2, '2015-05-02', '2015-05-03', 'Wk End', 'Y', 4, 1, 'C', 'Y'),
(142, 2, '2015-05-09', '2015-05-10', 'Wk End', 'Y', 14, 14, 'C', 'Y'),
(143, 2, '2015-05-16', '2015-05-17', 'Wk End', 'Y', 28, 27, 'C', 'Y'),
(144, 2, '2015-05-30', '2015-05-31', 'Wk End', 'Y', 25, 25, 'C', 'Y'),
(145, 2, '2015-05-04', '2015-05-05', 'Week Days', 'Y', 14, 12, 'C', 'Y'),
(146, 2, '2015-05-18', '2015-05-19', 'Week Days', 'Y', 22, 22, 'C', 'Y'),
(147, 2, '2015-06-06', '2015-06-07', 'Wk End', 'Y', 28, 28, 'C', 'Y'),
(148, 2, '2015-06-13', '2015-06-14', 'Wk End', 'Y', 27, 27, 'C', 'Y'),
(149, 2, '2015-06-27', '2015-06-28', 'Wk End', 'Y', 13, 13, 'C', 'Y'),
(150, 2, '2015-06-08', '2015-06-09', 'Week Days', 'Y', 25, 25, 'C', 'Y'),
(151, 2, '2015-06-22', '2015-06-23', 'Week Days', 'Y', 26, 26, 'C', 'Y'),
(152, 2, '2015-08-01', '2015-08-02', 'Wk End', 'Y', 16, 16, 'C', 'Y'),
(153, 2, '2015-07-04', '2015-07-05', 'Wk End', 'Y', 25, 25, 'C', 'Y'),
(154, 2, '2015-07-11', '2015-07-12', 'Wk End', 'Y', 20, 17, 'C', 'Y'),
(155, 2, '2015-07-18', '2015-07-19', 'Wk End', 'Y', 11, 11, 'C', 'Y'),
(156, 2, '2015-07-06', '2015-07-07', 'Week Days', 'Y', 11, 11, 'C', 'Y'),
(157, 2, '2015-07-20', '2015-07-21', 'Week Days', 'Y', 20, 21, 'C', 'Y'),
(158, 2, '2015-08-15', '2015-08-16', 'Wk End', 'Y', 19, 19, 'C', 'Y'),
(159, 2, '2015-08-29', '2015-08-30', 'Wk End', 'Y', 20, 20, 'C', 'Y'),
(160, 2, '2015-08-03', '2015-08-04', 'Week Days', 'Y', 19, 19, 'C', 'Y'),
(161, 2, '2015-08-17', '2015-08-18', 'Week Days', 'Y', 16, 16, 'C', 'Y'),
(162, 2, '2015-09-05', '2015-09-06', 'Wk End', 'Y', 15, 15, 'C', 'Y'),
(163, 2, '2015-09-12', '2015-09-13', 'Wk End', 'Y', 4, 1, 'C', 'Y'),
(164, 2, '2015-09-26', '2015-09-27', 'Wk End', 'Y', 4, 4, 'C', 'Y'),
(165, 2, '2015-09-07', '2015-09-08', 'Week Days', 'Y', 13, 13, 'C', 'Y'),
(166, 2, '2015-09-21', '2015-09-22', 'Week Days', 'Y', 18, 11, 'C', 'Y'),
(167, 2, '2015-10-03', '2015-10-04', 'Wk End', 'N', 1, 1, 'C', 'Y'),
(168, 2, '2015-10-17', '2015-10-18', 'Wk End', 'Y', 2, 2, 'C', 'Y'),
(169, 2, '2015-10-31', '2015-11-01', 'Wk End', 'Y', 3, 3, 'C', 'Y'),
(170, 2, '2015-10-05', '2015-10-06', 'Week Days', 'Y', 28, 0, 'C', 'N'),
(171, 2, '2015-11-07', '2015-11-08', 'Wk End', 'Y', 0, 0, 'C', 'Y'),
(172, 2, '2015-11-14', '2015-11-15', 'Wk End', 'Y', 7, 7, 'C', 'Y'),
(173, 2, '2015-11-28', '2015-11-29', 'Wk End', 'Y', 8, 8, 'C', 'Y'),
(174, 2, '2015-11-09', '2015-11-10', 'Week Days', 'Y', 8, 8, 'C', 'Y'),
(175, 2, '2015-11-23', '2015-11-24', 'Week Days', 'Y', 5, 5, 'C', 'Y'),
(176, 2, '2015-12-05', '2015-12-06', 'Wk End', 'Y', 0, 0, 'C', 'Y'),
(177, 2, '2015-12-12', '2015-12-13', 'Wk End', 'Y', 9, 9, 'C', 'Y'),
(178, 2, '2015-12-12', '2015-12-13', 'Wk End', 'N', 28, 0, 'C', 'Y'),
(179, 2, '2015-12-26', '2015-12-27', 'Wk End', 'Y', 8, 8, 'C', 'Y'),
(180, 2, '2015-12-07', '2015-12-08', 'Week Days', 'Y', 8, 8, 'C', 'Y'),
(181, 2, '2015-12-07', '2015-12-08', 'Week Days', 'Y', 0, 0, 'C', 'Y'),
(182, 2, '2015-12-21', '2015-12-22', 'Week Days', 'Y', 8, 8, 'C', 'Y'),
(183, 2, '2015-10-10', '2015-10-11', 'Wk End', 'Y', 28, 0, 'C', 'Y'),
(184, 3, '2015-09-21', '2015-09-21', 'Week Days', 'Y', 1, 0, 'C', 'N'),
(185, 3, '2015-09-19', '2015-09-20', 'Wk End', 'Y', 1, 0, 'C', 'N'),
(186, 2, '2015-10-26', '2015-10-27', 'Week Days', 'Y', 8, 8, 'C', 'Y'),
(187, 3, '2015-09-24', '2015-09-24', 'Week Days', 'N', 0, 0, 'C', 'N'),
(188, 3, '2015-10-23', '2015-10-23', 'Week Days', 'Y', 6, 0, 'O', 'N'),
(189, 3, '2015-10-25', '2015-10-25', 'Wk End', 'Y', 6, 0, 'O', 'N'),
(190, 2, '2015-10-26', '2015-10-27', 'Week Days', 'Y', 0, 0, 'C', 'Y'),
(191, 2, '2015-10-26', '2015-10-27', 'Week Days', 'Y', 0, 0, 'C', 'Y'),
(192, 2, '2016-01-04', '2016-01-06', 'Week Days', 'Y', 16, 16, 'C', 'Y'),
(193, 2, '2016-01-02', '2016-01-03', 'Wk End', 'Y', 17, 11, 'C', 'Y'),
(194, 2, '2016-01-23', '2016-01-24', 'Wk End', 'Y', 17, 15, 'C', 'Y'),
(195, 2, '2016-01-04', '2016-01-06', 'Week Days', 'Y', 4, 4, 'C', 'Y'),
(196, 2, '2016-02-13', '2016-02-14', 'Wk End', 'Y', 17, 17, 'C', 'Y'),
(197, 2, '2016-02-27', '2016-02-28', 'Wk End', 'Y', 20, 10, 'O', 'N'),
(198, 2, '2016-02-01', '2016-02-03', 'Week Days', 'Y', 17, 17, 'O', 'N'),
(199, 2, '2016-02-22', '2016-02-24', 'Week Days', 'Y', 20, 8, 'O', 'N'),
(200, 2, '2016-03-12', '2016-03-13', 'Wk End', 'Y', 7, 7, 'C', 'Y'),
(201, 2, '2016-03-26', '2016-03-27', 'Wk End', 'Y', 2, 2, 'C', 'Y'),
(202, 2, '2016-03-07', '2016-03-09', 'Week Days', 'N', 2, 2, 'C', 'Y'),
(203, 2, '2016-03-21', '2016-03-23', 'Week Days', 'Y', 7, 7, 'C', 'Y'),
(204, 2, '2016-01-18', '2016-01-20', 'Week Days', 'Y', 23, 23, 'C', 'Y'),
(205, 3, '2015-12-05', '2015-12-05', 'Wk End', 'Y', 10, 0, 'O', 'N'),
(206, 3, '2015-12-12', '2015-12-12', 'Wk End', 'Y', 10, 0, 'C', 'Y'),
(207, 3, '2016-02-14', '2016-02-14', 'Wk End', 'Y', 12, 0, 'O', 'N'),
(208, 3, '2016-01-17', '2016-01-17', 'Wk End', 'Y', 10, 0, 'C', 'Y'),
(209, 3, '2016-02-28', '2016-02-28', 'Wk End', 'Y', 12, 0, 'O', 'N'),
(210, 3, '2016-03-12', '2016-03-12', 'Wk End', 'Y', 12, 2, 'C', 'Y'),
(211, 2, '2016-04-09', '2016-04-10', 'Wk End', 'Y', 9, 8, 'C', 'Y'),
(212, 2, '2016-04-18', '2016-04-20', 'Week Days', 'Y', 10, 10, 'C', 'Y'),
(213, 2, '2016-05-14', '2016-05-15', 'Wk End', 'Y', 10, 8, 'C', 'Y'),
(214, 2, '2016-05-23', '2016-05-25', 'Week Days', 'Y', 11, 11, 'C', 'Y'),
(215, 2, '2016-06-04', '2016-06-05', 'Wk End', 'Y', 19, 19, 'C', 'Y'),
(216, 2, '2016-06-20', '2016-06-22', 'Week Days', 'Y', 19, 19, 'C', 'Y'),
(217, 2, '2016-07-04', '2016-07-06', 'Week Days', 'Y', 21, 21, 'C', 'Y'),
(218, 2, '2016-07-23', '2016-07-24', 'Wk End', 'Y', 19, 19, 'C', 'Y'),
(219, 2, '2016-08-15', '2016-08-17', 'Week Days', 'Y', 20, 17, 'C', 'Y'),
(220, 2, '2016-08-27', '2016-08-28', 'Wk End', 'Y', 23, 23, 'C', 'Y'),
(221, 2, '2016-09-12', '2016-09-14', 'Week Days', 'Y', 20, 20, 'C', 'Y'),
(222, 2, '2016-09-24', '2016-09-25', 'Wk End', 'Y', 24, 24, 'C', 'Y'),
(223, 2, '2016-10-08', '2016-10-09', 'Wk End', 'Y', 20, 20, 'C', 'Y'),
(224, 2, '2016-10-17', '2016-10-19', 'Week Days', 'Y', 17, 17, 'C', 'Y'),
(225, 2, '2016-11-12', '2016-11-13', 'Wk End', 'Y', 18, 18, 'C', 'Y'),
(226, 2, '2016-11-21', '2016-11-23', 'Week Days', 'Y', 21, 21, 'C', 'Y'),
(227, 2, '2016-12-05', '2016-12-07', 'Week Days', 'Y', 17, 17, 'C', 'Y'),
(228, 2, '2016-12-10', '2016-12-11', 'Wk End', 'Y', 24, 24, 'C', 'Y'),
(229, 3, '2016-11-06', '2016-11-06', 'Wk End', 'Y', 2, 0, 'C', 'Y'),
(230, 3, '2016-12-04', '2016-12-04', 'Wk End', 'Y', 10, 2, 'C', 'Y'),
(231, 2, '2017-01-14', '2017-01-15', 'Wk End', 'Y', 13, 12, 'C', 'Y'),
(232, 2, '2017-01-23', '2017-01-25', 'Week Days', 'Y', 20, 20, 'C', 'Y'),
(233, 2, '2016-11-26', '2016-11-27', 'Wk End', 'Y', 17, 18, 'C', 'Y'),
(234, 2, '2017-02-04', '2017-02-05', 'Wk End', 'Y', 17, 17, 'C', 'Y'),
(235, 2, '2017-02-20', '2017-02-22', 'Week Days', 'Y', 16, 16, 'C', 'Y'),
(236, 2, '2017-02-18', '2017-02-19', 'Wk End', 'Y', 19, 19, 'C', 'Y'),
(237, 2, '2017-03-11', '2017-03-18', 'Wk End', 'Y', 14, 14, 'C', 'Y'),
(238, 2, '2017-03-20', '2017-03-22', 'Week Days', 'Y', 17, 18, 'C', 'Y'),
(239, 2, '2017-03-25', '2017-04-01', 'Wk End', 'Y', 5, 5, 'C', 'Y'),
(240, 2, '2017-04-03', '2017-04-05', 'Week Days', 'Y', 15, 14, 'C', 'Y'),
(241, 2, '2017-04-15', '2017-04-22', 'Wk End', 'Y', 31, 22, 'C', 'Y'),
(242, 2, '2017-05-08', '2017-05-10', 'Week Days', 'Y', 19, 9, 'C', 'Y'),
(243, 2, '2017-05-20', '2017-05-27', 'Wk End', 'Y', 19, 11, 'C', 'Y'),
(244, 2, '2017-06-03', '2017-06-10', 'Wk End', 'Y', 20, 3, 'C', 'Y'),
(245, 2, '2017-06-19', '2017-06-21', 'Week Days', 'Y', 6, 6, 'C', 'Y'),
(246, 2, '2017-07-08', '2017-07-15', 'Wk End', 'Y', 9, 9, 'C', 'Y'),
(247, 2, '2017-07-24', '2017-07-26', 'Week Days', 'Y', 5, 5, 'C', 'Y'),
(248, 2, '2017-08-05', '2017-08-12', 'Wk End', 'Y', 4, 4, 'C', 'Y'),
(249, 2, '2017-08-21', '2017-08-23', 'Week Days', 'Y', 2, 2, 'C', 'Y'),
(250, 2, '2017-09-09', '2017-09-16', 'Wk End', 'Y', 20, 0, 'C', 'Y'),
(251, 2, '2017-09-25', '2017-09-27', 'Week Days', 'Y', 20, 4, 'C', 'Y'),
(252, 2, '2017-10-07', '2017-10-14', 'Wk End', 'Y', 20, 3, 'C', 'Y'),
(253, 2, '2017-10-23', '2017-10-25', 'Week Days', 'Y', 1, 0, 'C', 'Y'),
(254, 2, '2017-11-04', '2017-11-11', 'Wk End', 'Y', 1, 0, 'C', 'Y'),
(255, 2, '2017-11-20', '2017-11-22', 'Week Days', 'Y', 4, 4, 'C', 'Y'),
(256, 2, '2017-12-02', '2017-12-09', 'Wk End', 'Y', 0, 0, 'C', 'Y'),
(257, 2, '2017-12-18', '2017-12-20', 'Week Days', 'Y', 20, 3, 'C', 'Y'),
(258, 2, '2017-11-11', '2017-11-18', 'Wk End', 'Y', 2, 2, 'C', 'Y'),
(259, 2, '2017-12-09', '2017-12-16', 'Wk End', 'Y', 2, 2, 'C', 'Y'),
(260, 2, '2018-01-13', '2018-01-20', 'Wk End', 'Y', 20, 1, 'C', 'Y'),
(261, 2, '2018-01-29', '2018-01-31', 'Week Days', 'Y', 20, 3, 'C', 'Y'),
(262, 2, '2018-02-03', '2018-02-10', 'Wk End', 'Y', 20, 7, 'C', 'Y'),
(263, 2, '2018-02-26', '2018-02-28', 'Week Days', 'Y', 20, 3, 'C', 'Y'),
(264, 2, '2018-04-23', '2018-04-25', 'Week Days', 'Y', 20, 0, 'C', 'Y'),
(265, 2, '2018-05-11', '2018-05-13', 'Wk End', 'Y', 5, 1, 'C', 'Y'),
(266, 2, '2018-07-07', '2018-07-14', 'Wk End', 'Y', 20, 1, 'C', 'Y'),
(267, 2, '2018-07-23', '2018-07-25', 'Week Days', 'Y', 20, 2, 'C', 'Y'),
(268, 2, '2018-06-16', '2018-06-23', 'Wk End', 'Y', 0, 0, 'C', 'Y'),
(269, 2, '2018-08-04', '2018-08-11', 'Wk End', 'Y', 20, 3, 'C', 'Y'),
(270, 2, '2018-08-20', '2018-08-22', 'Week Days', 'Y', 120, 4, 'C', 'Y'),
(271, 2, '2018-08-04', '2018-08-11', 'Wk End', 'Y', 0, 0, 'C', 'Y'),
(272, 2, '2018-09-08', '2018-09-15', 'Wk End', 'Y', 0, 0, 'C', 'Y'),
(273, 2, '2018-09-24', '2018-09-26', 'Week Days', 'Y', 20, 0, 'C', 'Y'),
(274, 2, '2018-10-06', '2018-10-13', 'Wk End', 'Y', 20, 1, 'C', 'Y'),
(275, 2, '2018-10-22', '2018-10-24', 'Week Days', 'Y', 20, 4, 'C', 'Y'),
(276, 2, '2018-11-10', '2018-11-17', 'Wk End', 'Y', 20, 1, 'C', 'Y'),
(277, 2, '2018-11-26', '2018-11-28', 'Week Days', 'Y', 20, 6, 'C', 'Y'),
(278, 2, '2018-12-08', '2018-12-15', 'Wk End', 'Y', 20, 4, 'C', 'Y'),
(279, 2, '2019-01-05', '2019-01-12', 'Wk End', 'Y', 20, 3, 'C', 'Y'),
(280, 2, '2019-01-28', '2019-01-30', 'Week Days', 'Y', 20, 1, 'C', 'Y'),
(281, 2, '2019-01-23', '2019-01-25', 'Week Days', 'Y', 20, 0, 'C', 'Y'),
(282, 2, '2019-02-09', '2019-02-16', 'Wk End', 'Y', 20, 2, 'C', 'Y'),
(283, 2, '2019-02-25', '2019-02-27', 'Week Days', 'Y', 20, 4, 'C', 'Y'),
(284, 2, '2019-03-09', '2019-03-16', 'Wk End', 'Y', 20, 2, 'C', 'Y'),
(285, 2, '2019-03-25', '2019-03-27', 'Week Days', 'Y', 20, 5, 'C', 'Y'),
(286, 2, '2019-04-06', '2019-04-13', 'Wk End', 'Y', 20, 1, 'C', 'Y'),
(287, 2, '2019-04-22', '2019-04-24', 'Week Days', 'Y', 0, 0, 'C', 'Y'),
(288, 2, '2019-05-11', '2019-05-18', 'Wk End', 'Y', 20, 1, 'C', 'Y'),
(289, 2, '2019-05-27', '2019-05-29', 'Week Days', 'Y', 20, 3, 'C', 'Y'),
(290, 2, '2019-06-08', '2019-06-15', 'Wk End', 'Y', 20, 5, 'C', 'Y'),
(291, 2, '2019-06-24', '2019-06-26', 'Week Days', 'Y', 20, 2, 'C', 'Y'),
(292, 2, '2019-07-06', '2019-07-13', 'Wk End', 'Y', 20, 2, 'C', 'Y'),
(293, 2, '2019-07-22', '2019-07-24', 'Week Days', 'Y', 20, 1, 'C', 'Y'),
(294, 2, '2019-08-03', '2019-08-10', 'Wk End', 'Y', 20, 2, 'C', 'Y'),
(295, 2, '2019-08-19', '2019-08-21', 'Week Days', 'Y', 20, 4, 'C', 'Y'),
(296, 2, '2019-09-07', '2019-09-14', 'Wk End', 'Y', 20, 1, 'C', 'Y'),
(297, 2, '2019-09-23', '2019-09-25', 'Week Days', 'Y', 20, 1, 'C', 'Y'),
(298, 2, '2019-10-05', '2019-10-12', 'Wk End', 'Y', 20, 2, 'O', 'Y'),
(299, 2, '2019-10-21', '2019-10-23', 'Week Days', 'Y', 20, 0, 'O', 'Y'),
(300, 2, '0000-00-00', '0000-00-00', 'Week Days', 'Y', 6, 0, 'O', 'Y'),
(301, 3, '2020-06-14', '2020-06-15', 'Week Days', 'Y', 6, 0, 'O', 'Y'),
(302, 2, '2020-07-12', '2020-07-14', 'Week Days', 'Y', 6, 0, 'O', 'N'),
(303, 2, '0000-00-00', '0000-00-00', 'Wk End', 'N', 0, 0, 'O', 'Y');

--
-- Indexes for dumped tables
--

--
-- Indexes for table `booking_details`
--
ALTER TABLE `booking_details`
  ADD PRIMARY KEY (`booking_id`);

--
-- Indexes for table `booking_details1`
--
ALTER TABLE `booking_details1`
  ADD PRIMARY KEY (`booking_id`);

--
-- Indexes for table `course`
--
ALTER TABLE `course`
  ADD PRIMARY KEY (`course_id`);

--
-- Indexes for table `cruise_details`
--
ALTER TABLE `cruise_details`
  ADD PRIMARY KEY (`id`);

--
-- Indexes for table `faq`
--
ALTER TABLE `faq`
  ADD PRIMARY KEY (`id`);

--
-- Indexes for table `group_members`
--
ALTER TABLE `group_members`
  ADD PRIMARY KEY (`id`);

--
-- Indexes for table `no_date_refresher`
--
ALTER TABLE `no_date_refresher`
  ADD PRIMARY KEY (`id`);

--
-- Indexes for table `ppcdl_forms`
--
ALTER TABLE `ppcdl_forms`
  ADD PRIMARY KEY (`id`);

--
-- Indexes for table `refresher_start_time`
--
ALTER TABLE `refresher_start_time`
  ADD PRIMARY KEY (`id`);

--
-- Indexes for table `refresher_training`
--
ALTER TABLE `refresher_training`
  ADD PRIMARY KEY (`refresher_training_id`);

--
-- Indexes for table `refresher_training_schedules`
--
ALTER TABLE `refresher_training_schedules`
  ADD PRIMARY KEY (`booking_id`);

--
-- Indexes for table `training_schedules`
--
ALTER TABLE `training_schedules`
  ADD PRIMARY KEY (`course_training_id`);

--
-- AUTO_INCREMENT for dumped tables
--

--
-- AUTO_INCREMENT for table `booking_details`
--
ALTER TABLE `booking_details`
  MODIFY `booking_id` int(11) NOT NULL AUTO_INCREMENT, AUTO_INCREMENT=8967506;

--
-- AUTO_INCREMENT for table `booking_details1`
--
ALTER TABLE `booking_details1`
  MODIFY `booking_id` int(11) NOT NULL AUTO_INCREMENT;

--
-- AUTO_INCREMENT for table `course`
--
ALTER TABLE `course`
  MODIFY `course_id` int(11) NOT NULL AUTO_INCREMENT, AUTO_INCREMENT=4;

--
-- AUTO_INCREMENT for table `cruise_details`
--
ALTER TABLE `cruise_details`
  MODIFY `id` int(11) NOT NULL AUTO_INCREMENT, AUTO_INCREMENT=63;

--
-- AUTO_INCREMENT for table `faq`
--
ALTER TABLE `faq`
  MODIFY `id` int(11) NOT NULL AUTO_INCREMENT, AUTO_INCREMENT=16;

--
-- AUTO_INCREMENT for table `group_members`
--
ALTER TABLE `group_members`
  MODIFY `id` int(11) NOT NULL AUTO_INCREMENT, AUTO_INCREMENT=100;

--
-- AUTO_INCREMENT for table `no_date_refresher`
--
ALTER TABLE `no_date_refresher`
  MODIFY `id` int(11) NOT NULL AUTO_INCREMENT, AUTO_INCREMENT=89;

--
-- AUTO_INCREMENT for table `ppcdl_forms`
--
ALTER TABLE `ppcdl_forms`
  MODIFY `id` int(11) NOT NULL AUTO_INCREMENT, AUTO_INCREMENT=3;

--
-- AUTO_INCREMENT for table `refresher_start_time`
--
ALTER TABLE `refresher_start_time`
  MODIFY `id` int(11) NOT NULL AUTO_INCREMENT, AUTO_INCREMENT=10;

--
-- AUTO_INCREMENT for table `refresher_training`
--
ALTER TABLE `refresher_training`
  MODIFY `refresher_training_id` int(11) NOT NULL AUTO_INCREMENT, AUTO_INCREMENT=131;

--
-- AUTO_INCREMENT for table `refresher_training_schedules`
--
ALTER TABLE `refresher_training_schedules`
  MODIFY `booking_id` int(11) NOT NULL AUTO_INCREMENT, AUTO_INCREMENT=4246;

--
-- AUTO_INCREMENT for table `training_schedules`
--
ALTER TABLE `training_schedules`
  MODIFY `course_training_id` int(11) NOT NULL AUTO_INCREMENT, AUTO_INCREMENT=304;
COMMIT;

/*!40101 SET CHARACTER_SET_CLIENT=@OLD_CHARACTER_SET_CLIENT */;
/*!40101 SET CHARACTER_SET_RESULTS=@OLD_CHARACTER_SET_RESULTS */;
/*!40101 SET COLLATION_CONNECTION=@OLD_COLLATION_CONNECTION */;
